{
  "type": "FeatureCollection",
  "generator": "overpass-turbo",
  "copyright": "The data included in this document is from www.openstreetmap.org. The data is made available under ODbL.",
  "timestamp": "2026-06-29T12:04:01Z",
  "features": [
    {
      "type": "Feature",
      "properties": {
        "@id": "way/72029207",
        "addr:housenumber": "15",
        "building": "hotel",
        "building:levels": "5",
        "name": "Моряк",
        "name:en": "Moriak",
        "name:ru": "Моряк",
        "name:uk": "Моряк",
        "tourism": "hotel",
        "@geometry": "center"
      },
      "geometry": {
        "type": "Point",
        "coordinates": [
          30.6570008,
          46.3047577
        ]
      },
      "id": "way/72029207"
    },
    {
      "type": "Feature",
      "properties": {
        "@id": "way/98701484",
        "amenity": "restaurant",
        "building": "yes",
        "cuisine": "georgian",
        "name": "Сакартвело",
        "name:en": "Sakartvelo",
        "name:ru": "Сакартвело",
        "name:uk": "Сакартвело",
        "@geometry": "center"
      },
      "geometry": {
        "type": "Point",
        "coordinates": [
          30.6109025,
          46.5098428
        ]
      },
      "id": "way/98701484"
    },
    {
      "type": "Feature",
      "properties": {
        "@id": "way/103558250",
        "barrier": "fence",
        "name": "Радуга",
        "name:uk": "Радуга",
        "tourism": "hotel",
        "@geometry": "center"
      },
      "geometry": {
        "type": "Point",
        "coordinates": [
          30.4973361,
          46.1038742
        ]
      },
      "id": "way/103558250"
    },
    {
      "type": "Feature",
      "properties": {
        "@id": "way/110896075",
        "addr:housenumber": "24",
        "addr:postcode": "65009",
        "addr:street": "Генуезька вулиця",
        "building": "hotel",
        "building:levels": "5",
        "name": "Готель \"Аркадія\"",
        "name:ru": "Отель \"Аркадия\"",
        "name:uk": "Готель \"Аркадія\"",
        "tourism": "hotel",
        "@geometry": "center"
      },
      "geometry": {
        "type": "Point",
        "coordinates": [
          30.7570391,
          46.4374358
        ]
      },
      "id": "way/110896075"
    },
    {
      "type": "Feature",
      "properties": {
        "@id": "way/110896086",
        "addr:housenumber": "24а",
        "addr:postcode": "65009",
        "addr:street": "Генуезька вулиця",
        "building": "hotel",
        "building:levels": "14",
        "name": "Готель \"Атлантік\"",
        "name:en": "Atlantic Hotel Garden Resort",
        "name:ru": "Отель Атланик",
        "name:uk": "Готель \"Атлантік\"",
        "note": "В здании два заведения Отель Атлантик и Ночной клуб Атлантик",
        "operator": "ООО \"Твердый\"",
        "smoking": "yes",
        "tourism": "hotel",
        "wheelchair": "yes",
        "@geometry": "center"
      },
      "geometry": {
        "type": "Point",
        "coordinates": [
          30.7574843,
          46.4369192
        ]
      },
      "id": "way/110896086"
    },
    {
      "type": "Feature",
      "properties": {
        "@id": "way/114672041",
        "addr:housenumber": "24а/1",
        "addr:postcode": "65009",
        "addr:street": "Генуезька вулиця",
        "amenity": "cafe",
        "building": "yes",
        "building:levels": "2",
        "name": "Андижон",
        "name:en": "Andizhon",
        "name:ru": "Андижон",
        "name:uk": "Андижон",
        "opening_hours": "11:00-00:00",
        "@geometry": "center"
      },
      "geometry": {
        "type": "Point",
        "coordinates": [
          30.7582099,
          46.4360196
        ]
      },
      "id": "way/114672041"
    },
    {
      "type": "Feature",
      "properties": {
        "@id": "way/153048311",
        "addr:housenumber": "8/5",
        "addr:postcode": "65058",
        "addr:street": "проспект Шевченка",
        "building": "yes",
        "building:levels": "4",
        "name": "Витязь",
        "name:uk": "Витязь",
        "tourism": "hotel",
        "@geometry": "center"
      },
      "geometry": {
        "type": "Point",
        "coordinates": [
          30.7514785,
          46.4539367
        ]
      },
      "id": "way/153048311"
    },
    {
      "type": "Feature",
      "properties": {
        "@id": "way/154867538",
        "addr:housenumber": "11а",
        "addr:postcode": "65058",
        "addr:street": "Академічна вулиця",
        "amenity": "restaurant",
        "building": "yes",
        "building:levels": "3",
        "cuisine": "international",
        "internet_access": "wlan",
        "name": "Соло",
        "name:en": "Solo",
        "name:uk": "Соло",
        "opening_hours": "08:00-24:00",
        "@geometry": "center"
      },
      "geometry": {
        "type": "Point",
        "coordinates": [
          30.7575486,
          46.4406897
        ]
      },
      "id": "way/154867538"
    },
    {
      "type": "Feature",
      "properties": {
        "@id": "way/156293246",
        "addr:housenumber": "5",
        "addr:postcode": "65009",
        "building": "hotel",
        "building:levels": "6",
        "name": "Готельно-ресторанний комплекс \"Одеса\"",
        "name:ru": "Гостинично-ресторанный комплекс \"Одесса\"",
        "name:uk": "Готельно-ресторанний комплекс \"Одеса\"",
        "tourism": "hotel",
        "@geometry": "center"
      },
      "geometry": {
        "type": "Point",
        "coordinates": [
          30.761843,
          46.433132
        ]
      },
      "id": "way/156293246"
    },
    {
      "type": "Feature",
      "properties": {
        "@id": "way/156342157",
        "addr:housenumber": "11/3",
        "addr:postcode": "65113",
        "addr:street": "проспект Князя Ярослава Мудрого",
        "amenity": "cafe",
        "building": "yes",
        "@geometry": "center"
      },
      "geometry": {
        "type": "Point",
        "coordinates": [
          30.7282261,
          46.3953395
        ]
      },
      "id": "way/156342157"
    },
    {
      "type": "Feature",
      "properties": {
        "@id": "way/159632247",
        "amenity": "restaurant",
        "building": "retail",
        "@geometry": "center"
      },
      "geometry": {
        "type": "Point",
        "coordinates": [
          28.8009133,
          45.3636958
        ]
      },
      "id": "way/159632247"
    },
    {
      "type": "Feature",
      "properties": {
        "@id": "way/159812522",
        "addr:housenumber": "2а",
        "addr:postcode": "65113",
        "addr:street": "проспект Князя Ярослава Мудрого",
        "amenity": "restaurant",
        "building": "yes",
        "cuisine": "chicken",
        "name": "KFC",
        "name:uk": "Mario's",
        "@geometry": "center"
      },
      "geometry": {
        "type": "Point",
        "coordinates": [
          30.7311562,
          46.4000851
        ]
      },
      "id": "way/159812522"
    },
    {
      "type": "Feature",
      "properties": {
        "@id": "way/159812532",
        "addr:housenumber": "18",
        "addr:postcode": "65104",
        "addr:street": "проспект Князя Ярослава Мудрого",
        "air_conditioning": "yes",
        "amenity": "restaurant",
        "building": "yes",
        "cuisine": "regional;italian;japanese",
        "email": "mazzurrr@gmail.com",
        "name": "Щастя",
        "name:uk": "Щастя",
        "opening_hours": "Mo-Su 10:00-24:00",
        "outdoor_seating": "yes",
        "phone": "+380 98 569 4040",
        "website": "https://s4e.com.ua",
        "@geometry": "center"
      },
      "geometry": {
        "type": "Point",
        "coordinates": [
          30.7207201,
          46.3989462
        ]
      },
      "id": "way/159812532"
    },
    {
      "type": "Feature",
      "properties": {
        "@id": "way/159814815",
        "addr:housenumber": "172/3",
        "addr:postcode": "65113",
        "addr:street": "Люстдорфська дорога",
        "amenity": "restaurant",
        "building": "yes",
        "building:levels": "3",
        "name": "Ренессанс",
        "name:en": "Renessans",
        "name:ru": "Ренессанс",
        "name:uk": "Ренессанс",
        "@geometry": "center"
      },
      "geometry": {
        "type": "Point",
        "coordinates": [
          30.7306456,
          46.3951346
        ]
      },
      "id": "way/159814815"
    },
    {
      "type": "Feature",
      "properties": {
        "@id": "way/159831639",
        "addr:housenumber": "28",
        "addr:postcode": "65049",
        "addr:street": "Адміральський проспект",
        "amenity": "cafe",
        "building": "yes",
        "@geometry": "center"
      },
      "geometry": {
        "type": "Point",
        "coordinates": [
          30.7336599,
          46.4373116
        ]
      },
      "id": "way/159831639"
    },
    {
      "type": "Feature",
      "properties": {
        "@id": "way/159840308",
        "amenity": "restaurant",
        "building": "yes",
        "building:levels": "2",
        "cuisine": "pizza",
        "name": "Pomodoro",
        "name:ru": "Помодоро",
        "name:uk": "Pomodoro",
        "@geometry": "center"
      },
      "geometry": {
        "type": "Point",
        "coordinates": [
          30.7274495,
          46.3996432
        ]
      },
      "id": "way/159840308"
    },
    {
      "type": "Feature",
      "properties": {
        "@id": "way/159895857",
        "addr:housenumber": "60/1",
        "addr:postcode": "65114",
        "addr:street": "вулиця Академіка Корольова",
        "amenity": "restaurant",
        "building": "yes",
        "name": "Ресторан бар \"Горячі перці\"",
        "name:en": "Hariachi Pertsi",
        "name:ru": "Ресторан бар \"Горячие перцы\"",
        "name:uk": "Ресторан бар \"Гарячі перці\"",
        "@geometry": "center"
      },
      "geometry": {
        "type": "Point",
        "coordinates": [
          30.7225463,
          46.4009284
        ]
      },
      "id": "way/159895857"
    },
    {
      "type": "Feature",
      "properties": {
        "@id": "way/159947637",
        "addr:housenumber": "54-А",
        "building": "hotel",
        "building:architecture": "functionalism",
        "building:levels": "5",
        "construction_date": "1971",
        "name": "Ізмаїл",
        "name:en": "Izmail",
        "name:ru": "Измаил",
        "name:uk": "Ізмаїл",
        "phone": "+380 4841 24 187",
        "stars": "3",
        "tourism": "hotel",
        "@geometry": "center"
      },
      "geometry": {
        "type": "Point",
        "coordinates": [
          28.8363875,
          45.3478535
        ]
      },
      "id": "way/159947637"
    },
    {
      "type": "Feature",
      "properties": {
        "@id": "way/159968185",
        "addr:housenumber": "2",
        "building": "hotel",
        "building:levels": "2",
        "name": "Bessarabia",
        "name:en": "Bessarabia",
        "roof:levels": "1",
        "tourism": "hotel",
        "wikimedia_commons": "Category:Bessarabia Hotel",
        "@geometry": "center"
      },
      "geometry": {
        "type": "Point",
        "coordinates": [
          28.8331022,
          45.3339756
        ]
      },
      "id": "way/159968185"
    },
    {
      "type": "Feature",
      "properties": {
        "@id": "way/159969402",
        "amenity": "restaurant",
        "building": "commercial",
        "name": "Санта-Барбара",
        "name:en": "Santa-Barbara",
        "name:ru": "Санта-Барбара",
        "name:uk": "Санта-Барбара",
        "@geometry": "center"
      },
      "geometry": {
        "type": "Point",
        "coordinates": [
          30.723053,
          46.4025116
        ]
      },
      "id": "way/159969402"
    },
    {
      "type": "Feature",
      "properties": {
        "@id": "way/160046600",
        "addr:housenumber": "47/4",
        "addr:postcode": "65122",
        "addr:street": "вулиця Сім'ї Глодан",
        "amenity": "restaurant",
        "building": "yes",
        "name": "Форт",
        "name:en": "Fort",
        "name:uk": "Форт",
        "@geometry": "center"
      },
      "geometry": {
        "type": "Point",
        "coordinates": [
          30.7151479,
          46.3867681
        ]
      },
      "id": "way/160046600"
    },
    {
      "type": "Feature",
      "properties": {
        "@id": "way/160046602",
        "addr:housenumber": "49/1",
        "addr:postcode": "65122",
        "addr:street": "вулиця Сім'ї Глодан",
        "amenity": "cafe",
        "building": "yes",
        "name": "Кактус",
        "name:uk": "Кактус",
        "wheelchair": "yes",
        "@geometry": "center"
      },
      "geometry": {
        "type": "Point",
        "coordinates": [
          30.7143023,
          46.3876386
        ]
      },
      "id": "way/160046602"
    },
    {
      "type": "Feature",
      "properties": {
        "@id": "way/160080416",
        "addr:housenumber": "49",
        "building": "yes",
        "name": "Old Town",
        "name:uk": "Old Town",
        "tourism": "hotel",
        "@geometry": "center"
      },
      "geometry": {
        "type": "Point",
        "coordinates": [
          28.832596,
          45.3417813
        ]
      },
      "id": "way/160080416"
    },
    {
      "type": "Feature",
      "properties": {
        "@id": "way/160095713",
        "addr:housenumber": "59",
        "addr:postcode": "65012",
        "addr:street": "Рішельєвська вулиця",
        "building": "hotel",
        "name": "Чорне море",
        "name:ru": "Черное море",
        "name:uk": "Чорне море",
        "tourism": "hotel",
        "wheelchair": "yes",
        "@geometry": "center"
      },
      "geometry": {
        "type": "Point",
        "coordinates": [
          30.7395821,
          46.4715105
        ]
      },
      "id": "way/160095713"
    },
    {
      "type": "Feature",
      "properties": {
        "@id": "way/160105823",
        "addr:housenumber": "1",
        "addr:postcode": "65026",
        "addr:street": "Європейська вулиця",
        "building": "hotel",
        "building:levels": "3",
        "height": "20",
        "name": "City Apartments",
        "name:en": "City Apartments",
        "name:uk": "City Apartments",
        "tourism": "hotel",
        "@geometry": "center"
      },
      "geometry": {
        "type": "Point",
        "coordinates": [
          30.7393955,
          46.4864878
        ]
      },
      "id": "way/160105823"
    },
    {
      "type": "Feature",
      "properties": {
        "@id": "way/160105834",
        "addr:housenumber": "12",
        "addr:postcode": "65026",
        "addr:street": "Воронцовський провулок",
        "building": "yes",
        "building:levels": "3",
        "tourism": "hotel",
        "@geometry": "center"
      },
      "geometry": {
        "type": "Point",
        "coordinates": [
          30.7398514,
          46.4878472
        ]
      },
      "id": "way/160105834"
    },
    {
      "type": "Feature",
      "properties": {
        "@id": "way/160111177",
        "addr:housenumber": "10",
        "addr:postcode": "65026",
        "building": "hotel",
        "building:levels": "4",
        "height": "20",
        "name": "Дюк",
        "name:en": "Ribas Duke Boutique Hotel",
        "name:ru": "Дюк",
        "name:uk": "Дюк",
        "tourism": "hotel",
        "@geometry": "center"
      },
      "geometry": {
        "type": "Point",
        "coordinates": [
          30.7414277,
          46.4860233
        ]
      },
      "id": "way/160111177"
    },
    {
      "type": "Feature",
      "properties": {
        "@id": "way/160116255",
        "addr:housenumber": "10",
        "addr:postcode": "65026",
        "building": "hotel",
        "building:levels": "4",
        "height": "18",
        "name": "Комплекс відпочинку \"Palais Royal\"",
        "name:ru": "Комплекс отдыха \"Palais Royal\"",
        "name:uk": "Комплекс відпочинку \"Palais Royal\"",
        "tourism": "hotel",
        "@geometry": "center"
      },
      "geometry": {
        "type": "Point",
        "coordinates": [
          30.7402324,
          46.4851166
        ]
      },
      "id": "way/160116255"
    },
    {
      "type": "Feature",
      "properties": {
        "@id": "way/160122355",
        "addr:housenumber": "3",
        "addr:postcode": "65026",
        "addr:street": "Дерибасівська вулиця",
        "building": "hotel",
        "building:levels": "3",
        "tourism": "hotel",
        "@geometry": "center"
      },
      "geometry": {
        "type": "Point",
        "coordinates": [
          30.7442634,
          46.4833132
        ]
      },
      "id": "way/160122355"
    },
    {
      "type": "Feature",
      "properties": {
        "@id": "way/160146380",
        "addr:housenumber": "19",
        "addr:postcode": "65082",
        "addr:street": "вулиця Ніни Строкатої",
        "building": "hotel",
        "building:levels": "4",
        "name": "Ayvazovsky",
        "name:uk": "Ayvazovsky",
        "tourism": "hotel",
        "website": "https://ayvazovsky.com.ua/",
        "@geometry": "center"
      },
      "geometry": {
        "type": "Point",
        "coordinates": [
          30.7416552,
          46.480691
        ]
      },
      "id": "way/160146380"
    },
    {
      "type": "Feature",
      "properties": {
        "@id": "way/160206439",
        "addr:housenumber": "71",
        "addr:postcode": "65012",
        "name": "Zenith",
        "name:uk": "Zenith",
        "tourism": "hotel",
        "wheelchair": "yes",
        "@geometry": "center"
      },
      "geometry": {
        "type": "Point",
        "coordinates": [
          30.7385307,
          46.4710631
        ]
      },
      "id": "way/160206439"
    },
    {
      "type": "Feature",
      "properties": {
        "@id": "way/160240162",
        "addr:housenumber": "23а",
        "addr:postcode": "65012",
        "addr:street": "Велика Арнаутська вулиця",
        "amenity": "restaurant",
        "building": "yes",
        "name": "Піццерія \"Маріо\"",
        "name:en": "Pizzeria \"Mario\"",
        "name:ru": "Пиццерия \"Марио\"",
        "name:uk": "Піццерія \"Маріо\"",
        "@geometry": "center"
      },
      "geometry": {
        "type": "Point",
        "coordinates": [
          30.7479359,
          46.4718336
        ]
      },
      "id": "way/160240162"
    },
    {
      "type": "Feature",
      "properties": {
        "@id": "way/160249916",
        "addr:housenumber": "95",
        "addr:street": "Успенська вулиця",
        "building": "yes",
        "building:levels": "6",
        "name": "Готель \"London\"",
        "name:ru": "Отель \"London\"",
        "name:uk": "Готель \"London\"",
        "tourism": "hotel",
        "wheelchair": "limited",
        "@geometry": "center"
      },
      "geometry": {
        "type": "Point",
        "coordinates": [
          30.7339816,
          46.475669
        ]
      },
      "id": "way/160249916"
    },
    {
      "type": "Feature",
      "properties": {
        "@id": "way/160351849",
        "addr:housenumber": "15",
        "addr:street": "Польський узвіз",
        "building": "yes",
        "building:levels": "2",
        "name": "Marlin",
        "name:uk": "Marlin",
        "tourism": "hotel",
        "wheelchair": "limited",
        "@geometry": "center"
      },
      "geometry": {
        "type": "Point",
        "coordinates": [
          30.7455217,
          46.4814444
        ]
      },
      "id": "way/160351849"
    },
    {
      "type": "Feature",
      "properties": {
        "@id": "way/160368301",
        "addr:housenumber": "1Г",
        "addr:postcode": "65014",
        "addr:street": "Маразліївська вулиця",
        "amenity": "restaurant",
        "building": "yes",
        "building:levels": "1",
        "name": "Червоний лобстер",
        "name:en": "Red Lobster",
        "name:ru": "Красный Лобстер",
        "name:uk": "Червоний лобстер",
        "@geometry": "center"
      },
      "geometry": {
        "type": "Point",
        "coordinates": [
          30.7511454,
          46.4833186
        ]
      },
      "id": "way/160368301"
    },
    {
      "type": "Feature",
      "properties": {
        "@id": "way/160368339",
        "addr:housenumber": "1б",
        "addr:postcode": "65026",
        "addr:street": "Канатна вулиця",
        "building": "yes",
        "name": "Готель \"Перлина\"",
        "name:en": "Hotel Pearl",
        "name:ru": "Отель \"Жемчужина\"",
        "name:uk": "Готель \"Перлина\"",
        "tourism": "hotel",
        "website": "https://perlina-hotel.com/",
        "@geometry": "center"
      },
      "geometry": {
        "type": "Point",
        "coordinates": [
          30.7497897,
          46.4842804
        ]
      },
      "id": "way/160368339"
    },
    {
      "type": "Feature",
      "properties": {
        "@id": "way/160464043",
        "building": "yes",
        "name": "Дунай",
        "name:ru": "Дунай",
        "name:uk": "Дунай",
        "stars": "3",
        "tourism": "hotel",
        "@geometry": "center"
      },
      "geometry": {
        "type": "Point",
        "coordinates": [
          28.8155029,
          45.3403388
        ]
      },
      "id": "way/160464043"
    },
    {
      "type": "Feature",
      "properties": {
        "@id": "way/160479558",
        "addr:housenumber": "70",
        "addr:postcode": "65020",
        "addr:street": "Успенська вулиця",
        "building": "hotel",
        "building:levels": "5",
        "tourism": "hotel",
        "@geometry": "center"
      },
      "geometry": {
        "type": "Point",
        "coordinates": [
          30.7305637,
          46.4765339
        ]
      },
      "id": "way/160479558"
    },
    {
      "type": "Feature",
      "properties": {
        "@id": "way/160671361",
        "addr:housenumber": "61а",
        "addr:postcode": "65091",
        "addr:street": "Середня вулиця",
        "building": "hotel",
        "building:levels": "9",
        "name": "Раліко",
        "name:ru": "Ралико",
        "name:uk": "Раліко",
        "tourism": "hotel",
        "@geometry": "center"
      },
      "geometry": {
        "type": "Point",
        "coordinates": [
          30.7071026,
          46.4716833
        ]
      },
      "id": "way/160671361"
    },
    {
      "type": "Feature",
      "properties": {
        "@id": "way/160981385",
        "addr:housenumber": "75-А",
        "addr:postcode": "65012",
        "addr:street": "Преображенська вулиця",
        "building": "hotel",
        "building:levels": "3",
        "tourism": "hotel",
        "@geometry": "center"
      },
      "geometry": {
        "type": "Point",
        "coordinates": [
          30.7305416,
          46.4717069
        ]
      },
      "id": "way/160981385"
    },
    {
      "type": "Feature",
      "properties": {
        "@id": "way/161030686",
        "addr:housenumber": "2",
        "addr:postcode": "65012",
        "building": "hotel",
        "building:levels": "3",
        "name": "Готель \"Лермонтовський\"",
        "name:ru": "Отель \"Лермонтовский\"",
        "name:uk": "Готель \"Лермонтовський\"",
        "phone": "+380 48 717 7877",
        "smoking": "outside",
        "tourism": "hotel",
        "website": "https://lermontovskiy.com.ua/",
        "@geometry": "center"
      },
      "geometry": {
        "type": "Point",
        "coordinates": [
          30.7552164,
          46.4716873
        ]
      },
      "id": "way/161030686"
    },
    {
      "type": "Feature",
      "properties": {
        "@id": "way/161030694",
        "addr:housenumber": "15б",
        "addr:postcode": "65012",
        "addr:street": "вулиця Леонтовича",
        "amenity": "restaurant",
        "building": "yes",
        "cuisine": "regional",
        "internet_access": "wlan",
        "name": "Компот",
        "name:en": "Kompot",
        "name:uk": "Компот",
        "opening_hours": "Mo-Su 08:00-23:00",
        "phone": "+380 67 518 4842",
        "website": "https://savva-libkin.com/restaurant/odessa/kompot",
        "@geometry": "center"
      },
      "geometry": {
        "type": "Point",
        "coordinates": [
          30.7530632,
          46.4683689
        ]
      },
      "id": "way/161030694"
    },
    {
      "type": "Feature",
      "properties": {
        "@id": "way/161030708",
        "addr:housenumber": "11",
        "addr:postcode": "65065",
        "addr:street": "Затишна вулиця",
        "building": "yes",
        "name": "Готель \"Відрада\"",
        "name:ru": "Отель \"Отрада\"",
        "name:uk": "Готель \"Відрада\"",
        "tourism": "hotel",
        "@geometry": "center"
      },
      "geometry": {
        "type": "Point",
        "coordinates": [
          30.7553314,
          46.4665088
        ]
      },
      "id": "way/161030708"
    },
    {
      "type": "Feature",
      "properties": {
        "@id": "way/161037402",
        "addr:housenumber": "3/5",
        "addr:postcode": "65058",
        "addr:street": "вулиця Довженка",
        "amenity": "restaurant",
        "building": "yes",
        "name": "Хатина",
        "name:en": "Hijina",
        "name:ru": "Хижина",
        "name:uk": "Хатина",
        "website": "https://hijina.com.ua/",
        "@geometry": "center"
      },
      "geometry": {
        "type": "Point",
        "coordinates": [
          30.7569943,
          46.4560824
        ]
      },
      "id": "way/161037402"
    },
    {
      "type": "Feature",
      "properties": {
        "@id": "way/161038316",
        "addr:housenumber": "32",
        "addr:postcode": "65009",
        "building": "hotel",
        "building:levels": "15",
        "internet_access": "wlan",
        "internet_access:fee": "no",
        "name": "Premier Compass Hotel Odesa",
        "name:uk": "Premier Compass Hotel Odesa",
        "tourism": "hotel",
        "website": "https://odessa-hotel.phnr.com/",
        "@geometry": "center"
      },
      "geometry": {
        "type": "Point",
        "coordinates": [
          30.7656452,
          46.4420951
        ]
      },
      "id": "way/161038316"
    },
    {
      "type": "Feature",
      "properties": {
        "@id": "way/161689514",
        "addr:housenumber": "240A",
        "addr:street": "Любомирська вулиця",
        "amenity": "restaurant",
        "building": "yes",
        "contact:instagram": "https://www.instagram.com/cafe_central_balta_/",
        "name": "Cafe Chentral",
        "opening_hours": "Mo-Su 08:30-22:00",
        "phone": "+380957057527",
        "website": "https://centralcafe.ps.me",
        "@geometry": "center"
      },
      "geometry": {
        "type": "Point",
        "coordinates": [
          29.6240409,
          47.9363932
        ]
      },
      "id": "way/161689514"
    },
    {
      "type": "Feature",
      "properties": {
        "@id": "way/161706982",
        "building": "yes",
        "email": "hotel.bugaz@gmail.com",
        "fax": "+380 48 730 8151",
        "internet_access": "yes",
        "name": "Чорне Море Бугаз",
        "name:ru": "Черное Море Бугаз",
        "name:uk": "Чорне Море Бугаз",
        "operator": "Черное Море",
        "phone": "+380 48 775 6210",
        "stars": "4",
        "tourism": "hotel",
        "website": "http://www.bs-hotel.com.ua/hotel/bugaz",
        "wheelchair": "yes",
        "@geometry": "center"
      },
      "geometry": {
        "type": "Point",
        "coordinates": [
          30.5662954,
          46.1710217
        ]
      },
      "id": "way/161706982"
    },
    {
      "type": "Feature",
      "properties": {
        "@id": "way/168980462",
        "amenity": "restaurant",
        "building": "yes",
        "building:levels": "2",
        "cuisine": "pizza",
        "roof:levels": "1",
        "@geometry": "center"
      },
      "geometry": {
        "type": "Point",
        "coordinates": [
          30.5134719,
          46.1312699
        ]
      },
      "id": "way/168980462"
    },
    {
      "type": "Feature",
      "properties": {
        "@id": "way/170460525",
        "air_conditioning": "yes",
        "building": "yes",
        "building:levels": "3",
        "name": "Сказка",
        "name:ru": "Сказка",
        "name:uk": "Казка",
        "signboard:ru": "yes",
        "tourism": "hotel",
        "@geometry": "center"
      },
      "geometry": {
        "type": "Point",
        "coordinates": [
          30.5160943,
          46.1304332
        ]
      },
      "id": "way/170460525"
    },
    {
      "type": "Feature",
      "properties": {
        "@id": "way/170464841",
        "amenity": "restaurant",
        "building": "yes",
        "name": "Фрегат",
        "name:uk": "Фрегат",
        "@geometry": "center"
      },
      "geometry": {
        "type": "Point",
        "coordinates": [
          30.536896,
          46.1438562
        ]
      },
      "id": "way/170464841"
    },
    {
      "type": "Feature",
      "properties": {
        "@id": "way/173739634",
        "addr:city": "Шабо",
        "addr:housenumber": "21",
        "addr:street": "Швейцарська вулиця",
        "amenity": "restaurant",
        "building": "yes",
        "cuisine": "georgian",
        "internet_access": "wlan",
        "name": "Шабський дворик",
        "name:ru": "Шабский дворик",
        "name:uk": "Шабський дворик",
        "opening_hours": "10:00-22:00",
        "phone": "+380 97 777 1717",
        "@geometry": "center"
      },
      "geometry": {
        "type": "Point",
        "coordinates": [
          30.3743644,
          46.1433593
        ]
      },
      "id": "way/173739634"
    },
    {
      "type": "Feature",
      "properties": {
        "@id": "way/180067405",
        "amenity": "cafe",
        "building": "yes",
        "building:levels": "1",
        "name": "Лото",
        "name:en": "Loto",
        "name:ru": "Робин-Бобин",
        "name:uk": "Робін-Бобін",
        "@geometry": "center"
      },
      "geometry": {
        "type": "Point",
        "coordinates": [
          30.7197483,
          46.4108523
        ]
      },
      "id": "way/180067405"
    },
    {
      "type": "Feature",
      "properties": {
        "@id": "way/180069541",
        "addr:housenumber": "16",
        "addr:street": "вулиця Академіка Корольова",
        "amenity": "restaurant",
        "building": "yes",
        "name": "Золотое Руно",
        "name:en": "Zolote Runo",
        "name:ru": "Золотое Руно",
        "name:uk": "Золотое Руно",
        "@geometry": "center"
      },
      "geometry": {
        "type": "Point",
        "coordinates": [
          30.7197721,
          46.4125444
        ]
      },
      "id": "way/180069541"
    },
    {
      "type": "Feature",
      "properties": {
        "@id": "way/180317663",
        "addr:housenumber": "11/1",
        "addr:street": "проспект Небесної Сотні",
        "amenity": "restaurant",
        "building": "commercial",
        "building:levels": "1",
        "internet_access": "wlan",
        "internet_access:fee": "no",
        "name": "Клуб \"Містер\"",
        "name:ru": "клуб \"Мистер\"",
        "name:uk": "Клуб \"Містер\"",
        "@geometry": "center"
      },
      "geometry": {
        "type": "Point",
        "coordinates": [
          30.7172216,
          46.4149525
        ]
      },
      "id": "way/180317663"
    },
    {
      "type": "Feature",
      "properties": {
        "@id": "way/181673321",
        "addr:housenumber": "1",
        "addr:street": "проспект Князя Володимира Великого",
        "name": "Vilari",
        "name:uk": "Vilari",
        "tourism": "hotel",
        "website": "http://vilari.com.ua/",
        "@geometry": "center"
      },
      "geometry": {
        "type": "Point",
        "coordinates": [
          30.7728338,
          46.5603471
        ]
      },
      "id": "way/181673321"
    },
    {
      "type": "Feature",
      "properties": {
        "@id": "way/187763589",
        "addr:housenumber": "12",
        "addr:postcode": "65045",
        "addr:street": "проспект Українських Героїв",
        "building": "hotel",
        "building:levels": "4",
        "internet_access": "yes",
        "internet_access:fee": "no",
        "name": "Олександрівський",
        "name:en": "Aleksandrovskyi",
        "name:ru": "Александровский",
        "name:uk": "Олександрівський",
        "tourism": "hotel",
        "website": "https://alexandrovskiy.com.ua/",
        "wheelchair": "yes",
        "@geometry": "center"
      },
      "geometry": {
        "type": "Point",
        "coordinates": [
          30.7343497,
          46.4781419
        ]
      },
      "id": "way/187763589"
    },
    {
      "type": "Feature",
      "properties": {
        "@id": "way/187775064",
        "addr:housenumber": "2в",
        "addr:street": "вулиця Центральний Аеропорт",
        "amenity": "restaurant",
        "building": "yes",
        "cuisine": "georgian",
        "name": "Хижина",
        "name:uk": "Хижина",
        "@geometry": "center"
      },
      "geometry": {
        "type": "Point",
        "coordinates": [
          30.6780271,
          46.4424133
        ]
      },
      "id": "way/187775064"
    },
    {
      "type": "Feature",
      "properties": {
        "@id": "way/192916655",
        "addr:postcode": "65101",
        "amenity": "cafe",
        "building": "yes",
        "name": "Davos",
        "name:uk": "Davos",
        "@geometry": "center"
      },
      "geometry": {
        "type": "Point",
        "coordinates": [
          30.7205872,
          46.4131411
        ]
      },
      "id": "way/192916655"
    },
    {
      "type": "Feature",
      "properties": {
        "@id": "way/196268283",
        "addr:housenumber": "24а",
        "addr:street": "Генуезька вулиця",
        "building": "hotel",
        "building:levels": "15",
        "name": "Вікторія",
        "name:ru": "Виктория",
        "name:uk": "Вікторія",
        "tourism": "hotel",
        "@geometry": "center"
      },
      "geometry": {
        "type": "Point",
        "coordinates": [
          30.7586393,
          46.4347611
        ]
      },
      "id": "way/196268283"
    },
    {
      "type": "Feature",
      "properties": {
        "@id": "way/196766934",
        "addr:housenumber": "59а",
        "addr:postcode": "65123",
        "addr:street": "вулиця Академіка Заболотного",
        "amenity": "cafe",
        "building": "yes",
        "building:levels": "1",
        "cuisine": "regional",
        "int_name": "Zabava",
        "internet_access": "wlan",
        "name": "Забава",
        "name:en": "Zabava",
        "name:ru": "Забава",
        "name:uk": "Забава",
        "@geometry": "center"
      },
      "geometry": {
        "type": "Point",
        "coordinates": [
          30.8018368,
          46.5753972
        ]
      },
      "id": "way/196766934"
    },
    {
      "type": "Feature",
      "properties": {
        "@id": "way/196769041",
        "addr:housenumber": "57/2а",
        "addr:street": "вулиця Академіка Заболотного",
        "amenity": "restaurant",
        "building": "yes",
        "building:levels": "2",
        "cuisine": "international",
        "name": "Сканді",
        "name:en": "Skandi",
        "name:uk": "Сканді",
        "opening_hours": "Mo-Su 12:00-02:00",
        "phone": "+380 48 711 3712",
        "website": "https://skandi.od.ua/",
        "@geometry": "center"
      },
      "geometry": {
        "type": "Point",
        "coordinates": [
          30.798312,
          46.576505
        ]
      },
      "id": "way/196769041"
    },
    {
      "type": "Feature",
      "properties": {
        "@id": "way/200271844",
        "addr:housenumber": "15б",
        "addr:postcode": "68004",
        "building": "yes",
        "name": "Сніжна Королева",
        "name:en": "Snow Queen",
        "name:ru": "Снежная Королева",
        "name:uk": "Сніжна Королева",
        "tourism": "hotel",
        "website": "https://www.snow-queen.net/",
        "@geometry": "center"
      },
      "geometry": {
        "type": "Point",
        "coordinates": [
          30.6403766,
          46.296864
        ]
      },
      "id": "way/200271844"
    },
    {
      "type": "Feature",
      "properties": {
        "@id": "way/201154178",
        "addr:street": "Yaroslava Mudroho",
        "amenity": "cafe",
        "building": "retail",
        "building:levels": "1",
        "name": "Caffeine Bros",
        "name:ru": "Дискавери",
        "name:uk": "Діскавері",
        "@geometry": "center"
      },
      "geometry": {
        "type": "Point",
        "coordinates": [
          30.7282116,
          46.3992031
        ]
      },
      "id": "way/201154178"
    },
    {
      "type": "Feature",
      "properties": {
        "@id": "way/201386063",
        "addr:housenumber": "27",
        "addr:street": "Єврейська вулиця",
        "building": "hotel",
        "internet_access": "yes",
        "internet_access:fee": "no",
        "name": "Каліфорнія",
        "name:en": "California",
        "name:ru": "Калифорния",
        "name:uk": "Каліфорнія",
        "tourism": "hotel",
        "website": "https://hotelcaliforniaodessa.com/",
        "wheelchair": "yes",
        "@geometry": "center"
      },
      "geometry": {
        "type": "Point",
        "coordinates": [
          30.7388972,
          46.4779228
        ]
      },
      "id": "way/201386063"
    },
    {
      "type": "Feature",
      "properties": {
        "@id": "way/205392878",
        "amenity": "cafe",
        "building": "yes",
        "cuisine": "regional",
        "name": "Залюбки",
        "name:en": "Zaliubky",
        "name:ru": "Залюбки",
        "name:uk": "Залюбки",
        "opening_hours": "Mo-Su 09:00-23:00",
        "@geometry": "center"
      },
      "geometry": {
        "type": "Point",
        "coordinates": [
          30.742925,
          46.4009255
        ]
      },
      "id": "way/205392878"
    },
    {
      "type": "Feature",
      "properties": {
        "@id": "way/205869962",
        "addr:housenumber": "1",
        "addr:street": "вулиця Шевченка",
        "building": "hotel",
        "building:levels": "4",
        "name": "Русь",
        "name:ru": "Русь",
        "name:uk": "Русь",
        "opening_hours": "24/7",
        "tourism": "hotel",
        "@geometry": "center"
      },
      "geometry": {
        "type": "Point",
        "coordinates": [
          30.3570798,
          46.196984
        ]
      },
      "id": "way/205869962"
    },
    {
      "type": "Feature",
      "properties": {
        "@id": "way/208038078",
        "addr:housenumber": "1",
        "addr:street": "Лідерсівський бульвар",
        "building": "yes",
        "building:levels": "6",
        "name": "М1",
        "name:en": "M1 Club Hotel",
        "name:ru": "М1",
        "name:uk": "М1",
        "tourism": "hotel",
        "@geometry": "center"
      },
      "geometry": {
        "type": "Point",
        "coordinates": [
          30.7646024,
          46.478444
        ]
      },
      "id": "way/208038078"
    },
    {
      "type": "Feature",
      "properties": {
        "@id": "way/209196020",
        "addr:housenumber": "95а",
        "addr:postcode": "65114",
        "addr:street": "вулиця Левітана",
        "amenity": "restaurant",
        "building": "yes",
        "name": "Сквер",
        "name:en": "Skver",
        "name:ru": "Сквер",
        "name:uk": "Сквер",
        "opening_hours": "Mo-Su 11:00-00:00",
        "outdoor_seating": "yes",
        "payment:cash": "yes",
        "payment:mastercard": "yes",
        "payment:visa": "yes",
        "phone": "+380 97 037 7098",
        "website": "https://skver.od.ua/",
        "@geometry": "center"
      },
      "geometry": {
        "type": "Point",
        "coordinates": [
          30.7236927,
          46.4064654
        ]
      },
      "id": "way/209196020"
    },
    {
      "type": "Feature",
      "properties": {
        "@id": "way/209514988",
        "addr:housenumber": "3",
        "addr:postcode": "65016",
        "addr:street": "вулиця Гаршина",
        "building": "yes",
        "building:levels": "3",
        "name": "Vele Rosse",
        "name:uk": "Vele Rosse",
        "tourism": "hotel",
        "website": "https://vele-rosse.com.ua/",
        "@geometry": "center"
      },
      "geometry": {
        "type": "Point",
        "coordinates": [
          30.7526642,
          46.4043196
        ]
      },
      "id": "way/209514988"
    },
    {
      "type": "Feature",
      "properties": {
        "@id": "way/209742186",
        "amenity": "restaurant",
        "building": "yes",
        "name": "Орион",
        "name:uk": "Орион",
        "@geometry": "center"
      },
      "geometry": {
        "type": "Point",
        "coordinates": [
          30.6793709,
          46.4602627
        ]
      },
      "id": "way/209742186"
    },
    {
      "type": "Feature",
      "properties": {
        "@id": "way/210965633",
        "addr:housenumber": "33",
        "addr:street": "Грецька вулиця",
        "amenity": "restaurant",
        "building": "yes",
        "building:levels": "2",
        "name": "Арго",
        "name:uk": "Арго",
        "@geometry": "center"
      },
      "geometry": {
        "type": "Point",
        "coordinates": [
          30.3602293,
          46.1970259
        ]
      },
      "id": "way/210965633"
    },
    {
      "type": "Feature",
      "properties": {
        "@id": "way/215400525",
        "addr:housenumber": "10А",
        "addr:street": "вулиця Семена Яхненка",
        "air_conditioning": "yes",
        "building": "yes",
        "building:levels": "2",
        "name": "Asiya",
        "tourism": "hotel",
        "website": "https://asiyahotel.com/",
        "@geometry": "center"
      },
      "geometry": {
        "type": "Point",
        "coordinates": [
          30.7412761,
          46.3911717
        ]
      },
      "id": "way/215400525"
    },
    {
      "type": "Feature",
      "properties": {
        "@id": "way/215537112",
        "addr:housenumber": "1",
        "addr:street": "вулиця Віце-адмірала Азарова",
        "building:colour": "#08a4cf",
        "building:levels": "3",
        "name": "Віце-адмірала Азарова 1",
        "name:ru": "Вице-адмирала Азарова 1",
        "name:uk": "Віце-адмірала Азарова 1",
        "tourism": "hotel",
        "@geometry": "center"
      },
      "geometry": {
        "type": "Point",
        "coordinates": [
          30.7594854,
          46.4658597
        ]
      },
      "id": "way/215537112"
    },
    {
      "type": "Feature",
      "properties": {
        "@id": "way/217127163",
        "amenity": "cafe",
        "building": "yes",
        "name": "Фермер",
        "name:en": "Fermer",
        "name:uk": "Фермер",
        "shop": "convenience",
        "@geometry": "center"
      },
      "geometry": {
        "type": "Point",
        "coordinates": [
          30.6463688,
          46.3888851
        ]
      },
      "id": "way/217127163"
    },
    {
      "type": "Feature",
      "properties": {
        "@id": "way/217286881",
        "addr:housenumber": "31а",
        "addr:street": "вулиця Шевченка",
        "amenity": "cafe",
        "building": "yes",
        "building:levels": "2",
        "name": "Зелений шум",
        "name:en": "Zelenyi Shum",
        "name:ru": "Зелёный шум",
        "name:uk": "Зелений шум",
        "@geometry": "center"
      },
      "geometry": {
        "type": "Point",
        "coordinates": [
          30.3496499,
          46.1955418
        ]
      },
      "id": "way/217286881"
    },
    {
      "type": "Feature",
      "properties": {
        "@id": "way/217414706",
        "addr:housenumber": "1",
        "building": "yes",
        "name": "ПЛАЙ",
        "name:uk": "ПЛАЙ",
        "tourism": "hotel",
        "@geometry": "center"
      },
      "geometry": {
        "type": "Point",
        "coordinates": [
          30.3580315,
          46.0209716
        ]
      },
      "id": "way/217414706"
    },
    {
      "type": "Feature",
      "properties": {
        "@id": "way/219143358",
        "building": "hotel",
        "roof:levels": "1",
        "roof:shape": "hipped",
        "tourism": "hotel",
        "@geometry": "center"
      },
      "geometry": {
        "type": "Point",
        "coordinates": [
          29.6632346,
          46.0198884
        ]
      },
      "id": "way/219143358"
    },
    {
      "type": "Feature",
      "properties": {
        "@id": "way/221055584",
        "building": "yes",
        "name": "КП \"Спутник\"",
        "name:uk": "КП \"Спутник\"",
        "tourism": "hotel",
        "@geometry": "center"
      },
      "geometry": {
        "type": "Point",
        "coordinates": [
          30.2012579,
          46.4797349
        ]
      },
      "id": "way/221055584"
    },
    {
      "type": "Feature",
      "properties": {
        "@id": "way/221583851",
        "building": "yes",
        "name": "Хуторок",
        "name:uk": "Хуторок",
        "tourism": "hotel",
        "@geometry": "center"
      },
      "geometry": {
        "type": "Point",
        "coordinates": [
          28.29275,
          45.4661189
        ]
      },
      "id": "way/221583851"
    },
    {
      "type": "Feature",
      "properties": {
        "@id": "way/223804922",
        "amenity": "restaurant",
        "building": "yes",
        "name": "Садко",
        "name:uk": "Садко",
        "@geometry": "center"
      },
      "geometry": {
        "type": "Point",
        "coordinates": [
          30.4408853,
          46.2426263
        ]
      },
      "id": "way/223804922"
    },
    {
      "type": "Feature",
      "properties": {
        "@id": "way/223804954",
        "amenity": "cafe",
        "building": "yes",
        "name": "Селена",
        "name:uk": "Селена",
        "@geometry": "center"
      },
      "geometry": {
        "type": "Point",
        "coordinates": [
          30.4373106,
          46.2452157
        ]
      },
      "id": "way/223804954"
    },
    {
      "type": "Feature",
      "properties": {
        "@id": "way/225440953",
        "addr:housenumber": "20",
        "building": "yes",
        "name": "VIP Hotel",
        "name:uk": "VIP Hotel",
        "tourism": "hotel",
        "@geometry": "center"
      },
      "geometry": {
        "type": "Point",
        "coordinates": [
          28.8293158,
          45.3429199
        ]
      },
      "id": "way/225440953"
    },
    {
      "type": "Feature",
      "properties": {
        "@id": "way/228248315",
        "building": "yes",
        "name": "Babushka beach house",
        "name:en": "Babushka beach house",
        "name:uk": "Babushka beach house",
        "tourism": "hotel",
        "url": "http://www.babushkagrand.com",
        "@geometry": "center"
      },
      "geometry": {
        "type": "Point",
        "coordinates": [
          30.7462731,
          46.4090583
        ]
      },
      "id": "way/228248315"
    },
    {
      "type": "Feature",
      "properties": {
        "@id": "way/230527649",
        "addr:housenumber": "5",
        "building": "hotel",
        "name": "Пансіонат \"Одеса\"",
        "name:ru": "Пансионат «Одесса»",
        "name:uk": "Пансіонат \"Одеса\"",
        "tourism": "hotel",
        "@geometry": "center"
      },
      "geometry": {
        "type": "Point",
        "coordinates": [
          30.5553282,
          46.1608022
        ]
      },
      "id": "way/230527649"
    },
    {
      "type": "Feature",
      "properties": {
        "@id": "way/232228133",
        "addr:housenumber": "1",
        "addr:street": "Інзовська вулиця",
        "building": "yes",
        "building:levels": "3",
        "name": "Інзов",
        "name:ru": "Инзов",
        "name:uk": "Інзов",
        "opening_hours": "24/7",
        "tourism": "hotel",
        "@geometry": "center"
      },
      "geometry": {
        "type": "Point",
        "coordinates": [
          28.6058738,
          45.6944352
        ]
      },
      "id": "way/232228133"
    },
    {
      "type": "Feature",
      "properties": {
        "@id": "way/232415171",
        "amenity": "restaurant",
        "building": "yes",
        "name": "Noir Beach",
        "name:en": "Noir Beach",
        "@geometry": "center"
      },
      "geometry": {
        "type": "Point",
        "coordinates": [
          30.7680843,
          46.452529
        ]
      },
      "id": "way/232415171"
    },
    {
      "type": "Feature",
      "properties": {
        "@id": "way/233897867",
        "addr:city": "Саврань",
        "addr:housenumber": "82",
        "addr:postcode": "66200",
        "addr:street": "Центральна вулиця",
        "building": "hotel",
        "name": "Чорне море",
        "name:uk": "Чорне море",
        "tourism": "hotel",
        "@geometry": "center"
      },
      "geometry": {
        "type": "Point",
        "coordinates": [
          30.0811853,
          48.1282551
        ]
      },
      "id": "way/233897867"
    },
    {
      "type": "Feature",
      "properties": {
        "@id": "way/250297395",
        "addr:housenumber": "48",
        "addr:street": "вулиця Шевченка",
        "building": "hotel",
        "building:levels": "3",
        "name": "Фієста",
        "name:ru": "Фиеста",
        "name:uk": "Фієста",
        "tourism": "hotel",
        "@geometry": "center"
      },
      "geometry": {
        "type": "Point",
        "coordinates": [
          30.3495258,
          46.1959118
        ]
      },
      "id": "way/250297395"
    },
    {
      "type": "Feature",
      "properties": {
        "@id": "way/253811231",
        "addr:housenumber": "50",
        "addr:postcode": "65031",
        "amenity": "cafe",
        "building": "yes",
        "@geometry": "center"
      },
      "geometry": {
        "type": "Point",
        "coordinates": [
          30.6827018,
          46.4853654
        ]
      },
      "id": "way/253811231"
    },
    {
      "type": "Feature",
      "properties": {
        "@id": "way/254931170",
        "name": "База відпочинку \"Автомобіліст-2\"",
        "name:uk": "База відпочинку \"Автомобіліст-2\"",
        "tourism": "hotel",
        "@geometry": "center"
      },
      "geometry": {
        "type": "Point",
        "coordinates": [
          30.5887202,
          46.2044147
        ]
      },
      "id": "way/254931170"
    },
    {
      "type": "Feature",
      "properties": {
        "@id": "way/254931172",
        "building": "yes",
        "name": "Чайка 2",
        "name:uk": "Чайка 2",
        "tourism": "hotel",
        "@geometry": "center"
      },
      "geometry": {
        "type": "Point",
        "coordinates": [
          30.5828331,
          46.1980607
        ]
      },
      "id": "way/254931172"
    },
    {
      "type": "Feature",
      "properties": {
        "@id": "way/254931227",
        "name": "База відпочинку \"Лагуна\"",
        "name:uk": "База відпочинку \"Лагуна\"",
        "tourism": "hotel",
        "@geometry": "center"
      },
      "geometry": {
        "type": "Point",
        "coordinates": [
          30.5869301,
          46.2025053
        ]
      },
      "id": "way/254931227"
    },
    {
      "type": "Feature",
      "properties": {
        "@id": "way/254938288",
        "name": "База відпочинку «Меркурій»",
        "name:ru": "База отдыха «Меркурий»",
        "name:uk": "База відпочинку «Меркурій»",
        "tourism": "hotel",
        "@geometry": "center"
      },
      "geometry": {
        "type": "Point",
        "coordinates": [
          30.5717111,
          46.1835307
        ]
      },
      "id": "way/254938288"
    },
    {
      "type": "Feature",
      "properties": {
        "@id": "way/254942162",
        "name": "База відпочинку \"Сигнал\"",
        "name:ru": "База отдыха «Сигнал»",
        "name:uk": "База відпочинку \"Сигнал\"",
        "tourism": "hotel",
        "@geometry": "center"
      },
      "geometry": {
        "type": "Point",
        "coordinates": [
          30.5156212,
          46.1311071
        ]
      },
      "id": "way/254942162"
    },
    {
      "type": "Feature",
      "properties": {
        "@id": "way/255404352",
        "barrier": "fence",
        "email": "happy.hotel.bugaz@gmail.com",
        "fence_type": "split_rail",
        "internet_access": "wlan",
        "internet_access:fee": "no",
        "name": "Happy Inn",
        "name:uk": "Happy Inn",
        "phone": "+380 50 721 1006",
        "rooms": "21",
        "tourism": "hotel",
        "website": "https://happyinnzatoka.com.ua/",
        "@geometry": "center"
      },
      "geometry": {
        "type": "Point",
        "coordinates": [
          30.5396121,
          46.1429462
        ]
      },
      "id": "way/255404352"
    },
    {
      "type": "Feature",
      "properties": {
        "@id": "way/258991870",
        "addr:housenumber": "8",
        "addr:postcode": "65038",
        "building": "hotel",
        "building:levels": "3",
        "name": "Гранде Петтіне",
        "name:uk": "Гранде Петтіне",
        "tourism": "hotel",
        "@geometry": "center"
      },
      "geometry": {
        "type": "Point",
        "coordinates": [
          30.7497923,
          46.3787253
        ]
      },
      "id": "way/258991870"
    },
    {
      "type": "Feature",
      "properties": {
        "@id": "way/258991871",
        "addr:housenumber": "8",
        "addr:postcode": "65038",
        "building": "hotel",
        "building:levels": "3",
        "name": "Гранде Петтіне",
        "name:uk": "Гранде Петтіне",
        "tourism": "hotel",
        "@geometry": "center"
      },
      "geometry": {
        "type": "Point",
        "coordinates": [
          30.7500626,
          46.3785586
        ]
      },
      "id": "way/258991871"
    },
    {
      "type": "Feature",
      "properties": {
        "@id": "way/265847743",
        "addr:housenumber": "7а",
        "addr:postcode": "68332",
        "addr:street": "вулиця Олександра Дубового",
        "air_conditioning": "yes",
        "amenity": "cafe",
        "bar": "no",
        "building": "yes",
        "highchair": "yes",
        "image": "https://www.facebook.com/cafeshevchenkove2014/photos/a.2504418389620612/2504418806287237/",
        "internet_access": "yes",
        "internet_access:fee": "no",
        "name": "Сімейне кафе «Шевченкове»",
        "name:en": "Family cafe «Shevchenkove»",
        "name:pl": "Kawiarnia rodzinna «Szewczenkowe»",
        "name:uk": "Сімейне кафе «Шевченкове»",
        "outdoor_seating": "yes",
        "start_date": "2014",
        "wheelchair": "yes",
        "@geometry": "center"
      },
      "geometry": {
        "type": "Point",
        "coordinates": [
          29.3383306,
          45.5575214
        ]
      },
      "id": "way/265847743"
    },
    {
      "type": "Feature",
      "properties": {
        "@id": "way/270989856",
        "amenity": "restaurant",
        "building": "yes",
        "name": "Болгарі",
        "name:uk": "Болгарі",
        "@geometry": "center"
      },
      "geometry": {
        "type": "Point",
        "coordinates": [
          29.3797383,
          45.8283071
        ]
      },
      "id": "way/270989856"
    },
    {
      "type": "Feature",
      "properties": {
        "@id": "way/276452485",
        "addr:housenumber": "17г",
        "addr:postcode": "65481",
        "building": "yes",
        "tourism": "hotel",
        "@geometry": "center"
      },
      "geometry": {
        "type": "Point",
        "coordinates": [
          31.1029031,
          46.6240425
        ]
      },
      "id": "way/276452485"
    },
    {
      "type": "Feature",
      "properties": {
        "@id": "way/276456423",
        "addr:housenumber": "2",
        "addr:postcode": "65481",
        "addr:street": "площа Перемоги",
        "brand": "Эллада",
        "building": "yes",
        "building:levels": "6",
        "name": "Еллада",
        "name:uk": "Еллада",
        "phone": "+380 48 758 6600",
        "tourism": "hotel",
        "website": "https://elladahotel.com/",
        "@geometry": "center"
      },
      "geometry": {
        "type": "Point",
        "coordinates": [
          31.1001848,
          46.6202026
        ]
      },
      "id": "way/276456423"
    },
    {
      "type": "Feature",
      "properties": {
        "@id": "way/279308201",
        "amenity": "cafe",
        "building": "yes",
        "name": "Їдальня №3",
        "name:uk": "Їдальня №3",
        "@geometry": "center"
      },
      "geometry": {
        "type": "Point",
        "coordinates": [
          31.0370822,
          46.6178679
        ]
      },
      "id": "way/279308201"
    },
    {
      "type": "Feature",
      "properties": {
        "@id": "way/288196104",
        "amenity": "cafe",
        "building": "yes",
        "@geometry": "center"
      },
      "geometry": {
        "type": "Point",
        "coordinates": [
          29.9865548,
          46.3379321
        ]
      },
      "id": "way/288196104"
    },
    {
      "type": "Feature",
      "properties": {
        "@id": "way/290766475",
        "addr:city": "Затока",
        "building": "yes",
        "name": "Адмірал",
        "name:uk": "Адмірал",
        "tourism": "hotel",
        "@geometry": "center"
      },
      "geometry": {
        "type": "Point",
        "coordinates": [
          30.4466941,
          46.0585022
        ]
      },
      "id": "way/290766475"
    },
    {
      "type": "Feature",
      "properties": {
        "@id": "way/291790060",
        "addr:street": "Приморська вулиця",
        "amenity": "cafe",
        "building": "yes",
        "internet_access": "wlan",
        "internet_access:fee": "no",
        "name": "Адмірал",
        "name:uk": "Адмірал",
        "opening_hours": "08:00-21:00",
        "outdoor_seating": "yes",
        "smoking": "no",
        "@geometry": "center"
      },
      "geometry": {
        "type": "Point",
        "coordinates": [
          30.4464291,
          46.0588932
        ]
      },
      "id": "way/291790060"
    },
    {
      "type": "Feature",
      "properties": {
        "@id": "way/294194675",
        "addr:street": "вулиця Леніна",
        "amenity": "cafe",
        "building": "yes",
        "name": "Зодіак",
        "name:uk": "Зодіак",
        "@geometry": "center"
      },
      "geometry": {
        "type": "Point",
        "coordinates": [
          30.0867011,
          45.9636141
        ]
      },
      "id": "way/294194675"
    },
    {
      "type": "Feature",
      "properties": {
        "@id": "way/299804074",
        "addr:housenumber": "71а",
        "addr:postcode": "65065",
        "addr:street": "Фонтанська дорога",
        "building": "hotel",
        "name": "Мирний курорт",
        "name:en": "Mirny Kurort",
        "name:ru": "Мирный курорт",
        "name:uk": "Мирний курорт",
        "tourism": "hotel",
        "wheelchair": "limited",
        "@geometry": "center"
      },
      "geometry": {
        "type": "Point",
        "coordinates": [
          30.7545597,
          46.4214101
        ]
      },
      "id": "way/299804074"
    },
    {
      "type": "Feature",
      "properties": {
        "@id": "way/306982752",
        "addr:housenumber": "10",
        "addr:postcode": "67701",
        "addr:street": "Олімпійська вулиця",
        "amenity": "restaurant",
        "building": "yes",
        "building:levels": "3",
        "name": "Ювілейне",
        "name:ru": "Юбилейное",
        "name:uk": "Ювілейне",
        "@geometry": "center"
      },
      "geometry": {
        "type": "Point",
        "coordinates": [
          30.3472378,
          46.1935037
        ]
      },
      "id": "way/306982752"
    },
    {
      "type": "Feature",
      "properties": {
        "@id": "way/309297864",
        "amenity": "cafe",
        "building": "yes",
        "name": "Їдальня",
        "name:uk": "Їдальня",
        "@geometry": "center"
      },
      "geometry": {
        "type": "Point",
        "coordinates": [
          30.0859647,
          48.1343043
        ]
      },
      "id": "way/309297864"
    },
    {
      "type": "Feature",
      "properties": {
        "@id": "way/311034127",
        "amenity": "cafe",
        "building": "yes",
        "internet_access": "yes",
        "name": "2012",
        "name:uk": "2012",
        "@geometry": "center"
      },
      "geometry": {
        "type": "Point",
        "coordinates": [
          30.3594735,
          46.0231681
        ]
      },
      "id": "way/311034127"
    },
    {
      "type": "Feature",
      "properties": {
        "@id": "way/314821047",
        "addr:housenumber": "5Б",
        "addr:postcode": "65009",
        "addr:street": "Гагарінське Плато",
        "building": "hotel",
        "building:levels": "19",
        "name": "Gagarinn",
        "name:uk": "Gagarinn",
        "phone": "+380 48 774 4477",
        "smoking": "isolated",
        "source": "http://gagarinn.com/",
        "tourism": "hotel",
        "website": "http://gagarinn.com/",
        "wheelchair": "no",
        "@geometry": "center"
      },
      "geometry": {
        "type": "Point",
        "coordinates": [
          30.761694,
          46.4323265
        ]
      },
      "id": "way/314821047"
    },
    {
      "type": "Feature",
      "properties": {
        "@id": "way/321575138",
        "addr:housenumber": "72-Б",
        "addr:street": "Кримська вулиця",
        "amenity": "cafe",
        "building": "yes",
        "building:levels": "1",
        "internet_access": "wlan",
        "name": "Хінкальня",
        "name:ru": "Хинкальня",
        "name:uk": "Хінкальня",
        "opening_hours": "11:00-23:00",
        "phone": "+380 96 923 9144",
        "website": "https://hinkalnya.od.ua/",
        "@geometry": "center"
      },
      "geometry": {
        "type": "Point",
        "coordinates": [
          30.7915254,
          46.5799336
        ]
      },
      "id": "way/321575138"
    },
    {
      "type": "Feature",
      "properties": {
        "@id": "way/321575160",
        "building": "yes",
        "building:levels": "2",
        "name": "Круиз",
        "name:en": "Kruiz",
        "name:uk": "Круиз",
        "opening_hours": "24/7",
        "tourism": "hotel",
        "@geometry": "center"
      },
      "geometry": {
        "type": "Point",
        "coordinates": [
          30.7564598,
          46.5485025
        ]
      },
      "id": "way/321575160"
    },
    {
      "type": "Feature",
      "properties": {
        "@id": "way/326018357",
        "building": "yes",
        "name": "Учитель",
        "name:uk": "Учитель",
        "tourism": "hotel",
        "@geometry": "center"
      },
      "geometry": {
        "type": "Point",
        "coordinates": [
          30.4508786,
          46.0612467
        ]
      },
      "id": "way/326018357"
    },
    {
      "type": "Feature",
      "properties": {
        "@id": "way/328938560",
        "amenity": "restaurant",
        "building": "yes",
        "building:levels": "1",
        "name": "Катрин",
        "name:en": "Katrin",
        "name:ru": "Катрин",
        "name:uk": "Катрин",
        "@geometry": "center"
      },
      "geometry": {
        "type": "Point",
        "coordinates": [
          30.7872423,
          46.574184
        ]
      },
      "id": "way/328938560"
    },
    {
      "type": "Feature",
      "properties": {
        "@id": "way/328951172",
        "addr:housenumber": "90а",
        "addr:street": "вулиця Семена Палія",
        "amenity": "cafe",
        "building": "yes",
        "building:levels": "2",
        "internet_access": "wlan",
        "name": "Vadi@ll",
        "name:uk": "Vadi@ll",
        "opening_hours": "11:00-00:00",
        "phone": "+380 93 260 1107",
        "@geometry": "center"
      },
      "geometry": {
        "type": "Point",
        "coordinates": [
          30.7938001,
          46.5741483
        ]
      },
      "id": "way/328951172"
    },
    {
      "type": "Feature",
      "properties": {
        "@id": "way/329042921",
        "amenity": "cafe",
        "building": "yes",
        "building:levels": "1",
        "name": "Краб",
        "name:en": "Crab",
        "name:ru": "Краб",
        "name:uk": "Краб",
        "@geometry": "center"
      },
      "geometry": {
        "type": "Point",
        "coordinates": [
          30.7603593,
          46.550358
        ]
      },
      "id": "way/329042921"
    },
    {
      "type": "Feature",
      "properties": {
        "@id": "way/329331209",
        "addr:housenumber": "2",
        "addr:postcode": "65044",
        "amenity": "restaurant",
        "building": "yes",
        "name": "Родинний ресторан \"Глечик 1962\"",
        "name:ru": "Семейный ресторан \"Глечик 1962\"",
        "name:uk": "Родинний ресторан \"Глечик 1962\"",
        "@geometry": "center"
      },
      "geometry": {
        "type": "Point",
        "coordinates": [
          30.7663053,
          46.454096
        ]
      },
      "id": "way/329331209"
    },
    {
      "type": "Feature",
      "properties": {
        "@id": "way/329371207",
        "amenity": "restaurant",
        "building": "retail",
        "building:levels": "3",
        "contact:facebook": "https://www.facebook.com/ZamokMastara/",
        "contact:instagram": "https://www.instagram.com/zamokmastara/",
        "cuisine": "international",
        "internet_access": "wlan",
        "name": "Замок Мастара",
        "name:en": "Zamok Mastara",
        "name:ru": "Замок Мастара",
        "name:uk": "Замок Мастара",
        "opening_hours": "Mo-Su 10:00-24:00",
        "outdoor_seating": "yes",
        "tourism": "hotel",
        "website": "https://zamokmastara.com/",
        "@geometry": "center"
      },
      "geometry": {
        "type": "Point",
        "coordinates": [
          30.8370511,
          46.5609992
        ]
      },
      "id": "way/329371207"
    },
    {
      "type": "Feature",
      "properties": {
        "@id": "way/330144102",
        "addr:housenumber": "25",
        "addr:postcode": "65014",
        "addr:street": "пляж Ланжерон",
        "building": "yes",
        "building:levels": "6",
        "image": "https://photos.app.goo.gl/eZQd9ZmxFU3TCYyW6",
        "name": "Немо",
        "name:en": "Nemo",
        "name:ru": "Немо",
        "name:uk": "Немо",
        "tourism": "hotel",
        "@geometry": "center"
      },
      "geometry": {
        "type": "Point",
        "coordinates": [
          30.7651071,
          46.4775203
        ]
      },
      "id": "way/330144102"
    },
    {
      "type": "Feature",
      "properties": {
        "@id": "way/330144109",
        "addr:housenumber": "1б;1Б",
        "addr:postcode": "65014",
        "addr:street": "Ланжерон пляж",
        "amenity": "restaurant",
        "building": "retail",
        "building:levels": "2",
        "image": "https://photos.app.goo.gl/YNQdaPqqwt38fRYr5",
        "name": "Terrace. Sea view;Тераса Сі Вью",
        "name:ru": "Терраса Си Вью",
        "name:uk": "Terrace. Sea view;Тераса Сі Вью",
        "opening_hours": "Mo-Su 10:00-23:00",
        "website": "https://terraceodessa.com/",
        "@geometry": "center"
      },
      "geometry": {
        "type": "Point",
        "coordinates": [
          30.7653008,
          46.4762748
        ]
      },
      "id": "way/330144109"
    },
    {
      "type": "Feature",
      "properties": {
        "@id": "way/330144120",
        "addr:housenumber": "3",
        "addr:street": "Ланжерон пляж",
        "building": "yes",
        "building:levels": "2",
        "name": "Shalanda",
        "name:uk": "Shalanda",
        "tourism": "hotel",
        "@geometry": "center"
      },
      "geometry": {
        "type": "Point",
        "coordinates": [
          30.7636709,
          46.47081
        ]
      },
      "id": "way/330144120"
    },
    {
      "type": "Feature",
      "properties": {
        "@id": "way/330144121",
        "building": "yes",
        "building:levels": "2",
        "name": "Пальма",
        "name:ru": "Пальма",
        "name:uk": "Пальма",
        "smoking": "separated",
        "tourism": "hotel",
        "@geometry": "center"
      },
      "geometry": {
        "type": "Point",
        "coordinates": [
          30.7639926,
          46.471031
        ]
      },
      "id": "way/330144121"
    },
    {
      "type": "Feature",
      "properties": {
        "@id": "way/330144124",
        "addr:housenumber": "15/1",
        "addr:postcode": "65012",
        "addr:street": "Пляж Отрада",
        "amenity": "restaurant",
        "building": "yes",
        "name": "Otrada Beach Club",
        "name:ru": "Отрада",
        "name:uk": "Otrada Beach Club",
        "@geometry": "center"
      },
      "geometry": {
        "type": "Point",
        "coordinates": [
          30.7618116,
          46.4669312
        ]
      },
      "id": "way/330144124"
    },
    {
      "type": "Feature",
      "properties": {
        "@id": "way/335008515",
        "amenity": "cafe",
        "building": "yes",
        "name": "Дельмар",
        "name:uk": "Дельмар",
        "@geometry": "center"
      },
      "geometry": {
        "type": "Point",
        "coordinates": [
          30.7658169,
          46.4275217
        ]
      },
      "id": "way/335008515"
    },
    {
      "type": "Feature",
      "properties": {
        "@id": "way/335008518",
        "amenity": "restaurant",
        "building": "yes",
        "building:levels": "2",
        "heritage": "7",
        "historic": "heritage",
        "name": "Південна Пальміра",
        "name:ru": "Южная Пальмира",
        "name:uk": "Південна Пальміра",
        "source": "Історико-архітектурний опорний план",
        "@geometry": "center"
      },
      "geometry": {
        "type": "Point",
        "coordinates": [
          30.7666349,
          46.4288624
        ]
      },
      "id": "way/335008518"
    },
    {
      "type": "Feature",
      "properties": {
        "@id": "way/335010042",
        "amenity": "restaurant",
        "building": "yes",
        "name": "Стронг Хаус",
        "name:uk": "Стронг Хаус",
        "@geometry": "center"
      },
      "geometry": {
        "type": "Point",
        "coordinates": [
          30.7660275,
          46.4271172
        ]
      },
      "id": "way/335010042"
    },
    {
      "type": "Feature",
      "properties": {
        "@id": "way/335010045",
        "amenity": "cafe",
        "building": "yes",
        "name": "Парус",
        "name:uk": "Парус",
        "@geometry": "center"
      },
      "geometry": {
        "type": "Point",
        "coordinates": [
          30.7683281,
          46.4312934
        ]
      },
      "id": "way/335010045"
    },
    {
      "type": "Feature",
      "properties": {
        "@id": "way/335010048",
        "addr:housenumber": "21",
        "addr:street": "Пляж Аркадія",
        "amenity": "restaurant",
        "building": "yes",
        "building:levels": "2",
        "image": "https://photos.app.goo.gl/R4Qr26yN5M4vzqUd7",
        "mapillary": "3436296116472205",
        "name": "Ассоль",
        "name:uk": "Ассоль",
        "@geometry": "center"
      },
      "geometry": {
        "type": "Point",
        "coordinates": [
          30.7661463,
          46.4277252
        ]
      },
      "id": "way/335010048"
    },
    {
      "type": "Feature",
      "properties": {
        "@id": "way/335011912",
        "addr:housenumber": "66/3",
        "addr:street": "Французький бульвар",
        "building": "yes",
        "building:levels": "5",
        "name": "Кадорр Готель",
        "name:en": "KADORR Hotel",
        "name:ru": "Кадорр Отель",
        "name:uk": "Кадорр Готель",
        "tourism": "hotel",
        "@geometry": "center"
      },
      "geometry": {
        "type": "Point",
        "coordinates": [
          30.7697929,
          46.4378458
        ]
      },
      "id": "way/335011912"
    },
    {
      "type": "Feature",
      "properties": {
        "@id": "way/335331905",
        "addr:housenumber": "9",
        "addr:postcode": "65012",
        "addr:street": "Пляж Отрада",
        "amenity": "restaurant",
        "building": "yes",
        "name": "Бар-ресторан \"Ріо\"",
        "name:ru": "Бар-ресторан \"Рио\"",
        "name:uk": "Бар-ресторан \"Ріо\"",
        "@geometry": "center"
      },
      "geometry": {
        "type": "Point",
        "coordinates": [
          30.7628184,
          46.4679857
        ]
      },
      "id": "way/335331905"
    },
    {
      "type": "Feature",
      "properties": {
        "@id": "way/336358673",
        "amenity": "restaurant",
        "leisure": "garden",
        "name": "Олександрівський",
        "name:ru": "Александровский",
        "name:uk": "Олександрівський",
        "@geometry": "center"
      },
      "geometry": {
        "type": "Point",
        "coordinates": [
          30.7535132,
          46.4690195
        ]
      },
      "id": "way/336358673"
    },
    {
      "type": "Feature",
      "properties": {
        "@id": "way/337891621",
        "addr:housenumber": "3",
        "addr:street": "Генуезька вулиця",
        "amenity": "cafe",
        "building": "yes",
        "building:levels": "2",
        "wheelchair": "limited",
        "@geometry": "center"
      },
      "geometry": {
        "type": "Point",
        "coordinates": [
          30.7600063,
          46.4349106
        ]
      },
      "id": "way/337891621"
    },
    {
      "type": "Feature",
      "properties": {
        "@id": "way/337891623",
        "addr:housenumber": "1",
        "addr:street": "Генуезька вулиця",
        "amenity": "restaurant",
        "building": "yes",
        "building:levels": "2",
        "cuisine": "georgian",
        "name": "Vano Ivano",
        "name:uk": "Vano Ivano",
        "opening_hours": "Mo-Su 10:00-23:00",
        "phone": "+380 48 793 3793",
        "website": "https://vanoivano.com.ua/",
        "@geometry": "center"
      },
      "geometry": {
        "type": "Point",
        "coordinates": [
          30.7596666,
          46.4356988
        ]
      },
      "id": "way/337891623"
    },
    {
      "type": "Feature",
      "properties": {
        "@id": "way/337891651",
        "amenity": "cafe",
        "building": "yes",
        "name": "Бали",
        "name:uk": "Бали",
        "@geometry": "center"
      },
      "geometry": {
        "type": "Point",
        "coordinates": [
          30.7677326,
          46.4298736
        ]
      },
      "id": "way/337891651"
    },
    {
      "type": "Feature",
      "properties": {
        "@id": "way/337891653",
        "amenity": "cafe",
        "building": "yes",
        "building:levels": "1",
        "name": "Принц",
        "name:uk": "Принц",
        "@geometry": "center"
      },
      "geometry": {
        "type": "Point",
        "coordinates": [
          30.7671324,
          46.428481
        ]
      },
      "id": "way/337891653"
    },
    {
      "type": "Feature",
      "properties": {
        "@id": "way/341776491",
        "amenity": "restaurant",
        "building": "yes",
        "cuisine": "pizza",
        "name": "Піцерія",
        "name:en": "Pizzeria",
        "name:ru": "Пиццерия",
        "name:uk": "Піцерія",
        "@geometry": "center"
      },
      "geometry": {
        "type": "Point",
        "coordinates": [
          30.6213615,
          46.4436199
        ]
      },
      "id": "way/341776491"
    },
    {
      "type": "Feature",
      "properties": {
        "@id": "way/341776492",
        "amenity": "restaurant",
        "building": "yes",
        "cuisine": "italian;regional;mexican",
        "@geometry": "center"
      },
      "geometry": {
        "type": "Point",
        "coordinates": [
          30.6218592,
          46.4448945
        ]
      },
      "id": "way/341776492"
    },
    {
      "type": "Feature",
      "properties": {
        "@id": "way/341781186",
        "addr:city": "Одесса",
        "addr:housenumber": "37",
        "addr:postcode": "65038",
        "amenity": "restaurant",
        "building": "yes",
        "building:levels": "3",
        "name": "Золотий берег",
        "name:uk": "Золотий берег",
        "opening_hours": "10:00-23:00",
        "@geometry": "center"
      },
      "geometry": {
        "type": "Point",
        "coordinates": [
          30.750367,
          46.3885213
        ]
      },
      "id": "way/341781186"
    },
    {
      "type": "Feature",
      "properties": {
        "@id": "way/343996461",
        "addr:housenumber": "5",
        "amenity": "restaurant",
        "building": "yes",
        "name": "Арт-Шат",
        "name:uk": "Арт-Шат",
        "opening_hours": "Mo-Su 11:00-00:00",
        "@geometry": "center"
      },
      "geometry": {
        "type": "Point",
        "coordinates": [
          30.7562407,
          46.4141571
        ]
      },
      "id": "way/343996461"
    },
    {
      "type": "Feature",
      "properties": {
        "@id": "way/344081702",
        "addr:housenumber": "24а",
        "addr:street": "Генуезька вулиця",
        "amenity": "restaurant",
        "building": "yes",
        "building:levels": "2",
        "@geometry": "center"
      },
      "geometry": {
        "type": "Point",
        "coordinates": [
          30.7584268,
          46.434902
        ]
      },
      "id": "way/344081702"
    },
    {
      "type": "Feature",
      "properties": {
        "@id": "way/344497037",
        "amenity": "cafe",
        "building": "yes",
        "name": "Ірочка",
        "name:ru": "Ирочка",
        "name:uk": "Ірочка",
        "@geometry": "center"
      },
      "geometry": {
        "type": "Point",
        "coordinates": [
          30.7679933,
          46.4304055
        ]
      },
      "id": "way/344497037"
    },
    {
      "type": "Feature",
      "properties": {
        "@id": "way/344497041",
        "amenity": "cafe",
        "building": "yes",
        "name": "Робин-Бобин",
        "name:uk": "Робин-Бобин",
        "@geometry": "center"
      },
      "geometry": {
        "type": "Point",
        "coordinates": [
          30.7682405,
          46.4306988
        ]
      },
      "id": "way/344497041"
    },
    {
      "type": "Feature",
      "properties": {
        "@id": "way/344497043",
        "amenity": "restaurant",
        "building": "yes",
        "name": "Тропикано",
        "name:uk": "Тропикано",
        "@geometry": "center"
      },
      "geometry": {
        "type": "Point",
        "coordinates": [
          30.7684539,
          46.4305065
        ]
      },
      "id": "way/344497043"
    },
    {
      "type": "Feature",
      "properties": {
        "@id": "way/345726404",
        "amenity": "cafe",
        "building": "yes",
        "building:levels": "1",
        "name": "Прибой",
        "name:uk": "Прибой",
        "@geometry": "center"
      },
      "geometry": {
        "type": "Point",
        "coordinates": [
          30.3763952,
          46.0028739
        ]
      },
      "id": "way/345726404"
    },
    {
      "type": "Feature",
      "properties": {
        "@id": "way/345726431",
        "amenity": "cafe",
        "building": "yes",
        "building:levels": "1",
        "@geometry": "center"
      },
      "geometry": {
        "type": "Point",
        "coordinates": [
          30.3656856,
          46.0152542
        ]
      },
      "id": "way/345726431"
    },
    {
      "type": "Feature",
      "properties": {
        "@id": "way/345726432",
        "amenity": "cafe",
        "building": "yes",
        "building:levels": "1",
        "@geometry": "center"
      },
      "geometry": {
        "type": "Point",
        "coordinates": [
          30.3783228,
          46.0043225
        ]
      },
      "id": "way/345726432"
    },
    {
      "type": "Feature",
      "properties": {
        "@id": "way/345726441",
        "addr:housenumber": "2а",
        "amenity": "cafe",
        "building": "yes",
        "building:levels": "1",
        "@geometry": "center"
      },
      "geometry": {
        "type": "Point",
        "coordinates": [
          30.3668183,
          46.0167294
        ]
      },
      "id": "way/345726441"
    },
    {
      "type": "Feature",
      "properties": {
        "@id": "way/354185729",
        "addr:housenumber": "114/1а",
        "addr:street": "проспект Князя Володимира Великого",
        "amenity": "cafe",
        "building": "yes",
        "building:levels": "3",
        "contact:instagram": "lava.odesa",
        "cuisine": "pizza",
        "internet_access": "wlan",
        "name": "LAVA",
        "name:en": "LAVA",
        "name:uk": "LAVA",
        "opening_hours": "Mo-Su 12:00-22:00",
        "phone": "+380 48 795 9000",
        "website": "https://lava.choiceqr.com",
        "@geometry": "center"
      },
      "geometry": {
        "type": "Point",
        "coordinates": [
          30.7973399,
          46.5907252
        ]
      },
      "id": "way/354185729"
    },
    {
      "type": "Feature",
      "properties": {
        "@id": "way/355738066",
        "tourism": "hotel",
        "@geometry": "center"
      },
      "geometry": {
        "type": "Point",
        "coordinates": [
          30.563337,
          46.1721637
        ]
      },
      "id": "way/355738066"
    },
    {
      "type": "Feature",
      "properties": {
        "@id": "way/357181716",
        "addr:housenumber": "233а",
        "addr:street": "Вокзальна вулиця",
        "building": "yes",
        "internet_access": "wlan",
        "internet_access:fee": "no",
        "name": "міні-готель Сімейний Відпочинок 233а",
        "name:en": "mini-hotel Family Rest 233a",
        "name:ru": "мини-отель Семейный Отдых 233а",
        "name:uk": "міні-готель Сімейний Відпочинок 233а",
        "phone": "+380 67 762 9838",
        "tourism": "hotel",
        "website": "https://instagram.com/familyrest.zatoka/",
        "wheelchair": "no",
        "@geometry": "center"
      },
      "geometry": {
        "type": "Point",
        "coordinates": [
          30.5099175,
          46.1285642
        ]
      },
      "id": "way/357181716"
    },
    {
      "type": "Feature",
      "properties": {
        "@id": "way/359833518",
        "building": "yes",
        "name": "Мрія",
        "name:uk": "Мрія",
        "tourism": "hotel",
        "@geometry": "center"
      },
      "geometry": {
        "type": "Point",
        "coordinates": [
          29.7604674,
          45.6190524
        ]
      },
      "id": "way/359833518"
    },
    {
      "type": "Feature",
      "properties": {
        "@id": "way/361184895",
        "building": "yes",
        "tourism": "hotel",
        "@geometry": "center"
      },
      "geometry": {
        "type": "Point",
        "coordinates": [
          30.310187,
          45.9448194
        ]
      },
      "id": "way/361184895"
    },
    {
      "type": "Feature",
      "properties": {
        "@id": "way/361184896",
        "building": "hotel",
        "building:levels": "3",
        "name": "Salute",
        "name:uk": "Salute",
        "tourism": "hotel",
        "@geometry": "center"
      },
      "geometry": {
        "type": "Point",
        "coordinates": [
          30.3105281,
          45.9457829
        ]
      },
      "id": "way/361184896"
    },
    {
      "type": "Feature",
      "properties": {
        "@id": "way/361184897",
        "building": "yes",
        "tourism": "hotel",
        "@geometry": "center"
      },
      "geometry": {
        "type": "Point",
        "coordinates": [
          30.311892,
          45.9471562
        ]
      },
      "id": "way/361184897"
    },
    {
      "type": "Feature",
      "properties": {
        "@id": "way/361184899",
        "building": "yes",
        "building:levels": "3",
        "tourism": "hotel",
        "@geometry": "center"
      },
      "geometry": {
        "type": "Point",
        "coordinates": [
          30.3096698,
          45.9449673
        ]
      },
      "id": "way/361184899"
    },
    {
      "type": "Feature",
      "properties": {
        "@id": "way/361184904",
        "building": "hotel",
        "building:levels": "2",
        "tourism": "hotel",
        "@geometry": "center"
      },
      "geometry": {
        "type": "Point",
        "coordinates": [
          30.3094815,
          45.944661
        ]
      },
      "id": "way/361184904"
    },
    {
      "type": "Feature",
      "properties": {
        "@id": "way/361184905",
        "building": "yes",
        "tourism": "hotel",
        "@geometry": "center"
      },
      "geometry": {
        "type": "Point",
        "coordinates": [
          30.3106115,
          45.9453791
        ]
      },
      "id": "way/361184905"
    },
    {
      "type": "Feature",
      "properties": {
        "@id": "way/361184907",
        "building": "yes",
        "name": "Тополь-2",
        "name:uk": "Тополь-2",
        "tourism": "hotel",
        "@geometry": "center"
      },
      "geometry": {
        "type": "Point",
        "coordinates": [
          30.3098279,
          45.9452385
        ]
      },
      "id": "way/361184907"
    },
    {
      "type": "Feature",
      "properties": {
        "@id": "way/361184911",
        "amenity": "cafe",
        "building": "yes",
        "name": "Смачна хата",
        "name:uk": "Смачна хата",
        "@geometry": "center"
      },
      "geometry": {
        "type": "Point",
        "coordinates": [
          30.3088416,
          45.9436121
        ]
      },
      "id": "way/361184911"
    },
    {
      "type": "Feature",
      "properties": {
        "@id": "way/361184913",
        "building": "yes",
        "name": "Будаки",
        "name:uk": "Будаки",
        "tourism": "hotel",
        "@geometry": "center"
      },
      "geometry": {
        "type": "Point",
        "coordinates": [
          30.3089741,
          45.9437298
        ]
      },
      "id": "way/361184913"
    },
    {
      "type": "Feature",
      "properties": {
        "@id": "way/361184914",
        "building": "yes",
        "name": "Будаки",
        "name:uk": "Будаки",
        "tourism": "hotel",
        "@geometry": "center"
      },
      "geometry": {
        "type": "Point",
        "coordinates": [
          30.3087031,
          45.9433942
        ]
      },
      "id": "way/361184914"
    },
    {
      "type": "Feature",
      "properties": {
        "@id": "way/361184915",
        "building": "yes",
        "name": "Парус",
        "name:uk": "Парус",
        "tourism": "hotel",
        "@geometry": "center"
      },
      "geometry": {
        "type": "Point",
        "coordinates": [
          30.3083047,
          45.9429836
        ]
      },
      "id": "way/361184915"
    },
    {
      "type": "Feature",
      "properties": {
        "@id": "way/361184916",
        "building": "yes",
        "building:levels": "3",
        "name": "У моря",
        "name:uk": "У моря",
        "tourism": "hotel",
        "@geometry": "center"
      },
      "geometry": {
        "type": "Point",
        "coordinates": [
          30.3112481,
          45.9459294
        ]
      },
      "id": "way/361184916"
    },
    {
      "type": "Feature",
      "properties": {
        "@id": "way/361184918",
        "building": "yes",
        "building:levels": "4",
        "tourism": "hotel",
        "@geometry": "center"
      },
      "geometry": {
        "type": "Point",
        "coordinates": [
          30.3094439,
          45.9442083
        ]
      },
      "id": "way/361184918"
    },
    {
      "type": "Feature",
      "properties": {
        "@id": "way/361255334",
        "building": "yes",
        "name": "Kilimbeyka Hotel",
        "name:uk": "Kilimbeyka Hotel",
        "tourism": "hotel",
        "@geometry": "center"
      },
      "geometry": {
        "type": "Point",
        "coordinates": [
          29.6098767,
          45.4216463
        ]
      },
      "id": "way/361255334"
    },
    {
      "type": "Feature",
      "properties": {
        "@id": "way/362804163",
        "addr:postcode": "68330",
        "amenity": "cafe",
        "building": "retail",
        "name": "Сідік",
        "name:uk": "Сідік",
        "@geometry": "center"
      },
      "geometry": {
        "type": "Point",
        "coordinates": [
          29.3762389,
          45.640329
        ]
      },
      "id": "way/362804163"
    },
    {
      "type": "Feature",
      "properties": {
        "@id": "way/363991873",
        "addr:housenumber": "14",
        "addr:postcode": "67701",
        "addr:street": "Єврейська вулиця",
        "amenity": "cafe",
        "building": "yes",
        "cuisine": "cake",
        "internet_access": "no",
        "name": "Казка",
        "name:ru": "Сказка",
        "name:uk": "Казка",
        "opening_hours": "08:00-23:00",
        "smoking": "outside",
        "wheelchair": "no",
        "@geometry": "center"
      },
      "geometry": {
        "type": "Point",
        "coordinates": [
          30.3468316,
          46.1938878
        ]
      },
      "id": "way/363991873"
    },
    {
      "type": "Feature",
      "properties": {
        "@id": "way/363991887",
        "addr:housenumber": "33",
        "addr:street": "Михайлівська вулиця",
        "amenity": "cafe",
        "building": "yes",
        "internet_access": "wlan",
        "name": "Гурман",
        "name:uk": "Гурман",
        "wheelchair": "no",
        "@geometry": "center"
      },
      "geometry": {
        "type": "Point",
        "coordinates": [
          30.3461511,
          46.1946068
        ]
      },
      "id": "way/363991887"
    },
    {
      "type": "Feature",
      "properties": {
        "@id": "way/364532009",
        "amenity": "restaurant",
        "building": "yes",
        "building:levels": "2",
        "name": "Діоніс",
        "name:ru": "Дионис",
        "name:uk": "Діоніс",
        "wheelchair": "limited",
        "@geometry": "center"
      },
      "geometry": {
        "type": "Point",
        "coordinates": [
          30.3478054,
          46.192454
        ]
      },
      "id": "way/364532009"
    },
    {
      "type": "Feature",
      "properties": {
        "@id": "way/366321682",
        "addr:housenumber": "1б",
        "building": "yes",
        "name": "Південна",
        "name:uk": "Південна",
        "roof:colour": "blue",
        "tourism": "hotel",
        "@geometry": "center"
      },
      "geometry": {
        "type": "Point",
        "coordinates": [
          30.3560178,
          46.0195488
        ]
      },
      "id": "way/366321682"
    },
    {
      "type": "Feature",
      "properties": {
        "@id": "way/369536169",
        "amenity": "restaurant",
        "building": "yes",
        "name": "Фламинго",
        "name:uk": "Фламинго",
        "@geometry": "center"
      },
      "geometry": {
        "type": "Point",
        "coordinates": [
          31.107374,
          46.6234647
        ]
      },
      "id": "way/369536169"
    },
    {
      "type": "Feature",
      "properties": {
        "@id": "way/371265435",
        "amenity": "restaurant",
        "building": "yes",
        "name": "Ноев Ковчег",
        "name:uk": "Ноев Ковчег",
        "@geometry": "center"
      },
      "geometry": {
        "type": "Point",
        "coordinates": [
          30.4465127,
          46.0610156
        ]
      },
      "id": "way/371265435"
    },
    {
      "type": "Feature",
      "properties": {
        "@id": "way/372065458",
        "amenity": "restaurant",
        "building": "yes",
        "cuisine": "sausage",
        "name": "Віденські сосиски",
        "name:en": "Vensky Sosysky",
        "name:ru": "Венские Сосиски",
        "name:uk": "Віденські сосиски",
        "takeaway": "yes",
        "@geometry": "center"
      },
      "geometry": {
        "type": "Point",
        "coordinates": [
          30.7358491,
          46.4844544
        ]
      },
      "id": "way/372065458"
    },
    {
      "type": "Feature",
      "properties": {
        "@id": "way/375235005",
        "addr:housenumber": "1/1а",
        "addr:postcode": "65012",
        "addr:street": "Старобазарний сквер",
        "amenity": "cafe",
        "building": "yes",
        "name": "Механа",
        "name:en": "Mekhana",
        "name:uk": "Механа",
        "@geometry": "center"
      },
      "geometry": {
        "type": "Point",
        "coordinates": [
          30.7353673,
          46.4751103
        ]
      },
      "id": "way/375235005"
    },
    {
      "type": "Feature",
      "properties": {
        "@id": "way/378124215",
        "addr:city": "Дельжилер",
        "addr:country": "UA",
        "addr:district": "Білгород-Дністровський район",
        "addr:housenumber": "11б",
        "addr:postcode": "68110",
        "addr:region": "Одеська область",
        "addr:street": "вулиця Гагаріна",
        "addr:village": "Дельжилер",
        "amenity": "cafe",
        "building": "yes",
        "building:height": "5",
        "height": "5",
        "roof:height": "1.5",
        "roof:levels": "1",
        "roof:shape": "hipped",
        "@geometry": "center"
      },
      "geometry": {
        "type": "Point",
        "coordinates": [
          29.4878183,
          45.8386672
        ]
      },
      "id": "way/378124215"
    },
    {
      "type": "Feature",
      "properties": {
        "@id": "way/380214638",
        "addr:housenumber": "1",
        "addr:postcode": "65490",
        "addr:street": "Піонерна вулиця",
        "amenity": "cafe",
        "building": "yes",
        "building:levels": "1",
        "cuisine": "azerbaijan",
        "internet_access": "wlan",
        "name": "\"Шекінський Дворик\"",
        "name:uk": "\"Шекінський Дворик\"",
        "@geometry": "center"
      },
      "geometry": {
        "type": "Point",
        "coordinates": [
          30.3268536,
          46.5027971
        ]
      },
      "id": "way/380214638"
    },
    {
      "type": "Feature",
      "properties": {
        "@id": "way/386508494",
        "name": "Готельний комплекс \"Фредерік Коклен\"",
        "name:ru": "Гостиничный комплекс \"Фредерик Коклен\"",
        "name:uk": "Готельний комплекс \"Фредерік Коклен\"",
        "tourism": "hotel",
        "@geometry": "center"
      },
      "geometry": {
        "type": "Point",
        "coordinates": [
          30.7336377,
          46.488651
        ]
      },
      "id": "way/386508494"
    },
    {
      "type": "Feature",
      "properties": {
        "@id": "way/386575540",
        "addr:housenumber": "125/1а",
        "addr:postcode": "65088",
        "amenity": "cafe",
        "building": "yes",
        "internet_access": "wlan",
        "name": "\"Єреван\"",
        "name:ru": "\"Ереван\"",
        "name:uk": "\"Єреван\"",
        "@geometry": "center"
      },
      "geometry": {
        "type": "Point",
        "coordinates": [
          30.7302049,
          46.4079535
        ]
      },
      "id": "way/386575540"
    },
    {
      "type": "Feature",
      "properties": {
        "@id": "way/386701092",
        "name": "Готелний комплекс \"Промінада\"",
        "name:ru": "Гостиничный комплекс \"Проминада\"",
        "name:uk": "Готелний комплекс \"Промінада\"",
        "tourism": "hotel",
        "wheelchair": "no",
        "@geometry": "center"
      },
      "geometry": {
        "type": "Point",
        "coordinates": [
          30.7561843,
          46.4108875
        ]
      },
      "id": "way/386701092"
    },
    {
      "type": "Feature",
      "properties": {
        "@id": "way/386701101",
        "addr:housenumber": "135",
        "building:levels": "1",
        "tourism": "hotel",
        "@geometry": "center"
      },
      "geometry": {
        "type": "Point",
        "coordinates": [
          30.7540662,
          46.4117332
        ]
      },
      "id": "way/386701101"
    },
    {
      "type": "Feature",
      "properties": {
        "@id": "way/386878743",
        "name": "Готель \"Моцарт\"",
        "name:de": "Mozart Hotel",
        "name:en": "Mozart Hotel",
        "name:ru": "Отель Моцарт",
        "name:uk": "Готель \"Моцарт\"",
        "tourism": "hotel",
        "website": "https://mozart-hotel.com/",
        "@geometry": "center"
      },
      "geometry": {
        "type": "Point",
        "coordinates": [
          30.7402344,
          46.484735
        ]
      },
      "id": "way/386878743"
    },
    {
      "type": "Feature",
      "properties": {
        "@id": "way/387383821",
        "addr:housenumber": "5",
        "addr:postcode": "65026",
        "addr:street": "Дерибасівська вулиця",
        "building": "hotel",
        "building:levels": "4",
        "name": "Контіненталь",
        "name:en": "Continental Hotel",
        "name:ru": "Отель \"Континенталь\"",
        "name:uk": "Контіненталь",
        "tourism": "hotel",
        "@geometry": "center"
      },
      "geometry": {
        "type": "Point",
        "coordinates": [
          30.7436257,
          46.4835195
        ]
      },
      "id": "way/387383821"
    },
    {
      "type": "Feature",
      "properties": {
        "@id": "way/387826950",
        "addr:housenumber": "43а",
        "addr:street": "вулиця Академіка Заболотного",
        "amenity": "cafe",
        "building": "yes",
        "building:levels": "1",
        "contact:instagram": "https://www.instagram.com/kafe_ykarasia/",
        "name": "У Карася",
        "name:en": "U Karasia",
        "name:ru": "У Карася",
        "name:uk": "У Карася",
        "opening_hours": "24/7",
        "phone": "+380 63 533 0073;+380 67 844 1694",
        "website": "https://y-karasya.od.ua/",
        "@geometry": "center"
      },
      "geometry": {
        "type": "Point",
        "coordinates": [
          30.795312,
          46.5776853
        ]
      },
      "id": "way/387826950"
    },
    {
      "type": "Feature",
      "properties": {
        "@id": "way/387835810",
        "amenity": "restaurant",
        "building": "yes",
        "name": "Клуб \"Одін\"",
        "name:ru": "Клуб \"Один\"",
        "name:uk": "Клуб \"Одін\"",
        "@geometry": "center"
      },
      "geometry": {
        "type": "Point",
        "coordinates": [
          30.7138717,
          46.4604624
        ]
      },
      "id": "way/387835810"
    },
    {
      "type": "Feature",
      "properties": {
        "@id": "way/387904980",
        "amenity": "cafe",
        "name": "Brioche",
        "@geometry": "center"
      },
      "geometry": {
        "type": "Point",
        "coordinates": [
          30.719364,
          46.4285347
        ]
      },
      "id": "way/387904980"
    },
    {
      "type": "Feature",
      "properties": {
        "@id": "way/387904984",
        "amenity": "cafe",
        "building": "yes",
        "name": "Lapsha",
        "name:en": "Lapsha",
        "name:ru": "Lapsha",
        "name:uk": "Lapsha",
        "@geometry": "center"
      },
      "geometry": {
        "type": "Point",
        "coordinates": [
          30.7146247,
          46.4295903
        ]
      },
      "id": "way/387904984"
    },
    {
      "type": "Feature",
      "properties": {
        "@id": "way/388082507",
        "addr:housenumber": "43б",
        "addr:postcode": "65113",
        "addr:street": "вулиця Академіка Корольова",
        "amenity": "restaurant",
        "building": "yes",
        "building:levels": "2",
        "name": "Radioactive",
        "name:ru": "Радиоактив",
        "name:uk": "Radioactive",
        "@geometry": "center"
      },
      "geometry": {
        "type": "Point",
        "coordinates": [
          30.7242022,
          46.3974044
        ]
      },
      "id": "way/388082507"
    },
    {
      "type": "Feature",
      "properties": {
        "@id": "way/388697492",
        "addr:housenumber": "85",
        "addr:street": "Французький бульвар",
        "addr:unit": "корпус 15",
        "amenity": "restaurant",
        "capacity": "125",
        "contact:facebook": "https://www.facebook.com/Dacha.Restaurant",
        "contact:instagram": "https://www.instagram.com/restaurant.dacha/",
        "name": "Дача",
        "name:en": "Dacha",
        "name:ru": "Дача",
        "name:uk": "Дача",
        "natural": "wood",
        "opening_hours": "Mo-Su 09:00-22:00",
        "outdoor_seating": "yes",
        "phone": "+380 67 481 1430",
        "reservation": "recommended",
        "toilets": "yes",
        "toilets:access": "customers",
        "website": "https://www.dacha.com.ua/",
        "website:menu": "https://expz.menu/fbc816db-b24b-4b9f-adc0-51a8529bdd59",
        "@geometry": "center"
      },
      "geometry": {
        "type": "Point",
        "coordinates": [
          30.7645165,
          46.4473739
        ]
      },
      "id": "way/388697492"
    },
    {
      "type": "Feature",
      "properties": {
        "@id": "way/388697497",
        "leisure": "park",
        "name": "Міжрейсова база моряків",
        "name:ru": "Межрейсовая база моряков",
        "name:uk": "Міжрейсова база моряків",
        "tourism": "hotel",
        "@geometry": "center"
      },
      "geometry": {
        "type": "Point",
        "coordinates": [
          30.7625811,
          46.4397379
        ]
      },
      "id": "way/388697497"
    },
    {
      "type": "Feature",
      "properties": {
        "@id": "way/388697512",
        "internet_access": "wlan",
        "name": "Центр відпочинку \"Аркадія Плаза\"",
        "name:en": "Arcadia Plaza",
        "name:ru": "Центр отдыха \"Аркадия Плаза\"",
        "name:uk": "Центр відпочинку \"Аркадія Плаза\"",
        "tourism": "hotel",
        "website": "www.arcadia-plaza.od.ua",
        "@geometry": "center"
      },
      "geometry": {
        "type": "Point",
        "coordinates": [
          30.7604566,
          46.4304331
        ]
      },
      "id": "way/388697512"
    },
    {
      "type": "Feature",
      "properties": {
        "@id": "way/388796702",
        "name": "База відпочинку \"Сонячна\"",
        "name:ru": "База отдыха \"Солнечная\"",
        "name:uk": "База відпочинку \"Сонячна\"",
        "tourism": "hotel",
        "@geometry": "center"
      },
      "geometry": {
        "type": "Point",
        "coordinates": [
          30.7493608,
          46.5445807
        ]
      },
      "id": "way/388796702"
    },
    {
      "type": "Feature",
      "properties": {
        "@id": "way/388897379",
        "name": "Пансіонат \"Будинок Павлових\"",
        "name:ru": "Пансионат \"Дом Павловых\"",
        "name:uk": "Пансіонат \"Будинок Павлових\"",
        "tourism": "hotel",
        "@geometry": "center"
      },
      "geometry": {
        "type": "Point",
        "coordinates": [
          30.7520447,
          46.5456486
        ]
      },
      "id": "way/388897379"
    },
    {
      "type": "Feature",
      "properties": {
        "@id": "way/389287303",
        "name": "Готельно-ресторанний комплекс \"Palace del Mar\"",
        "name:ru": "Гостинично-ресторанный комплекс \"Palace del Mar\"",
        "name:uk": "Готельно-ресторанний комплекс \"Palace del Mar\"",
        "tourism": "hotel",
        "@geometry": "center"
      },
      "geometry": {
        "type": "Point",
        "coordinates": [
          30.7640337,
          46.427083
        ]
      },
      "id": "way/389287303"
    },
    {
      "type": "Feature",
      "properties": {
        "@id": "way/389287307",
        "leisure": "sports_centre",
        "name": "Центр відпочинку \"Морський\"",
        "name:ru": "Центр отдыха \"Морской\"",
        "name:uk": "Центр відпочинку \"Морський\"",
        "tourism": "hotel",
        "@geometry": "center"
      },
      "geometry": {
        "type": "Point",
        "coordinates": [
          30.765408,
          46.4280304
        ]
      },
      "id": "way/389287307"
    },
    {
      "type": "Feature",
      "properties": {
        "@id": "way/389531905",
        "name": "Готельно-розважальний комплекс \"Улісс\"",
        "name:ru": "Гостинично-развлекательный комплекс \"Улисс\"",
        "name:uk": "Готельно-розважальний комплекс \"Улісс\"",
        "tourism": "hotel",
        "@geometry": "center"
      },
      "geometry": {
        "type": "Point",
        "coordinates": [
          30.7338607,
          46.3996762
        ]
      },
      "id": "way/389531905"
    },
    {
      "type": "Feature",
      "properties": {
        "@id": "way/389572717",
        "addr:housenumber": "77",
        "addr:postcode": "65016",
        "addr:street": "Фонтанська дорога",
        "amenity": "restaurant",
        "building": "yes",
        "building:levels": "1",
        "capacity": "500",
        "contact:website": "https://reefodessa.com/",
        "name": "REEF",
        "name:ru": "Риф",
        "name:uk": "REEF",
        "opening_hours": "Mo-Su 11:00-22:00",
        "outdoor_seating": "yes",
        "smoking": "isolated",
        "takeaway": "no",
        "@geometry": "center"
      },
      "geometry": {
        "type": "Point",
        "coordinates": [
          30.7550331,
          46.4049548
        ]
      },
      "id": "way/389572717"
    },
    {
      "type": "Feature",
      "properties": {
        "@id": "way/396395335",
        "addr:housenumber": "83",
        "addr:street": "Ізмаїльська вулиця",
        "amenity": "cafe",
        "building": "yes",
        "name": "Топольок",
        "name:ru": "Тополёк",
        "name:uk": "Топольок",
        "@geometry": "center"
      },
      "geometry": {
        "type": "Point",
        "coordinates": [
          30.3293188,
          46.1868961
        ]
      },
      "id": "way/396395335"
    },
    {
      "type": "Feature",
      "properties": {
        "@id": "way/396402096",
        "addr:city": "Білгород-Дністровський",
        "addr:housenumber": "127",
        "addr:street": "Ізмаїльська вулиця",
        "amenity": "restaurant",
        "building": "yes",
        "name": "Tequila Club",
        "name:uk": "Tequila Club",
        "@geometry": "center"
      },
      "geometry": {
        "type": "Point",
        "coordinates": [
          30.3216665,
          46.1830829
        ]
      },
      "id": "way/396402096"
    },
    {
      "type": "Feature",
      "properties": {
        "@id": "way/406269708",
        "addr:housenumber": "4",
        "addr:postcode": "65044",
        "amenity": "restaurant",
        "building": "yes",
        "name": "Underhill lounge & beach",
        "@geometry": "center"
      },
      "geometry": {
        "type": "Point",
        "coordinates": [
          30.7682459,
          46.4536762
        ]
      },
      "id": "way/406269708"
    },
    {
      "type": "Feature",
      "properties": {
        "@id": "way/415662118",
        "amenity": "cafe",
        "building": "yes",
        "wheelchair": "yes",
        "@geometry": "center"
      },
      "geometry": {
        "type": "Point",
        "coordinates": [
          30.3471928,
          46.1936495
        ]
      },
      "id": "way/415662118"
    },
    {
      "type": "Feature",
      "properties": {
        "@id": "way/420510858",
        "landuse": "recreation_ground",
        "name": "Фрумушика-Нова",
        "name:en": "Frumushika-Nova",
        "name:ru": "Фрумушика-Нова",
        "name:uk": "Фрумушика-Нова",
        "phone": "+380 48 759 8819",
        "tourism": "hotel",
        "website": "https://frumushika.com/",
        "@geometry": "center"
      },
      "geometry": {
        "type": "Point",
        "coordinates": [
          29.4103552,
          46.29445
        ]
      },
      "id": "way/420510858"
    },
    {
      "type": "Feature",
      "properties": {
        "@id": "way/422425292",
        "amenity": "restaurant",
        "building": "yes",
        "building:levels": "1",
        "cuisine": "italian",
        "internet_access": "wlan",
        "name": "Тавернетта",
        "name:en": "Tavernetta",
        "name:ru": "Тавернетта",
        "name:uk": "Тавернетта",
        "opening_hours": "Mo-Su 09:00-00:00",
        "outdoor_seating": "yes",
        "phone": "+380 96 234 4621",
        "source": "Openstreetbugs",
        "website": "http://www.tavernetta.ua",
        "@geometry": "center"
      },
      "geometry": {
        "type": "Point",
        "coordinates": [
          30.7382499,
          46.4779875
        ]
      },
      "id": "way/422425292"
    },
    {
      "type": "Feature",
      "properties": {
        "@id": "way/423104980",
        "name": "Рута",
        "name:uk": "Рута",
        "tourism": "hotel",
        "@geometry": "center"
      },
      "geometry": {
        "type": "Point",
        "coordinates": [
          30.440804,
          46.0559544
        ]
      },
      "id": "way/423104980"
    },
    {
      "type": "Feature",
      "properties": {
        "@id": "way/423430646",
        "addr:housenumber": "104",
        "addr:street": "Ізмаїльська вулиця",
        "building": "yes",
        "building:levels": "2",
        "name": "Ласточка",
        "name:uk": "Ласточка",
        "tourism": "hotel",
        "@geometry": "center"
      },
      "geometry": {
        "type": "Point",
        "coordinates": [
          30.3331037,
          46.1891994
        ]
      },
      "id": "way/423430646"
    },
    {
      "type": "Feature",
      "properties": {
        "@id": "way/423430648",
        "amenity": "cafe",
        "building": "yes",
        "@geometry": "center"
      },
      "geometry": {
        "type": "Point",
        "coordinates": [
          30.3379682,
          46.1858965
        ]
      },
      "id": "way/423430648"
    },
    {
      "type": "Feature",
      "properties": {
        "@id": "way/428807752",
        "addr:housenumber": "54",
        "addr:street": "вулиця Українська",
        "amenity": "cafe",
        "building": "yes",
        "cuisine": "coffee_shop",
        "internet_access": "yes",
        "internet_access:fee": "no",
        "name": "Coffee City",
        "name:uk": "Coffee City",
        "opening_hours": "Mo-Su 08:00-20:00",
        "outdoor_seating": "no",
        "smoking": "outside",
        "takeaway": "no",
        "wheelchair": "no",
        "@geometry": "center"
      },
      "geometry": {
        "type": "Point",
        "coordinates": [
          30.3504306,
          46.1912227
        ]
      },
      "id": "way/428807752"
    },
    {
      "type": "Feature",
      "properties": {
        "@id": "way/430432027",
        "addr:housenumber": "9а",
        "addr:postcode": "65104",
        "addr:street": "вулиця Сім'ї Глодан",
        "amenity": "cafe",
        "building": "yes",
        "cuisine": "regional;sandwich;savory_pancakes;local;coffee_shop;grill;chicken",
        "internet_access": "wlan",
        "name": "Затишний Дворик",
        "name:ru": "Уютный Дворик",
        "name:uk": "Затишний Дворик",
        "opening_hours": "Mo-Su 11:00-00:00",
        "phone": "+380 48 704 6234",
        "website": "http://dvorik.od.ua",
        "@geometry": "center"
      },
      "geometry": {
        "type": "Point",
        "coordinates": [
          30.71709,
          46.4020592
        ]
      },
      "id": "way/430432027"
    },
    {
      "type": "Feature",
      "properties": {
        "@id": "way/430625121",
        "building": "yes",
        "name": "Оболонь",
        "name:uk": "Оболонь",
        "opening_hours": "24/7",
        "tourism": "hotel",
        "@geometry": "center"
      },
      "geometry": {
        "type": "Point",
        "coordinates": [
          30.3382161,
          46.1854286
        ]
      },
      "id": "way/430625121"
    },
    {
      "type": "Feature",
      "properties": {
        "@id": "node/431046352",
        "historic": "monument"
      },
      "geometry": {
        "type": "Point",
        "coordinates": [
          30.3780175,
          46.1384977
        ]
      },
      "id": "node/431046352"
    },
    {
      "type": "Feature",
      "properties": {
        "@id": "node/431046353",
        "historic": "monument"
      },
      "geometry": {
        "type": "Point",
        "coordinates": [
          30.3794441,
          46.1377687
        ]
      },
      "id": "node/431046353"
    },
    {
      "type": "Feature",
      "properties": {
        "@id": "node/431046360",
        "amenity": "cafe"
      },
      "geometry": {
        "type": "Point",
        "coordinates": [
          30.3853972,
          46.1306573
        ]
      },
      "id": "node/431046360"
    },
    {
      "type": "Feature",
      "properties": {
        "@id": "node/431046361",
        "amenity": "cafe"
      },
      "geometry": {
        "type": "Point",
        "coordinates": [
          30.3858173,
          46.1281713
        ]
      },
      "id": "node/431046361"
    },
    {
      "type": "Feature",
      "properties": {
        "@id": "node/431046390",
        "historic": "monument"
      },
      "geometry": {
        "type": "Point",
        "coordinates": [
          30.3579637,
          46.0596802
        ]
      },
      "id": "node/431046390"
    },
    {
      "type": "Feature",
      "properties": {
        "@id": "node/431046534",
        "amenity": "cafe"
      },
      "geometry": {
        "type": "Point",
        "coordinates": [
          30.3655078,
          46.0144512
        ]
      },
      "id": "node/431046534"
    },
    {
      "type": "Feature",
      "properties": {
        "@id": "node/431046535",
        "amenity": "cafe"
      },
      "geometry": {
        "type": "Point",
        "coordinates": [
          30.3655157,
          46.0144112
        ]
      },
      "id": "node/431046535"
    },
    {
      "type": "Feature",
      "properties": {
        "@id": "way/431886211",
        "addr:housenumber": "72а к1",
        "addr:postcode": "65098",
        "amenity": "restaurant",
        "building": "yes",
        "@geometry": "center"
      },
      "geometry": {
        "type": "Point",
        "coordinates": [
          30.657851,
          46.4635882
        ]
      },
      "id": "way/431886211"
    },
    {
      "type": "Feature",
      "properties": {
        "@id": "way/433907243",
        "addr:housenumber": "25/1",
        "amenity": "restaurant",
        "building": "yes",
        "name": "Арт-Шат",
        "name:uk": "Арт-Шат",
        "opening_hours": "Mo-Su 11:00-00:00",
        "@geometry": "center"
      },
      "geometry": {
        "type": "Point",
        "coordinates": [
          30.6805417,
          46.4452366
        ]
      },
      "id": "way/433907243"
    },
    {
      "type": "Feature",
      "properties": {
        "@id": "way/435116175",
        "addr:housenumber": "2б",
        "addr:postcode": "65038",
        "addr:street": "Набережна вулиця",
        "amenity": "restaurant",
        "building": "retail",
        "name": "Гоголь у моря",
        "name:en": "Hohol u Moriia",
        "name:ru": "Гоголь у моря",
        "name:uk": "Гоголь у моря",
        "@geometry": "center"
      },
      "geometry": {
        "type": "Point",
        "coordinates": [
          30.7300525,
          46.3681057
        ]
      },
      "id": "way/435116175"
    },
    {
      "type": "Feature",
      "properties": {
        "@id": "way/437019247",
        "amenity": "cafe",
        "building": "yes",
        "building:levels": "1",
        "name": "Місце зустрічі",
        "name:en": "Mistse Zustrichi",
        "name:ru": "Место встречи",
        "name:uk": "Місце зустрічі",
        "opening_hours": "09:00-23:00",
        "@geometry": "center"
      },
      "geometry": {
        "type": "Point",
        "coordinates": [
          30.7090688,
          46.4761596
        ]
      },
      "id": "way/437019247"
    },
    {
      "type": "Feature",
      "properties": {
        "@id": "way/437381914",
        "amenity": "cafe",
        "building": "retail",
        "cuisine": "regional",
        "internet_access": "wlan",
        "name": "Лакомка",
        "name:uk": "Лакомка",
        "outdoor_seating": "yes",
        "roof:colour": "red",
        "smoking": "no",
        "@geometry": "center"
      },
      "geometry": {
        "type": "Point",
        "coordinates": [
          28.2797269,
          45.4544062
        ]
      },
      "id": "way/437381914"
    },
    {
      "type": "Feature",
      "properties": {
        "@id": "way/437445881",
        "addr:city": "Затока",
        "addr:housenumber": "25",
        "addr:street": "Приморська вулиця",
        "amenity": "restaurant",
        "building": "house",
        "capacity": "70",
        "cuisine": "regional",
        "delivery": "no",
        "level": "0",
        "name": "Фрикадели",
        "name:uk": "Фрикадели",
        "opening_hours": "08:00-24:00",
        "phone": "+380 97 804 7037",
        "smoking": "separated",
        "takeaway": "yes",
        "website": "https://www.prim25.com/meatballs",
        "@geometry": "center"
      },
      "geometry": {
        "type": "Point",
        "coordinates": [
          30.4623229,
          46.0699307
        ]
      },
      "id": "way/437445881"
    },
    {
      "type": "Feature",
      "properties": {
        "@id": "way/440642641",
        "addr:housenumber": "27-Б",
        "amenity": "cafe",
        "building": "retail",
        "name": "Фортуна",
        "name:ru": "Фортуна",
        "name:uk": "Фортуна",
        "@geometry": "center"
      },
      "geometry": {
        "type": "Point",
        "coordinates": [
          28.2895692,
          45.4467714
        ]
      },
      "id": "way/440642641"
    },
    {
      "type": "Feature",
      "properties": {
        "@id": "way/441588294",
        "building": "yes",
        "name": "Європа",
        "name:uk": "Європа",
        "tourism": "hotel",
        "@geometry": "center"
      },
      "geometry": {
        "type": "Point",
        "coordinates": [
          28.2293496,
          45.4819941
        ]
      },
      "id": "way/441588294"
    },
    {
      "type": "Feature",
      "properties": {
        "@id": "way/442328875",
        "amenity": "cafe",
        "building": "yes",
        "name": "Pizza & Gril",
        "name:uk": "Pizza & Gril",
        "wheelchair": "yes",
        "@geometry": "center"
      },
      "geometry": {
        "type": "Point",
        "coordinates": [
          30.7078575,
          46.4225659
        ]
      },
      "id": "way/442328875"
    },
    {
      "type": "Feature",
      "properties": {
        "@id": "way/443343163",
        "addr:housenumber": "88/1",
        "addr:street": "вулиця Академіка Корольова",
        "amenity": "restaurant",
        "building": "yes",
        "name": "Arkhimus",
        "name:uk": "Arkhimus",
        "opening_hours": "09:00-24:00",
        "outdoor_seating": "yes",
        "phone": "+380 67 963 4799",
        "@geometry": "center"
      },
      "geometry": {
        "type": "Point",
        "coordinates": [
          30.7193478,
          46.3929361
        ]
      },
      "id": "way/443343163"
    },
    {
      "type": "Feature",
      "properties": {
        "@id": "way/448161612",
        "name": "база відпочинку \"Ювілейний\"",
        "name:uk": "база відпочинку \"Ювілейний\"",
        "tourism": "hotel",
        "@geometry": "center"
      },
      "geometry": {
        "type": "Point",
        "coordinates": [
          30.6429349,
          46.2741318
        ]
      },
      "id": "way/448161612"
    },
    {
      "type": "Feature",
      "properties": {
        "@id": "way/448512154",
        "leisure": "resort",
        "name": "База відпочинку \"Дружба\"",
        "name:uk": "База відпочинку \"Дружба\"",
        "resort": "recreation_center",
        "tourism": "hotel",
        "@geometry": "center"
      },
      "geometry": {
        "type": "Point",
        "coordinates": [
          30.6511774,
          46.2839842
        ]
      },
      "id": "way/448512154"
    },
    {
      "type": "Feature",
      "properties": {
        "@id": "way/449726458",
        "name": "Комплекс „Актея“",
        "name:uk": "Комплекс „Актея“",
        "tourism": "hotel",
        "@geometry": "center"
      },
      "geometry": {
        "type": "Point",
        "coordinates": [
          31.1732584,
          46.6304859
        ]
      },
      "id": "way/449726458"
    },
    {
      "type": "Feature",
      "properties": {
        "@id": "way/450665030",
        "name": "Готельний комплекс \"Маріон\"",
        "name:ru": "Гостиничный комплекс \"Марион\"",
        "name:uk": "Готельний комплекс \"Маріон\"",
        "tourism": "hotel",
        "@geometry": "center"
      },
      "geometry": {
        "type": "Point",
        "coordinates": [
          30.7487886,
          46.4166531
        ]
      },
      "id": "way/450665030"
    },
    {
      "type": "Feature",
      "properties": {
        "@id": "way/451056297",
        "addr:housenumber": "86/87",
        "addr:postcode": "65058",
        "amenity": "restaurant",
        "building": "yes",
        "name": "Double Whisky",
        "name:uk": "Double Whisky",
        "@geometry": "center"
      },
      "geometry": {
        "type": "Point",
        "coordinates": [
          30.7656688,
          46.4429263
        ]
      },
      "id": "way/451056297"
    },
    {
      "type": "Feature",
      "properties": {
        "@id": "way/452080497",
        "amenity": "cafe",
        "building": "yes",
        "@geometry": "center"
      },
      "geometry": {
        "type": "Point",
        "coordinates": [
          30.71909,
          46.4868792
        ]
      },
      "id": "way/452080497"
    },
    {
      "type": "Feature",
      "properties": {
        "@id": "way/452080511",
        "addr:housenumber": "14а",
        "addr:postcode": "65029",
        "addr:street": "Старопортофранківська вулиця",
        "amenity": "restaurant",
        "building": "yes",
        "name": "Rozana",
        "name:uk": "Rozana",
        "phone": "+380 99 544 3964",
        "@geometry": "center"
      },
      "geometry": {
        "type": "Point",
        "coordinates": [
          30.7184671,
          46.4887928
        ]
      },
      "id": "way/452080511"
    },
    {
      "type": "Feature",
      "properties": {
        "@id": "way/459047168",
        "addr:city": "Одесса",
        "addr:housenumber": "37/1",
        "addr:postcode": "65038",
        "addr:street": "Золотой берег",
        "amenity": "cafe",
        "building": "yes",
        "internet_access": "wlan",
        "name": "Буржуйка",
        "name:uk": "Буржуйка",
        "opening_hours": "10:00-23:00",
        "takeaway": "yes",
        "@geometry": "center"
      },
      "geometry": {
        "type": "Point",
        "coordinates": [
          30.7508249,
          46.3883994
        ]
      },
      "id": "way/459047168"
    },
    {
      "type": "Feature",
      "properties": {
        "@id": "way/460089868",
        "addr:housenumber": "84",
        "addr:street": "вулиця Левітана",
        "amenity": "restaurant",
        "building": "yes",
        "building:levels": "2",
        "name": "Tairov",
        "name:ru": "Таиров",
        "name:uk": "Таиров",
        "wheelchair": "limited",
        "@geometry": "center"
      },
      "geometry": {
        "type": "Point",
        "coordinates": [
          30.7182732,
          46.4062061
        ]
      },
      "id": "way/460089868"
    },
    {
      "type": "Feature",
      "properties": {
        "@id": "way/460151738",
        "addr:housenumber": "4б",
        "addr:street": "вулиця Сім'ї Глодан",
        "amenity": "restaurant",
        "building": "yes",
        "cuisine": "caucasian",
        "name": "Вечерний Баку",
        "name:uk": "Вечерний Баку",
        "opening_hours": "Mo-Fr 9:00-20:00",
        "phone": "+380 67 488 1017",
        "takeaway": "yes",
        "website": "vecherniybaku.com",
        "@geometry": "center"
      },
      "geometry": {
        "type": "Point",
        "coordinates": [
          30.713125,
          46.4034089
        ]
      },
      "id": "way/460151738"
    },
    {
      "type": "Feature",
      "properties": {
        "@id": "node/462234956",
        "addr:city": "Затока",
        "amenity": "cafe",
        "name": "Шоколад",
        "name:uk": "Шоколад"
      },
      "geometry": {
        "type": "Point",
        "coordinates": [
          30.4575603,
          46.0674851
        ]
      },
      "id": "node/462234956"
    },
    {
      "type": "Feature",
      "properties": {
        "@id": "way/467226851",
        "amenity": "cafe",
        "building": "yes",
        "name": "Їдальня \"Озерки\"",
        "name:uk": "Їдальня \"Озерки\"",
        "@geometry": "center"
      },
      "geometry": {
        "type": "Point",
        "coordinates": [
          30.4791516,
          46.083551
        ]
      },
      "id": "way/467226851"
    },
    {
      "type": "Feature",
      "properties": {
        "@id": "way/467945377",
        "amenity": "restaurant",
        "building": "yes",
        "name": "Кафе Круасан",
        "name:uk": "Кафе Круасан",
        "phone": "+380 67 727 7680",
        "@geometry": "center"
      },
      "geometry": {
        "type": "Point",
        "coordinates": [
          30.4104611,
          46.0310633
        ]
      },
      "id": "way/467945377"
    },
    {
      "type": "Feature",
      "properties": {
        "@id": "way/467945383",
        "amenity": "cafe",
        "building": "yes",
        "name": "Їдальня",
        "name:ru": "Столовая",
        "name:uk": "Їдальня",
        "@geometry": "center"
      },
      "geometry": {
        "type": "Point",
        "coordinates": [
          30.4110318,
          46.0317879
        ]
      },
      "id": "way/467945383"
    },
    {
      "type": "Feature",
      "properties": {
        "@id": "way/468173943",
        "addr:housenumber": "12",
        "addr:street": "провулок Віце-адмірала Жукова",
        "building": "hotel",
        "building:levels": "2",
        "email": "reception@ws-hotel.com",
        "name": "Wall Street Hotel",
        "name:en": "Wall Street Hotel",
        "name:uk": "Wall Street Hotel",
        "phone": "+380 50 477 3900",
        "tourism": "hotel",
        "website": "https://ws-hotel.com/ua",
        "@geometry": "center"
      },
      "geometry": {
        "type": "Point",
        "coordinates": [
          30.7336626,
          46.4819603
        ]
      },
      "id": "way/468173943"
    },
    {
      "type": "Feature",
      "properties": {
        "@id": "way/468173976",
        "amenity": "restaurant",
        "building": "yes",
        "@geometry": "center"
      },
      "geometry": {
        "type": "Point",
        "coordinates": [
          30.7315423,
          46.4815148
        ]
      },
      "id": "way/468173976"
    },
    {
      "type": "Feature",
      "properties": {
        "@id": "node/472887182",
        "name": "База відпочинку \"Плай\"",
        "name:uk": "База відпочинку \"Плай\"",
        "tourism": "hotel"
      },
      "geometry": {
        "type": "Point",
        "coordinates": [
          29.8482454,
          45.658023
        ]
      },
      "id": "node/472887182"
    },
    {
      "type": "Feature",
      "properties": {
        "@id": "way/479209905",
        "amenity": "cafe",
        "building": "yes",
        "@geometry": "center"
      },
      "geometry": {
        "type": "Point",
        "coordinates": [
          30.326152,
          46.174812
        ]
      },
      "id": "way/479209905"
    },
    {
      "type": "Feature",
      "properties": {
        "@id": "way/481296112",
        "building": "yes",
        "name": "Адмірал",
        "name:uk": "Адмірал",
        "tourism": "hotel",
        "@geometry": "center"
      },
      "geometry": {
        "type": "Point",
        "coordinates": [
          30.4467391,
          46.0591225
        ]
      },
      "id": "way/481296112"
    },
    {
      "type": "Feature",
      "properties": {
        "@id": "way/481296114",
        "building": "yes",
        "name": "Адмірал",
        "name:uk": "Адмірал",
        "tourism": "hotel",
        "@geometry": "center"
      },
      "geometry": {
        "type": "Point",
        "coordinates": [
          30.4470885,
          46.0589686
        ]
      },
      "id": "way/481296114"
    },
    {
      "type": "Feature",
      "properties": {
        "@id": "way/481296129",
        "building": "yes",
        "name": "Водограй",
        "name:uk": "Водограй",
        "tourism": "hotel",
        "@geometry": "center"
      },
      "geometry": {
        "type": "Point",
        "coordinates": [
          30.4490629,
          46.0602917
        ]
      },
      "id": "way/481296129"
    },
    {
      "type": "Feature",
      "properties": {
        "@id": "way/485493305",
        "addr:street": "Приморська вулиця",
        "building": "yes",
        "email": "udych.lena@gmail.com",
        "internet_access": "wlan",
        "internet_access:fee": "no",
        "name": "Готель-бар Білий Парус",
        "name:en": "hotel-bar Belyi Parus",
        "name:ru": "отель-бар Белый Парус",
        "name:uk": "Готель-бар Білий Парус",
        "opening_hours": "May 1-Sep 30:Mo-Su 8:00-23:00",
        "phone": "+380 50 207 4700",
        "tourism": "hotel",
        "website": "https://www.instagram.com/beluy_parus/",
        "wheelchair": "no",
        "@geometry": "center"
      },
      "geometry": {
        "type": "Point",
        "coordinates": [
          30.4164217,
          46.0353437
        ]
      },
      "id": "way/485493305"
    },
    {
      "type": "Feature",
      "properties": {
        "@id": "way/485546642",
        "tourism": "hotel",
        "@geometry": "center"
      },
      "geometry": {
        "type": "Point",
        "coordinates": [
          29.6123676,
          45.3946151
        ]
      },
      "id": "way/485546642"
    },
    {
      "type": "Feature",
      "properties": {
        "@id": "way/485649900",
        "addr:housenumber": "50",
        "addr:street": "вулиця Генерала Бочарова",
        "amenity": "restaurant",
        "building": "yes",
        "building:levels": "2",
        "contact:instagram": "https://www.instagram.com/uha.restaurant/",
        "name": "Уха",
        "name:uk": "Уха",
        "@geometry": "center"
      },
      "geometry": {
        "type": "Point",
        "coordinates": [
          30.8129399,
          46.5821679
        ]
      },
      "id": "way/485649900"
    },
    {
      "type": "Feature",
      "properties": {
        "@id": "way/492365968",
        "amenity": "cafe",
        "building": "retail",
        "name": "Трамвайний",
        "name:uk": "Трамвайний",
        "@geometry": "center"
      },
      "geometry": {
        "type": "Point",
        "coordinates": [
          30.6671991,
          46.3360132
        ]
      },
      "id": "way/492365968"
    },
    {
      "type": "Feature",
      "properties": {
        "@id": "way/492601534",
        "amenity": "cafe",
        "building": "yes",
        "building:levels": "1",
        "@geometry": "center"
      },
      "geometry": {
        "type": "Point",
        "coordinates": [
          30.730139,
          46.4683515
        ]
      },
      "id": "way/492601534"
    },
    {
      "type": "Feature",
      "properties": {
        "@id": "way/495463233",
        "amenity": "restaurant",
        "building": "yes",
        "name": "Alice",
        "@geometry": "center"
      },
      "geometry": {
        "type": "Point",
        "coordinates": [
          30.6948912,
          46.4860784
        ]
      },
      "id": "way/495463233"
    },
    {
      "type": "Feature",
      "properties": {
        "@id": "way/495679977",
        "amenity": "cafe",
        "building": "yes",
        "@geometry": "center"
      },
      "geometry": {
        "type": "Point",
        "coordinates": [
          30.6797057,
          46.3237629
        ]
      },
      "id": "way/495679977"
    },
    {
      "type": "Feature",
      "properties": {
        "@id": "way/495679980",
        "addr:housenumber": "4",
        "addr:street": "Черноморская дорога",
        "building": "yes",
        "name": "Terrace",
        "name:en": "Terrace",
        "name:uk": "Terrace",
        "tourism": "hotel",
        "website": "https://www.kottedg.pp.ua/terrace",
        "@geometry": "center"
      },
      "geometry": {
        "type": "Point",
        "coordinates": [
          30.6807081,
          46.325049
        ]
      },
      "id": "way/495679980"
    },
    {
      "type": "Feature",
      "properties": {
        "@id": "way/495815320",
        "amenity": "cafe",
        "building": "yes",
        "building:levels": "2",
        "name": "Паромщик",
        "name:ru": "Паромщик",
        "name:uk": "Паромщик",
        "@geometry": "center"
      },
      "geometry": {
        "type": "Point",
        "coordinates": [
          30.6403878,
          46.3498036
        ]
      },
      "id": "way/495815320"
    },
    {
      "type": "Feature",
      "properties": {
        "@id": "way/500661827",
        "addr:housenumber": "119",
        "addr:postcode": "65088",
        "addr:street": "вулиця Костанді",
        "building": "yes",
        "name": "Спа-готель \"Гостинний двір Добриня\"",
        "name:uk": "Спа-готель \"Гостинний двір Добриня\"",
        "tourism": "hotel",
        "@geometry": "center"
      },
      "geometry": {
        "type": "Point",
        "coordinates": [
          30.7324198,
          46.4052664
        ]
      },
      "id": "way/500661827"
    },
    {
      "type": "Feature",
      "properties": {
        "@id": "way/504487109",
        "addr:housenumber": "33",
        "addr:postcode": "65014",
        "amenity": "restaurant",
        "building": "retail",
        "name": "Amore more",
        "name:uk": "Amore more",
        "@geometry": "center"
      },
      "geometry": {
        "type": "Point",
        "coordinates": [
          30.7645081,
          46.4761616
        ]
      },
      "id": "way/504487109"
    },
    {
      "type": "Feature",
      "properties": {
        "@id": "way/504618159",
        "addr:street": "Десантний бульвар",
        "amenity": "cafe",
        "building": "retail",
        "building:levels": "1",
        "cuisine": "coffee_shop",
        "@geometry": "center"
      },
      "geometry": {
        "type": "Point",
        "coordinates": [
          30.7903436,
          46.5759889
        ]
      },
      "id": "way/504618159"
    },
    {
      "type": "Feature",
      "properties": {
        "@id": "way/505747549",
        "amenity": "cafe",
        "building": "yes",
        "name": "Йокогама",
        "name:uk": "Йокогама",
        "@geometry": "center"
      },
      "geometry": {
        "type": "Point",
        "coordinates": [
          30.7672253,
          46.4291377
        ]
      },
      "id": "way/505747549"
    },
    {
      "type": "Feature",
      "properties": {
        "@id": "way/505747550",
        "amenity": "cafe",
        "building": "yes",
        "name": "Симге",
        "name:uk": "Симге",
        "@geometry": "center"
      },
      "geometry": {
        "type": "Point",
        "coordinates": [
          30.7670664,
          46.4288868
        ]
      },
      "id": "way/505747550"
    },
    {
      "type": "Feature",
      "properties": {
        "@id": "way/505747877",
        "amenity": "cafe",
        "building": "yes",
        "name": "Медея",
        "name:uk": "Медея",
        "@geometry": "center"
      },
      "geometry": {
        "type": "Point",
        "coordinates": [
          30.765774,
          46.4272527
        ]
      },
      "id": "way/505747877"
    },
    {
      "type": "Feature",
      "properties": {
        "@id": "way/512273538",
        "amenity": "cafe",
        "building": "yes",
        "name": "Їдальня",
        "name:uk": "Їдальня",
        "@geometry": "center"
      },
      "geometry": {
        "type": "Point",
        "coordinates": [
          30.2982077,
          45.9444113
        ]
      },
      "id": "way/512273538"
    },
    {
      "type": "Feature",
      "properties": {
        "@id": "way/513965012",
        "addr:city": "Фонтанка",
        "addr:housenumber": "1",
        "addr:street": "бульвар Променад",
        "amenity": "restaurant",
        "bar": "yes",
        "building": "retail",
        "building:levels": "1",
        "contact:instagram": "https://www.instagram.com/more.restaurant.od",
        "cuisine": "barbecue;fish;international;italian;pasta;pizza;sushi",
        "internet_access": "wlan",
        "internet_access:fee": "no",
        "mobile": "+38 (093) 913 08 08",
        "name": "Море",
        "name:uk": "Море",
        "opening_hours": "10:00-24:00",
        "outdoor_seating": "yes",
        "payment:cash": "yes",
        "payment:contactless": "yes",
        "reservation": "recommended",
        "source": "survey",
        "website": "https://moreodessa.com.ua/",
        "@geometry": "center"
      },
      "geometry": {
        "type": "Point",
        "coordinates": [
          30.8454671,
          46.5545465
        ]
      },
      "id": "way/513965012"
    },
    {
      "type": "Feature",
      "properties": {
        "@id": "way/513965921",
        "building": "yes",
        "name": "Здоров'я",
        "name:ru": "Здоровье",
        "name:uk": "Здоров'я",
        "phone": "+380 67 267 4293",
        "tourism": "hotel",
        "website": "https://www.instagram.com/zdoroviazatoka/",
        "wheelchair": "limited",
        "@geometry": "center"
      },
      "geometry": {
        "type": "Point",
        "coordinates": [
          30.4149132,
          46.0354305
        ]
      },
      "id": "way/513965921"
    },
    {
      "type": "Feature",
      "properties": {
        "@id": "way/516624298",
        "building": "yes",
        "building:levels": "4",
        "name": "Тополь-3",
        "name:uk": "Тополь-3",
        "tourism": "hotel",
        "@geometry": "center"
      },
      "geometry": {
        "type": "Point",
        "coordinates": [
          30.3121614,
          45.946985
        ]
      },
      "id": "way/516624298"
    },
    {
      "type": "Feature",
      "properties": {
        "@id": "way/517328813",
        "addr:housenumber": "71",
        "addr:street": "вулиця Дача Ковалевського",
        "building": "yes",
        "name": "Готель Redling",
        "name:ru": "Редлинг",
        "name:uk": "Готель Redling",
        "tourism": "hotel",
        "@geometry": "center"
      },
      "geometry": {
        "type": "Point",
        "coordinates": [
          30.7451483,
          46.3843481
        ]
      },
      "id": "way/517328813"
    },
    {
      "type": "Feature",
      "properties": {
        "@id": "way/519032774",
        "amenity": "restaurant",
        "building": "yes",
        "name": "Шериф",
        "name:uk": "Шериф",
        "@geometry": "center"
      },
      "geometry": {
        "type": "Point",
        "coordinates": [
          28.2802315,
          45.4573398
        ]
      },
      "id": "way/519032774"
    },
    {
      "type": "Feature",
      "properties": {
        "@id": "way/519423458",
        "amenity": "restaurant",
        "building": "yes",
        "name": "Шайба",
        "name:en": "Shaiba",
        "name:ru": "Шайба",
        "name:uk": "Шайба",
        "@geometry": "center"
      },
      "geometry": {
        "type": "Point",
        "coordinates": [
          28.2826072,
          45.4513409
        ]
      },
      "id": "way/519423458"
    },
    {
      "type": "Feature",
      "properties": {
        "@id": "way/520248912",
        "amenity": "cafe",
        "building": "yes",
        "name": "Шоколад",
        "name:uk": "Шоколад",
        "opening_hours": "Mo-Sa 08:00-20:00",
        "outdoor_seating": "yes",
        "smoking": "outside",
        "@geometry": "center"
      },
      "geometry": {
        "type": "Point",
        "coordinates": [
          28.2786604,
          45.4555129
        ]
      },
      "id": "way/520248912"
    },
    {
      "type": "Feature",
      "properties": {
        "@id": "way/520248913",
        "amenity": "cafe",
        "building": "yes",
        "name": "Lion",
        "name:en": "Leon",
        "name:uk": "Lion",
        "outdoor_seating": "yes",
        "smoking": "outside",
        "@geometry": "center"
      },
      "geometry": {
        "type": "Point",
        "coordinates": [
          28.278472,
          45.4553401
        ]
      },
      "id": "way/520248913"
    },
    {
      "type": "Feature",
      "properties": {
        "@id": "way/520248916",
        "amenity": "cafe",
        "building": "yes",
        "name": "Кафе-Бар \"Ласточка\"",
        "name:uk": "Кафе-Бар \"Ласточка\"",
        "outdoor_seating": "yes",
        "smoking": "outside",
        "@geometry": "center"
      },
      "geometry": {
        "type": "Point",
        "coordinates": [
          28.2778016,
          45.4547125
        ]
      },
      "id": "way/520248916"
    },
    {
      "type": "Feature",
      "properties": {
        "@id": "way/520281544",
        "addr:housenumber": "135",
        "amenity": "cafe",
        "building": "retail",
        "name": "Садко",
        "name:ru": "Садко",
        "name:uk": "Садко",
        "opening_hours": "Mo-Su 09:00-23:59",
        "@geometry": "center"
      },
      "geometry": {
        "type": "Point",
        "coordinates": [
          28.2810726,
          45.4536029
        ]
      },
      "id": "way/520281544"
    },
    {
      "type": "Feature",
      "properties": {
        "@id": "way/521204641",
        "amenity": "restaurant",
        "building": "yes",
        "name": "Замок",
        "name:uk": "Замок",
        "@geometry": "center"
      },
      "geometry": {
        "type": "Point",
        "coordinates": [
          30.5382667,
          46.144109
        ]
      },
      "id": "way/521204641"
    },
    {
      "type": "Feature",
      "properties": {
        "@id": "way/521204642",
        "amenity": "restaurant",
        "building": "yes",
        "name": "Фрегат",
        "name:uk": "Фрегат",
        "@geometry": "center"
      },
      "geometry": {
        "type": "Point",
        "coordinates": [
          30.5368281,
          46.1440027
        ]
      },
      "id": "way/521204642"
    },
    {
      "type": "Feature",
      "properties": {
        "@id": "way/521806184",
        "building": "yes",
        "tourism": "hotel",
        "@geometry": "center"
      },
      "geometry": {
        "type": "Point",
        "coordinates": [
          30.5357063,
          46.1446096
        ]
      },
      "id": "way/521806184"
    },
    {
      "type": "Feature",
      "properties": {
        "@id": "way/521806185",
        "building": "yes",
        "tourism": "hotel",
        "@geometry": "center"
      },
      "geometry": {
        "type": "Point",
        "coordinates": [
          30.5354956,
          46.1445511
        ]
      },
      "id": "way/521806185"
    },
    {
      "type": "Feature",
      "properties": {
        "@id": "way/521806187",
        "building": "yes",
        "tourism": "hotel",
        "@geometry": "center"
      },
      "geometry": {
        "type": "Point",
        "coordinates": [
          30.5357158,
          46.1444039
        ]
      },
      "id": "way/521806187"
    },
    {
      "type": "Feature",
      "properties": {
        "@id": "way/536050732",
        "addr:housenumber": "14",
        "addr:street": "Чорноморська вулиця",
        "building": "hotel",
        "name": "Анна Марія",
        "name:ru": "Анна Мария",
        "name:uk": "Анна Марія",
        "tourism": "hotel",
        "@geometry": "center"
      },
      "geometry": {
        "type": "Point",
        "coordinates": [
          30.2950985,
          45.9323339
        ]
      },
      "id": "way/536050732"
    },
    {
      "type": "Feature",
      "properties": {
        "@id": "way/536050743",
        "name": "Бріз",
        "name:ru": "Бриз",
        "name:uk": "Бріз",
        "tourism": "hotel",
        "@geometry": "center"
      },
      "geometry": {
        "type": "Point",
        "coordinates": [
          30.3109599,
          45.9463795
        ]
      },
      "id": "way/536050743"
    },
    {
      "type": "Feature",
      "properties": {
        "@id": "way/537551044",
        "addr:housenumber": "153г",
        "addr:postcode": "65016",
        "amenity": "restaurant",
        "building": "retail",
        "building:levels": "1",
        "name": "Шансон",
        "name:uk": "Шансон",
        "@geometry": "center"
      },
      "geometry": {
        "type": "Point",
        "coordinates": [
          30.7548759,
          46.4015474
        ]
      },
      "id": "way/537551044"
    },
    {
      "type": "Feature",
      "properties": {
        "@id": "way/539023945",
        "addr:housenumber": "37",
        "addr:postcode": "65031",
        "amenity": "cafe",
        "building:levels": "1",
        "@geometry": "center"
      },
      "geometry": {
        "type": "Point",
        "coordinates": [
          30.6627221,
          46.48477
        ]
      },
      "id": "way/539023945"
    },
    {
      "type": "Feature",
      "properties": {
        "@id": "way/539055131",
        "amenity": "cafe",
        "building": "yes",
        "name": "Клумба",
        "opening_hours": "Mo-Su,PH 09:00-22:00",
        "@geometry": "center"
      },
      "geometry": {
        "type": "Point",
        "coordinates": [
          30.7138906,
          46.4291963
        ]
      },
      "id": "way/539055131"
    },
    {
      "type": "Feature",
      "properties": {
        "@id": "way/539320070",
        "addr:housenumber": "58",
        "addr:postcode": "65016",
        "amenity": "restaurant",
        "building": "yes",
        "building:levels": "1",
        "@geometry": "center"
      },
      "geometry": {
        "type": "Point",
        "coordinates": [
          30.7533585,
          46.4146081
        ]
      },
      "id": "way/539320070"
    },
    {
      "type": "Feature",
      "properties": {
        "@id": "way/543992510",
        "addr:housenumber": "6а",
        "addr:postcode": "65031",
        "addr:street": "вулиця Сергія Ядова",
        "amenity": "cafe",
        "building": "yes",
        "internet_access": "yes",
        "name": "Хатинка",
        "name:uk": "Хатинка",
        "opening_hours": "10:00-24:00",
        "outdoor_seating": "yes",
        "@geometry": "center"
      },
      "geometry": {
        "type": "Point",
        "coordinates": [
          30.6871544,
          46.4866607
        ]
      },
      "id": "way/543992510"
    },
    {
      "type": "Feature",
      "properties": {
        "@id": "way/545331146",
        "amenity": "cafe",
        "building": "yes",
        "disused": "yes",
        "@geometry": "center"
      },
      "geometry": {
        "type": "Point",
        "coordinates": [
          28.9232505,
          47.9897057
        ]
      },
      "id": "way/545331146"
    },
    {
      "type": "Feature",
      "properties": {
        "@id": "way/549194447",
        "addr:street": "Соборна вулиця",
        "amenity": "cafe",
        "building": "yes",
        "name": "Зустріч",
        "name:uk": "Зустріч",
        "@geometry": "center"
      },
      "geometry": {
        "type": "Point",
        "coordinates": [
          29.5438276,
          47.7316214
        ]
      },
      "id": "way/549194447"
    },
    {
      "type": "Feature",
      "properties": {
        "@id": "way/550102345",
        "amenity": "cafe",
        "building": "yes",
        "name": "Хвилинка",
        "name:uk": "Хвилинка",
        "@geometry": "center"
      },
      "geometry": {
        "type": "Point",
        "coordinates": [
          29.5535274,
          47.7203248
        ]
      },
      "id": "way/550102345"
    },
    {
      "type": "Feature",
      "properties": {
        "@id": "way/568824677",
        "amenity": "cafe",
        "building": "yes",
        "name": "Шашлична",
        "name:uk": "Шашлична",
        "@geometry": "center"
      },
      "geometry": {
        "type": "Point",
        "coordinates": [
          30.7532268,
          46.4686808
        ]
      },
      "id": "way/568824677"
    },
    {
      "type": "Feature",
      "properties": {
        "@id": "way/591352436",
        "addr:housenumber": "96",
        "addr:postcode": "65012",
        "amenity": "cafe",
        "building": "yes",
        "building:levels": "2",
        "name": "Кафе-бар \"Магелан\"",
        "name:uk": "Кафе-бар \"Магелан\"",
        "@geometry": "center"
      },
      "geometry": {
        "type": "Point",
        "coordinates": [
          30.7454509,
          46.4631003
        ]
      },
      "id": "way/591352436"
    },
    {
      "type": "Feature",
      "properties": {
        "@id": "way/598541024",
        "amenity": "cafe",
        "building": "yes",
        "name": "Pizza sushi",
        "name:uk": "Pizza sushi",
        "wheelchair": "limited",
        "@geometry": "center"
      },
      "geometry": {
        "type": "Point",
        "coordinates": [
          30.7218998,
          46.4035258
        ]
      },
      "id": "way/598541024"
    },
    {
      "type": "Feature",
      "properties": {
        "@id": "way/620925520",
        "addr:housenumber": "164",
        "addr:street": "вулиця Татарбунарського Повстання",
        "name": "Дельта",
        "name:uk": "Дельта",
        "opening_hours": "24/7",
        "tourism": "hotel",
        "website": "http://deltahotel.net.ua/",
        "@geometry": "center"
      },
      "geometry": {
        "type": "Point",
        "coordinates": [
          29.5773686,
          45.4113834
        ]
      },
      "id": "way/620925520"
    },
    {
      "type": "Feature",
      "properties": {
        "@id": "way/633904297",
        "amenity": "cafe",
        "@geometry": "center"
      },
      "geometry": {
        "type": "Point",
        "coordinates": [
          30.7510965,
          46.4784367
        ]
      },
      "id": "way/633904297"
    },
    {
      "type": "Feature",
      "properties": {
        "@id": "node/634062548",
        "amenity": "restaurant",
        "name": "Lapsha",
        "name:en": "Lapsha",
        "name:ru": "Lapsha",
        "name:uk": "Lapsha"
      },
      "geometry": {
        "type": "Point",
        "coordinates": [
          30.7146017,
          46.4295759
        ]
      },
      "id": "node/634062548"
    },
    {
      "type": "Feature",
      "properties": {
        "@id": "node/642992034",
        "amenity": "restaurant",
        "name": "Мілан",
        "name:ru": "Милан",
        "name:uk": "Мілан"
      },
      "geometry": {
        "type": "Point",
        "coordinates": [
          30.7445587,
          46.4383303
        ]
      },
      "id": "node/642992034"
    },
    {
      "type": "Feature",
      "properties": {
        "@id": "way/656935229",
        "amenity": "cafe",
        "building": "yes",
        "@geometry": "center"
      },
      "geometry": {
        "type": "Point",
        "coordinates": [
          30.2017856,
          46.4819908
        ]
      },
      "id": "way/656935229"
    },
    {
      "type": "Feature",
      "properties": {
        "@id": "way/671128812",
        "amenity": "cafe",
        "building": "yes",
        "building:levels": "1",
        "name": "Дитинство",
        "name:uk": "Дитинство",
        "@geometry": "center"
      },
      "geometry": {
        "type": "Point",
        "coordinates": [
          30.6964082,
          46.4322345
        ]
      },
      "id": "way/671128812"
    },
    {
      "type": "Feature",
      "properties": {
        "@id": "way/683871012",
        "addr:housenumber": "1-В",
        "amenity": "cafe",
        "building": "retail",
        "building:levels": "1",
        "building:material": "plaster",
        "contact:instagram": "https://www.instagram.com/cafe_budjak_izmail/",
        "cuisine": "bessarabian",
        "name": "Budjak",
        "name:en": "Budjak",
        "opening_hours": "Mo-Su 10:00-23:00",
        "roof:colour": "red",
        "roof:levels": "1",
        "roof:shape": "gabled",
        "@geometry": "center"
      },
      "geometry": {
        "type": "Point",
        "coordinates": [
          28.8278153,
          45.3591404
        ]
      },
      "id": "way/683871012"
    },
    {
      "type": "Feature",
      "properties": {
        "@id": "way/683972433",
        "amenity": "cafe",
        "building": "yes",
        "@geometry": "center"
      },
      "geometry": {
        "type": "Point",
        "coordinates": [
          29.8752371,
          46.0760312
        ]
      },
      "id": "way/683972433"
    },
    {
      "type": "Feature",
      "properties": {
        "@id": "way/689621942",
        "amenity": "cafe",
        "building": "yes",
        "cuisine": "international",
        "name": "Бар Трюфель",
        "name:uk": "Бар Трюфель",
        "outdoor_seating": "no",
        "@geometry": "center"
      },
      "geometry": {
        "type": "Point",
        "coordinates": [
          30.6641283,
          46.4712023
        ]
      },
      "id": "way/689621942"
    },
    {
      "type": "Feature",
      "properties": {
        "@id": "way/689962381",
        "addr:housenumber": "68",
        "addr:street": "Вокзальная",
        "building": "hotel",
        "email": "hotelaquaparkzatoka@gmail.com",
        "internet_access": "wlan",
        "name": "Готель Аквапарк Затока",
        "name:uk": "Готель Аквапарк Затока",
        "phone": "+380 48 740 7007",
        "rooms": "69",
        "tourism": "hotel",
        "website": "https://aquaparkzatoka.com.ua/hotel",
        "@geometry": "center"
      },
      "geometry": {
        "type": "Point",
        "coordinates": [
          30.5155309,
          46.1349003
        ]
      },
      "id": "way/689962381"
    },
    {
      "type": "Feature",
      "properties": {
        "@id": "way/691255087",
        "addr:housenumber": "3а",
        "addr:street": "Бригадна вулиця",
        "building": "yes",
        "name": "Kolmark Residence",
        "name:uk": "Kolmark Residence",
        "tourism": "hotel",
        "@geometry": "center"
      },
      "geometry": {
        "type": "Point",
        "coordinates": [
          30.7508597,
          46.4256498
        ]
      },
      "id": "way/691255087"
    },
    {
      "type": "Feature",
      "properties": {
        "@id": "way/694784648",
        "amenity": "cafe",
        "building": "yes",
        "cuisine": "regional",
        "name": "Пікнік",
        "name:uk": "Пікнік",
        "@geometry": "center"
      },
      "geometry": {
        "type": "Point",
        "coordinates": [
          29.1493266,
          46.1862054
        ]
      },
      "id": "way/694784648"
    },
    {
      "type": "Feature",
      "properties": {
        "@id": "way/697617594",
        "addr:housenumber": "116",
        "addr:street": "вулиця Академіка Корольова",
        "amenity": "restaurant",
        "building": "yes",
        "name": "Рексторан Аризона",
        "name:uk": "Рексторан Аризона",
        "@geometry": "center"
      },
      "geometry": {
        "type": "Point",
        "coordinates": [
          30.72106,
          46.385778
        ]
      },
      "id": "way/697617594"
    },
    {
      "type": "Feature",
      "properties": {
        "@id": "way/712447623",
        "amenity": "cafe",
        "building": "yes",
        "@geometry": "center"
      },
      "geometry": {
        "type": "Point",
        "coordinates": [
          30.5955605,
          46.2214367
        ]
      },
      "id": "way/712447623"
    },
    {
      "type": "Feature",
      "properties": {
        "@id": "way/744357466",
        "amenity": "cafe",
        "building": "yes",
        "name": "ВДВ",
        "name:uk": "ВДВ",
        "outdoor_seating": "yes",
        "phone": "+380684836010",
        "website": "https://vdv-cafe.od.ua/",
        "@geometry": "center"
      },
      "geometry": {
        "type": "Point",
        "coordinates": [
          30.7183133,
          46.4291999
        ]
      },
      "id": "way/744357466"
    },
    {
      "type": "Feature",
      "properties": {
        "@id": "way/751405384",
        "addr:housenumber": "5",
        "addr:street": "вулиця Вадима Корженка",
        "building": "yes",
        "building:levels": "3",
        "internet_access": "yes",
        "internet_access:fee": "no",
        "name": "Geneva Park Hotel",
        "name:uk": "Готель Женева Парк",
        "phone": "+380 48 716 5550",
        "tourism": "hotel",
        "website": "https://geneva-hotel.com.ua/",
        "@geometry": "center"
      },
      "geometry": {
        "type": "Point",
        "coordinates": [
          30.7455868,
          46.4770171
        ]
      },
      "id": "way/751405384"
    },
    {
      "type": "Feature",
      "properties": {
        "@id": "way/751405388",
        "addr:housenumber": "5",
        "addr:street": "вулиця Вадима Корженка",
        "building": "yes",
        "name": "Club City House Klumba",
        "name:uk": "Club City House Klumba",
        "phone": "+380 67 627 0727",
        "tourism": "hotel",
        "@geometry": "center"
      },
      "geometry": {
        "type": "Point",
        "coordinates": [
          30.7456433,
          46.4772114
        ]
      },
      "id": "way/751405388"
    },
    {
      "type": "Feature",
      "properties": {
        "@id": "way/762426668",
        "amenity": "restaurant",
        "microbrewery": "yes",
        "name": "Bohemian",
        "name:en": "Bohemian",
        "name:uk": "Bohemian",
        "outdoor_seating": "yes",
        "@geometry": "center"
      },
      "geometry": {
        "type": "Point",
        "coordinates": [
          30.6969254,
          46.3632771
        ]
      },
      "id": "way/762426668"
    },
    {
      "type": "Feature",
      "properties": {
        "@id": "way/768544300",
        "air_conditioning": "yes",
        "amenity": "cafe",
        "building": "retail",
        "check_date": "2024-12-22",
        "cuisine": "coffee_shop",
        "name": "pausa",
        "name:en": "pausa",
        "opening_hours": "08:00-22:00",
        "outdoor_seating": "yes",
        "payment:cash": "yes",
        "payment:mastercard": "yes",
        "payment:visa": "yes",
        "source": "survey",
        "takeaway": "yes",
        "toilets": "yes",
        "wheelchair": "no",
        "@geometry": "center"
      },
      "geometry": {
        "type": "Point",
        "coordinates": [
          28.8355905,
          45.3468252
        ]
      },
      "id": "way/768544300"
    },
    {
      "type": "Feature",
      "properties": {
        "@id": "way/776583045",
        "amenity": "restaurant",
        "amenity_1": "karaoke",
        "building:levels": "2",
        "building:part": "retail",
        "cuisine": "regional;sushi;turkish",
        "opening_hours": "24/7",
        "outdoor_seating": "no",
        "smoking": "isolated",
        "@geometry": "center"
      },
      "geometry": {
        "type": "Point",
        "coordinates": [
          28.8239285,
          45.3625177
        ]
      },
      "id": "way/776583045"
    },
    {
      "type": "Feature",
      "properties": {
        "@id": "way/776583046",
        "building:levels": "3",
        "contact:email": "hotal.zeytun@gmail.com",
        "tourism": "hotel",
        "@geometry": "center"
      },
      "geometry": {
        "type": "Point",
        "coordinates": [
          28.8242667,
          45.3625428
        ]
      },
      "id": "way/776583046"
    },
    {
      "type": "Feature",
      "properties": {
        "@id": "way/792592710",
        "addr:housenumber": "13",
        "addr:street": "вулиця Григорія Яковлєва",
        "amenity": "restaurant",
        "building": "yes",
        "cuisine": "pizza",
        "opening_hours": "Mo-Su 12:00-23:00",
        "@geometry": "center"
      },
      "geometry": {
        "type": "Point",
        "coordinates": [
          28.8340205,
          45.3537379
        ]
      },
      "id": "way/792592710"
    },
    {
      "type": "Feature",
      "properties": {
        "@id": "way/792784996",
        "amenity": "restaurant",
        "building": "retail",
        "@geometry": "center"
      },
      "geometry": {
        "type": "Point",
        "coordinates": [
          28.8353729,
          45.3559115
        ]
      },
      "id": "way/792784996"
    },
    {
      "type": "Feature",
      "properties": {
        "@id": "way/805315100",
        "amenity": "restaurant",
        "cuisine": "international",
        "name": "Еколандія",
        "name:uk": "Еколандія",
        "outdoor_seating": "yes",
        "takeaway": "yes",
        "@geometry": "center"
      },
      "geometry": {
        "type": "Point",
        "coordinates": [
          30.5254904,
          46.5003543
        ]
      },
      "id": "way/805315100"
    },
    {
      "type": "Feature",
      "properties": {
        "@id": "way/805924877",
        "amenity": "cafe",
        "building": "yes",
        "cuisine": "local",
        "name": "Кафе Тиха Поляна",
        "name:ru": "Кафе Тихая Поляна",
        "name:uk": "Кафе Тиха Поляна",
        "opening_hours": "08:00-04:00",
        "phone": "+380 67 978 1064",
        "@geometry": "center"
      },
      "geometry": {
        "type": "Point",
        "coordinates": [
          29.6011996,
          45.8243222
        ]
      },
      "id": "way/805924877"
    },
    {
      "type": "Feature",
      "properties": {
        "@id": "way/806825438",
        "addr:housenumber": "273",
        "addr:street": "Красна вулиця",
        "amenity": "cafe",
        "building": "yes",
        "@geometry": "center"
      },
      "geometry": {
        "type": "Point",
        "coordinates": [
          29.1411066,
          46.191406
        ]
      },
      "id": "way/806825438"
    },
    {
      "type": "Feature",
      "properties": {
        "@id": "way/807835507",
        "amenity": "cafe",
        "building": "retail",
        "name": "Хуторок",
        "name:uk": "Хуторок",
        "@geometry": "center"
      },
      "geometry": {
        "type": "Point",
        "coordinates": [
          28.8336675,
          45.3365445
        ]
      },
      "id": "way/807835507"
    },
    {
      "type": "Feature",
      "properties": {
        "@id": "way/808264042",
        "addr:housenumber": "96",
        "addr:street": "Центральна вулиця",
        "amenity": "cafe",
        "building": "yes",
        "@geometry": "center"
      },
      "geometry": {
        "type": "Point",
        "coordinates": [
          29.1532136,
          46.1836419
        ]
      },
      "id": "way/808264042"
    },
    {
      "type": "Feature",
      "properties": {
        "@id": "way/809469861",
        "amenity": "cafe",
        "building": "yes",
        "name": "Modigilani",
        "name:uk": "Modigilani",
        "opening_hours": "Su-Th 11:00-03:00, Fr,Sa 11:00-05:00",
        "@geometry": "center"
      },
      "geometry": {
        "type": "Point",
        "coordinates": [
          30.6539409,
          46.2966328
        ]
      },
      "id": "way/809469861"
    },
    {
      "type": "Feature",
      "properties": {
        "@id": "way/810249630",
        "addr:housenumber": "38",
        "amenity": "restaurant",
        "building": "retail",
        "building:levels": "1",
        "building:material": "plaster",
        "check_date": "2024-03-25",
        "cuisine": "georgian",
        "name": "Хінкальня",
        "name:uk": "Хінкальня",
        "opening_hours": "Mo-Fr 10:00-22:00; Sa-Su 11:00-23:00",
        "wheelchair": "no",
        "@geometry": "center"
      },
      "geometry": {
        "type": "Point",
        "coordinates": [
          28.8357498,
          45.3444876
        ]
      },
      "id": "way/810249630"
    },
    {
      "type": "Feature",
      "properties": {
        "@id": "way/823343617",
        "amenity": "cafe",
        "building": "retail",
        "building:levels": "2",
        "name": "Greenwich",
        "name:en": "Greenwich",
        "name:uk": "Greenwich",
        "outdoor_seating": "yes",
        "roof:colour": "blue",
        "@geometry": "center"
      },
      "geometry": {
        "type": "Point",
        "coordinates": [
          28.4569269,
          45.2928635
        ]
      },
      "id": "way/823343617"
    },
    {
      "type": "Feature",
      "properties": {
        "@id": "way/828153476",
        "amenity": "restaurant",
        "building": "yes",
        "@geometry": "center"
      },
      "geometry": {
        "type": "Point",
        "coordinates": [
          30.4561953,
          46.0652653
        ]
      },
      "id": "way/828153476"
    },
    {
      "type": "Feature",
      "properties": {
        "@id": "way/828720957",
        "amenity": "cafe",
        "building": "yes",
        "name": "Парус",
        "name:uk": "Парус",
        "@geometry": "center"
      },
      "geometry": {
        "type": "Point",
        "coordinates": [
          30.4581546,
          46.0656494
        ]
      },
      "id": "way/828720957"
    },
    {
      "type": "Feature",
      "properties": {
        "@id": "way/828721788",
        "amenity": "cafe",
        "building": "yes",
        "name": "Чарка шкварка",
        "name:uk": "Чарка шкварка",
        "@geometry": "center"
      },
      "geometry": {
        "type": "Point",
        "coordinates": [
          30.4561124,
          46.0644841
        ]
      },
      "id": "way/828721788"
    },
    {
      "type": "Feature",
      "properties": {
        "@id": "way/829553992",
        "air_conditioning": "yes",
        "amenity": "cafe",
        "building": "retail",
        "building:levels": "1",
        "check_date": "2022-12-13",
        "cuisine": "coffee_shop",
        "name": "Vanity",
        "name:uk": "Vanity",
        "opening_hours": "Mo-Fr 08:00-20:00; Sa, Su 09:00-21:00",
        "outdoor_seating": "yes",
        "payment:apple_pay": "yes",
        "payment:cash": "yes",
        "payment:google_pay": "yes",
        "payment:mastercard": "yes",
        "payment:nfc": "yes",
        "payment:visa": "yes",
        "shop": "pastry",
        "wheelchair": "yes",
        "@geometry": "center"
      },
      "geometry": {
        "type": "Point",
        "coordinates": [
          28.8127561,
          45.3604535
        ]
      },
      "id": "way/829553992"
    },
    {
      "type": "Feature",
      "properties": {
        "@id": "way/831365002",
        "addr:housenumber": "21-П",
        "amenity": "restaurant",
        "building": "retail",
        "name": "Веранда",
        "name:en": "Veranda",
        "name:ru": "Веранда",
        "name:uk": "Веранда",
        "opening_hours": "Mo-Su 09:00-02:00",
        "@geometry": "center"
      },
      "geometry": {
        "type": "Point",
        "coordinates": [
          28.8262526,
          45.3563382
        ]
      },
      "id": "way/831365002"
    },
    {
      "type": "Feature",
      "properties": {
        "@id": "way/832386316",
        "addr:housenumber": "31/1",
        "addr:postcode": "65074",
        "addr:street": "вулиця Академіка Філатова",
        "amenity": "restaurant",
        "building": "commercial",
        "name": "Pasta & Pizza",
        "name:uk": "Pasta & Pizza",
        "opening_hours": "Mo-Su 09:00-23:00",
        "phone": "+380 95 576 5151",
        "@geometry": "center"
      },
      "geometry": {
        "type": "Point",
        "coordinates": [
          30.7155127,
          46.4370497
        ]
      },
      "id": "way/832386316"
    },
    {
      "type": "Feature",
      "properties": {
        "@id": "way/841447698",
        "addr:housenumber": "11/7",
        "addr:postcode": "65078",
        "addr:street": "вулиця Інглезі",
        "amenity": "restaurant",
        "internet_access": "wlan",
        "name": "Цирк",
        "name:en": "Circus",
        "name:uk": "Цирк",
        "opening_hours": "Mo-Su 11:00-24:00",
        "phone": "+380 48 706 2121",
        "website": "https://circus.in.ua/",
        "@geometry": "center"
      },
      "geometry": {
        "type": "Point",
        "coordinates": [
          30.6927267,
          46.427034
        ]
      },
      "id": "way/841447698"
    },
    {
      "type": "Feature",
      "properties": {
        "@id": "way/844779219",
        "addr:postcode": "68330",
        "amenity": "cafe",
        "building": "retail",
        "name": "Фокушор",
        "name:uk": "Фокушор",
        "@geometry": "center"
      },
      "geometry": {
        "type": "Point",
        "coordinates": [
          29.3783718,
          45.6397627
        ]
      },
      "id": "way/844779219"
    },
    {
      "type": "Feature",
      "properties": {
        "@id": "way/848966600",
        "addr:housenumber": "91",
        "addr:street": "проспект Золотой берег",
        "name": "Оздоровчий центр \"Одиссей\"",
        "tourism": "hotel",
        "@geometry": "center"
      },
      "geometry": {
        "type": "Point",
        "coordinates": [
          30.5132646,
          46.1266541
        ]
      },
      "id": "way/848966600"
    },
    {
      "type": "Feature",
      "properties": {
        "@id": "node/851225372",
        "amenity": "cafe",
        "cuisine": "regional;coffee_shop;international",
        "internet_access": "yes",
        "name": "Попугай",
        "name:uk": "Папуга",
        "opening_hours": "Mo-Su 08:00-22:00",
        "outdoor_seating": "yes",
        "smoking": "separated"
      },
      "geometry": {
        "type": "Point",
        "coordinates": [
          30.291948,
          45.9269817
        ]
      },
      "id": "node/851225372"
    },
    {
      "type": "Feature",
      "properties": {
        "@id": "way/858514021",
        "amenity": "cafe",
        "contact:facebook": "https://www.facebook.com/krym.od.ua/",
        "contact:instagram": "https://www.instagram.com/krym.od.ua/",
        "cuisine": "crimean;turkish",
        "name": "Крим",
        "name:ru": "Крым",
        "name:uk": "Крим",
        "phone": "+380 97 833 9977",
        "@geometry": "center"
      },
      "geometry": {
        "type": "Point",
        "coordinates": [
          30.769331,
          46.4313799
        ]
      },
      "id": "way/858514021"
    },
    {
      "type": "Feature",
      "properties": {
        "@id": "way/859702479",
        "name": "Газовик,база відпочинку",
        "name:ru": "Газовик,база отдыха",
        "name:uk": "Газовик,база відпочинку",
        "tourism": "hotel",
        "@geometry": "center"
      },
      "geometry": {
        "type": "Point",
        "coordinates": [
          30.5680432,
          46.1783154
        ]
      },
      "id": "way/859702479"
    },
    {
      "type": "Feature",
      "properties": {
        "@id": "node/865237157",
        "name": "Катакомби (Музей партизанської слави)",
        "name:de": "Katakomben (Museum des Kampfes der Partisanen im 2.WK)",
        "name:en": "Catacombs (Museum of Partisan Glory)",
        "name:ru": "Катакомбы (Музей партизанской славы)",
        "name:uk": "Катакомби (Музей партизанської слави)",
        "tourism": "museum"
      },
      "geometry": {
        "type": "Point",
        "coordinates": [
          30.6277491,
          46.5378841
        ]
      },
      "id": "node/865237157"
    },
    {
      "type": "Feature",
      "properties": {
        "@id": "way/871922703",
        "amenity": "cafe",
        "building": "yes",
        "building:levels": "1",
        "cuisine": "coffee_shop",
        "indoor_seating": "no",
        "outdoor_seating": "yes",
        "@geometry": "center"
      },
      "geometry": {
        "type": "Point",
        "coordinates": [
          30.7955454,
          46.5841067
        ]
      },
      "id": "way/871922703"
    },
    {
      "type": "Feature",
      "properties": {
        "@id": "way/871922704",
        "amenity": "cafe",
        "building": "yes",
        "building:levels": "1",
        "cuisine": "coffee_shop",
        "indoor_seating": "no",
        "outdoor_seating": "yes",
        "@geometry": "center"
      },
      "geometry": {
        "type": "Point",
        "coordinates": [
          30.7955146,
          46.5840745
        ]
      },
      "id": "way/871922704"
    },
    {
      "type": "Feature",
      "properties": {
        "@id": "way/871922705",
        "amenity": "cafe",
        "building": "yes",
        "building:levels": "1",
        "cuisine": "coffee_shop",
        "indoor_seating": "no",
        "outdoor_seating": "yes",
        "@geometry": "center"
      },
      "geometry": {
        "type": "Point",
        "coordinates": [
          30.7953469,
          46.5840929
        ]
      },
      "id": "way/871922705"
    },
    {
      "type": "Feature",
      "properties": {
        "@id": "way/871922706",
        "amenity": "cafe",
        "building": "yes",
        "building:levels": "1",
        "cuisine": "coffee_shop",
        "indoor_seating": "no",
        "outdoor_seating": "yes",
        "@geometry": "center"
      },
      "geometry": {
        "type": "Point",
        "coordinates": [
          30.7953027,
          46.5840468
        ]
      },
      "id": "way/871922706"
    },
    {
      "type": "Feature",
      "properties": {
        "@id": "way/871922707",
        "amenity": "cafe",
        "building": "yes",
        "building:levels": "1",
        "cuisine": "coffee_shop",
        "indoor_seating": "no",
        "outdoor_seating": "yes",
        "@geometry": "center"
      },
      "geometry": {
        "type": "Point",
        "coordinates": [
          30.7952715,
          46.5840118
        ]
      },
      "id": "way/871922707"
    },
    {
      "type": "Feature",
      "properties": {
        "@id": "way/871922708",
        "amenity": "cafe",
        "@geometry": "center"
      },
      "geometry": {
        "type": "Point",
        "coordinates": [
          30.7953221,
          46.5839422
        ]
      },
      "id": "way/871922708"
    },
    {
      "type": "Feature",
      "properties": {
        "@id": "way/872752589",
        "amenity": "cafe",
        "building": "yes",
        "building:levels": "1",
        "cuisine": "coffee_shop",
        "indoor_seating": "no",
        "outdoor_seating": "yes",
        "@geometry": "center"
      },
      "geometry": {
        "type": "Point",
        "coordinates": [
          30.7953791,
          46.5841289
        ]
      },
      "id": "way/872752589"
    },
    {
      "type": "Feature",
      "properties": {
        "@id": "way/872752590",
        "amenity": "cafe",
        "building": "yes",
        "building:levels": "1",
        "cuisine": "coffee_shop",
        "indoor_seating": "no",
        "name": "Чарівна кава",
        "name:en": "Magic Coffee",
        "outdoor_seating": "yes",
        "@geometry": "center"
      },
      "geometry": {
        "type": "Point",
        "coordinates": [
          30.7955763,
          46.5841399
        ]
      },
      "id": "way/872752590"
    },
    {
      "type": "Feature",
      "properties": {
        "@id": "way/874894725",
        "amenity": "cafe",
        "building": "retail",
        "building:levels": "1",
        "name": "Bereg",
        "name:en": "Bereg",
        "@geometry": "center"
      },
      "geometry": {
        "type": "Point",
        "coordinates": [
          28.8085968,
          45.3393282
        ]
      },
      "id": "way/874894725"
    },
    {
      "type": "Feature",
      "properties": {
        "@id": "node/896981010",
        "amenity": "restaurant",
        "name": "Козацька Застава",
        "name:uk": "Козацька Застава"
      },
      "geometry": {
        "type": "Point",
        "coordinates": [
          29.5637657,
          47.5857636
        ]
      },
      "id": "node/896981010"
    },
    {
      "type": "Feature",
      "properties": {
        "@id": "way/903391004",
        "amenity": "cafe",
        "building": "yes",
        "name": "Троянда",
        "name:uk": "Троянда",
        "outdoor_seating": "no",
        "@geometry": "center"
      },
      "geometry": {
        "type": "Point",
        "coordinates": [
          29.0691122,
          45.7016639
        ]
      },
      "id": "way/903391004"
    },
    {
      "type": "Feature",
      "properties": {
        "@id": "way/903391005",
        "amenity": "cafe",
        "building": "yes",
        "name": "Лаванда",
        "name:uk": "Лаванда",
        "outdoor_seating": "yes",
        "@geometry": "center"
      },
      "geometry": {
        "type": "Point",
        "coordinates": [
          29.0687747,
          45.701474
        ]
      },
      "id": "way/903391005"
    },
    {
      "type": "Feature",
      "properties": {
        "@id": "way/903391009",
        "amenity": "cafe",
        "building": "yes",
        "@geometry": "center"
      },
      "geometry": {
        "type": "Point",
        "coordinates": [
          29.0682415,
          45.7013434
        ]
      },
      "id": "way/903391009"
    },
    {
      "type": "Feature",
      "properties": {
        "@id": "way/903552590",
        "amenity": "cafe",
        "building": "yes",
        "@geometry": "center"
      },
      "geometry": {
        "type": "Point",
        "coordinates": [
          30.8351494,
          46.562589
        ]
      },
      "id": "way/903552590"
    },
    {
      "type": "Feature",
      "properties": {
        "@id": "way/907390893",
        "amenity": "cafe",
        "building": "yes",
        "name": "ZaVernulli",
        "name:uk": "ZaVernulli",
        "@geometry": "center"
      },
      "geometry": {
        "type": "Point",
        "coordinates": [
          30.7055838,
          46.4322756
        ]
      },
      "id": "way/907390893"
    },
    {
      "type": "Feature",
      "properties": {
        "@id": "way/907390894",
        "amenity": "cafe",
        "building": "yes",
        "name": "Кава BAR",
        "name:uk": "Кава BAR",
        "@geometry": "center"
      },
      "geometry": {
        "type": "Point",
        "coordinates": [
          30.7058241,
          46.43224
        ]
      },
      "id": "way/907390894"
    },
    {
      "type": "Feature",
      "properties": {
        "@id": "way/912749778",
        "addr:housenumber": "44",
        "addr:street": "Успенська вулиця",
        "amenity": "cafe",
        "building": "yes",
        "@geometry": "center"
      },
      "geometry": {
        "type": "Point",
        "coordinates": [
          30.2104296,
          46.4865425
        ]
      },
      "id": "way/912749778"
    },
    {
      "type": "Feature",
      "properties": {
        "@id": "way/916580607",
        "amenity": "cafe",
        "building": "yes",
        "name": "Зустрич",
        "name:uk": "Зустрич",
        "@geometry": "center"
      },
      "geometry": {
        "type": "Point",
        "coordinates": [
          30.6156917,
          46.5476631
        ]
      },
      "id": "way/916580607"
    },
    {
      "type": "Feature",
      "properties": {
        "@id": "way/917763487",
        "amenity": "cafe",
        "building": "yes",
        "name": "Monster Coffee",
        "@geometry": "center"
      },
      "geometry": {
        "type": "Point",
        "coordinates": [
          30.7334944,
          46.3960764
        ]
      },
      "id": "way/917763487"
    },
    {
      "type": "Feature",
      "properties": {
        "@id": "way/929756572",
        "addr:housenumber": "153",
        "addr:street": "Фонтанська дорога",
        "amenity": "restaurant",
        "building": "yes",
        "name": "КОРАБЛИК Ресторан & пляж",
        "name:uk": "КОРАБЛИК Ресторан & пляж",
        "@geometry": "center"
      },
      "geometry": {
        "type": "Point",
        "coordinates": [
          30.7547918,
          46.400595
        ]
      },
      "id": "way/929756572"
    },
    {
      "type": "Feature",
      "properties": {
        "@id": "way/930996124",
        "addr:housenumber": "17",
        "addr:street": "Полуничний провулок",
        "building": "yes",
        "name": "Apartments Alexandrina",
        "name:ru": "Александрина",
        "name:uk": "Apartments Alexandrina",
        "tourism": "hotel",
        "@geometry": "center"
      },
      "geometry": {
        "type": "Point",
        "coordinates": [
          30.7566179,
          46.4298509
        ]
      },
      "id": "way/930996124"
    },
    {
      "type": "Feature",
      "properties": {
        "@id": "way/963000271",
        "addr:city": "Фонтанка",
        "addr:housenumber": "1/3",
        "addr:street": "бульвар Променад",
        "amenity": "cafe",
        "building": "retail",
        "building:levels": "1",
        "contact:instagram": "https://www.instagram.com/_byxta_/",
        "mobile": "+38 (093) 913 08 08",
        "name": "Бухта",
        "name:uk": "Бухта",
        "opening_hours": "10:00-24:00",
        "outdoor_seating": "yes",
        "@geometry": "center"
      },
      "geometry": {
        "type": "Point",
        "coordinates": [
          30.8434003,
          46.5539577
        ]
      },
      "id": "way/963000271"
    },
    {
      "type": "Feature",
      "properties": {
        "@id": "way/963291499",
        "addr:city": "Фонтанка",
        "addr:housenumber": "1/2",
        "addr:street": "бульвар Променад",
        "amenity": "restaurant",
        "bar": "yes",
        "building": "retail",
        "building:levels": "1",
        "contact:facebook": "https://www.facebook.com/%D0%AF%D0%A5%D0%A2%D0%90-116484493068150/",
        "contact:instagram": "https://www.instagram.com/yacht_rest_odessa/",
        "cuisine": "barbecue;fish;international;italian;pasta;pizza;sushi",
        "internet_access": "wlan",
        "internet_access:fee": "no",
        "mobile": "+380 94 951 9000",
        "name": "Яхта",
        "name:uk": "Яхта",
        "opening_hours": "10:00-24:00",
        "outdoor_seating": "yes",
        "payment:cash": "yes",
        "payment:contactless": "yes",
        "reservation": "recommended",
        "source": "survey",
        "@geometry": "center"
      },
      "geometry": {
        "type": "Point",
        "coordinates": [
          30.8402197,
          46.5526509
        ]
      },
      "id": "way/963291499"
    },
    {
      "type": "Feature",
      "properties": {
        "@id": "way/964515244",
        "amenity": "restaurant",
        "building": "yes",
        "cuisine": "sushi",
        "@geometry": "center"
      },
      "geometry": {
        "type": "Point",
        "coordinates": [
          30.4792055,
          46.0821014
        ]
      },
      "id": "way/964515244"
    },
    {
      "type": "Feature",
      "properties": {
        "@id": "way/964515246",
        "amenity": "restaurant",
        "building": "yes",
        "name": "Столова \"Блік\"",
        "name:ru": "Столовая \"Блик\"",
        "name:uk": "Столова \"Блік\"",
        "@geometry": "center"
      },
      "geometry": {
        "type": "Point",
        "coordinates": [
          30.4793004,
          46.0816699
        ]
      },
      "id": "way/964515246"
    },
    {
      "type": "Feature",
      "properties": {
        "@id": "way/964529983",
        "amenity": "restaurant",
        "building": "yes",
        "cuisine": "pizza",
        "@geometry": "center"
      },
      "geometry": {
        "type": "Point",
        "coordinates": [
          30.4789293,
          46.0822218
        ]
      },
      "id": "way/964529983"
    },
    {
      "type": "Feature",
      "properties": {
        "@id": "way/964529986",
        "amenity": "restaurant",
        "building": "yes",
        "name": "Фонтан",
        "name:uk": "Фонтан",
        "@geometry": "center"
      },
      "geometry": {
        "type": "Point",
        "coordinates": [
          30.4780811,
          46.0804919
        ]
      },
      "id": "way/964529986"
    },
    {
      "type": "Feature",
      "properties": {
        "@id": "way/964529992",
        "amenity": "restaurant",
        "building": "yes",
        "cuisine": "pizza",
        "@geometry": "center"
      },
      "geometry": {
        "type": "Point",
        "coordinates": [
          30.4783961,
          46.0804952
        ]
      },
      "id": "way/964529992"
    },
    {
      "type": "Feature",
      "properties": {
        "@id": "way/964584703",
        "amenity": "cafe",
        "building": "yes",
        "@geometry": "center"
      },
      "geometry": {
        "type": "Point",
        "coordinates": [
          30.4791892,
          46.0823257
        ]
      },
      "id": "way/964584703"
    },
    {
      "type": "Feature",
      "properties": {
        "@id": "way/964584706",
        "amenity": "cafe",
        "building": "yes",
        "@geometry": "center"
      },
      "geometry": {
        "type": "Point",
        "coordinates": [
          30.4783371,
          46.082442
        ]
      },
      "id": "way/964584706"
    },
    {
      "type": "Feature",
      "properties": {
        "@id": "way/965256501",
        "addr:housenumber": "5а",
        "amenity": "restaurant",
        "building": "yes",
        "name": "Jambo",
        "name:uk": "Jambo",
        "@geometry": "center"
      },
      "geometry": {
        "type": "Point",
        "coordinates": [
          30.3770523,
          46.0222028
        ]
      },
      "id": "way/965256501"
    },
    {
      "type": "Feature",
      "properties": {
        "@id": "way/965392588",
        "addr:housenumber": "41",
        "amenity": "cafe",
        "building": "yes",
        "building:levels": "1",
        "@geometry": "center"
      },
      "geometry": {
        "type": "Point",
        "coordinates": [
          30.3613908,
          46.0214485
        ]
      },
      "id": "way/965392588"
    },
    {
      "type": "Feature",
      "properties": {
        "@id": "way/968114164",
        "addr:housenumber": "16",
        "beds": "700",
        "internet_access": "wlan",
        "name": "Золота Нива санаторій",
        "name:ru": "Золотая Нива санаторий",
        "name:uk": "Золота Нива санаторій",
        "phone": "+380 67 357 9647",
        "tourism": "hotel",
        "website": "https://zniva.com/ua",
        "@geometry": "center"
      },
      "geometry": {
        "type": "Point",
        "coordinates": [
          30.3648939,
          46.0203618
        ]
      },
      "id": "way/968114164"
    },
    {
      "type": "Feature",
      "properties": {
        "@id": "way/968114170",
        "addr:housenumber": "3в",
        "internet_access": "yes",
        "name": "Дім Федорових",
        "name:uk": "Дім Федорових",
        "phone": "+380 98 770 1421",
        "tourism": "hotel",
        "@geometry": "center"
      },
      "geometry": {
        "type": "Point",
        "coordinates": [
          30.3659132,
          46.0243913
        ]
      },
      "id": "way/968114170"
    },
    {
      "type": "Feature",
      "properties": {
        "@id": "way/968114171",
        "beds": "60",
        "name": "Пансіонат \"Чародійка\"",
        "name:uk": "Пансіонат \"Чародійка\"",
        "tourism": "hotel",
        "@geometry": "center"
      },
      "geometry": {
        "type": "Point",
        "coordinates": [
          30.3696475,
          46.0211818
        ]
      },
      "id": "way/968114171"
    },
    {
      "type": "Feature",
      "properties": {
        "@id": "way/968114188",
        "addr:housenumber": "3",
        "beds": "200",
        "internet_access": "yes",
        "name": "Пансіонат \"Калина\"",
        "name:ru": "Пансионат \"Калина\"",
        "name:uk": "Пансіонат \"Калина\"",
        "phone": "+380 67 473 5205",
        "rooms": "79",
        "tourism": "hotel",
        "website": "https://kalina-hotel.com.ua/",
        "@geometry": "center"
      },
      "geometry": {
        "type": "Point",
        "coordinates": [
          30.3680912,
          46.0222016
        ]
      },
      "id": "way/968114188"
    },
    {
      "type": "Feature",
      "properties": {
        "@id": "way/968114192",
        "addr:housenumber": "5",
        "amenity": "restaurant",
        "name": "Молдавська кухня",
        "name:en": "Moldovan Cuisine",
        "name:ru": "Молдавская кухня",
        "name:uk": "Молдавська кухня",
        "@geometry": "center"
      },
      "geometry": {
        "type": "Point",
        "coordinates": [
          30.376922,
          46.0220646
        ]
      },
      "id": "way/968114192"
    },
    {
      "type": "Feature",
      "properties": {
        "@id": "way/970273977",
        "addr:postcode": "67555",
        "addr:street": "с.Сычавка, Проектна вулиця, 70, Одеса, Одеська область, 67555",
        "amenity": "restaurant",
        "building": "yes",
        "cuisine": "barbecue;regional;kebab",
        "name": "Ресторан та міні готель Аракс",
        "name:uk": "Ресторан та міні готель Аракс",
        "phone": "+380 97 342 3434",
        "website": "https://restoran-otel-araks.business.site/",
        "@geometry": "center"
      },
      "geometry": {
        "type": "Point",
        "coordinates": [
          31.097522,
          46.6373499
        ]
      },
      "id": "way/970273977"
    },
    {
      "type": "Feature",
      "properties": {
        "@id": "way/974590321",
        "amenity": "cafe",
        "building": "retail",
        "building:levels": "1",
        "colour": "lightblue",
        "roof:colour": "lightgrey",
        "roof:levels": "1",
        "roof:shape": "hipped",
        "@geometry": "center"
      },
      "geometry": {
        "type": "Point",
        "coordinates": [
          29.1958234,
          45.9159868
        ]
      },
      "id": "way/974590321"
    },
    {
      "type": "Feature",
      "properties": {
        "@id": "node/977374247",
        "name": "Sakhalin",
        "name:uk": "Sakhalin",
        "tourism": "hotel"
      },
      "geometry": {
        "type": "Point",
        "coordinates": [
          30.5993507,
          46.551013
        ]
      },
      "id": "node/977374247"
    },
    {
      "type": "Feature",
      "properties": {
        "@id": "node/977374248",
        "amenity": "restaurant",
        "name": "Sakhalin",
        "name:uk": "Sakhalin"
      },
      "geometry": {
        "type": "Point",
        "coordinates": [
          30.5989976,
          46.5516983
        ]
      },
      "id": "node/977374248"
    },
    {
      "type": "Feature",
      "properties": {
        "@id": "way/1021311785",
        "addr:housenumber": "2/2",
        "addr:street": "вулиця Академіка Філатова",
        "air_conditioning": "yes",
        "amenity": "cafe",
        "building": "yes",
        "building:levels": "1",
        "check_date": "2025-12-26",
        "delivery": "yes",
        "internet_access": "wlan",
        "name": "Begemotto",
        "name:en": "Begemotto",
        "opening_hours": "Mo-Su 08:00-22:00",
        "outdoor_seating": "yes",
        "phone": "+380 73 283 2888",
        "website": "https://www.instagram.com/cafe_begemotto",
        "@geometry": "center"
      },
      "geometry": {
        "type": "Point",
        "coordinates": [
          30.7255871,
          46.4320512
        ]
      },
      "id": "way/1021311785"
    },
    {
      "type": "Feature",
      "properties": {
        "@id": "way/1028478963",
        "amenity": "cafe",
        "building": "yes",
        "name": "У госьтях у казки",
        "name:uk": "У госьтях у казки",
        "@geometry": "center"
      },
      "geometry": {
        "type": "Point",
        "coordinates": [
          30.7252568,
          46.3981591
        ]
      },
      "id": "way/1028478963"
    },
    {
      "type": "Feature",
      "properties": {
        "@id": "way/1041155335",
        "amenity": "cafe",
        "building": "yes",
        "building:levels": "1",
        "name": "Магазин 24/7",
        "@geometry": "center"
      },
      "geometry": {
        "type": "Point",
        "coordinates": [
          30.7997791,
          46.574971
        ]
      },
      "id": "way/1041155335"
    },
    {
      "type": "Feature",
      "properties": {
        "@id": "way/1084102922",
        "addr:housenumber": "94",
        "addr:postcode": "68332",
        "addr:street": "вулиця М. А. Музики",
        "amenity": "cafe",
        "building": "yes",
        "name": "Кристал",
        "name:uk": "Кристал",
        "@geometry": "center"
      },
      "geometry": {
        "type": "Point",
        "coordinates": [
          29.3366445,
          45.5544156
        ]
      },
      "id": "way/1084102922"
    },
    {
      "type": "Feature",
      "properties": {
        "@id": "way/1084103358",
        "addr:housenumber": "49",
        "addr:postcode": "68332",
        "amenity": "cafe",
        "building": "yes",
        "name": "Поляна",
        "name:uk": "Поляна",
        "@geometry": "center"
      },
      "geometry": {
        "type": "Point",
        "coordinates": [
          29.3420244,
          45.5590014
        ]
      },
      "id": "way/1084103358"
    },
    {
      "type": "Feature",
      "properties": {
        "@id": "way/1084105032",
        "addr:housenumber": "22",
        "addr:postcode": "68332",
        "amenity": "cafe",
        "building": "yes",
        "name": "Зустріч",
        "name:uk": "Зустріч",
        "@geometry": "center"
      },
      "geometry": {
        "type": "Point",
        "coordinates": [
          29.3326259,
          45.5514095
        ]
      },
      "id": "way/1084105032"
    },
    {
      "type": "Feature",
      "properties": {
        "@id": "way/1084166678",
        "addr:housenumber": "80",
        "addr:postcode": "68332",
        "addr:street": "вулиця М. А. Музики",
        "amenity": "cafe",
        "building": "yes",
        "@geometry": "center"
      },
      "geometry": {
        "type": "Point",
        "coordinates": [
          29.3343929,
          45.552431
        ]
      },
      "id": "way/1084166678"
    },
    {
      "type": "Feature",
      "properties": {
        "@id": "way/1086744895",
        "addr:housenumber": "154/4",
        "addr:street": "Фонтанська дорога",
        "amenity": "restaurant",
        "building": "yes",
        "building:levels": "1",
        "cuisine": "fish",
        "internet_access": "wlan",
        "name": "Риба",
        "name:en": "Ryba",
        "name:ru": "Рыба",
        "name:uk": "Риба",
        "opening_hours": "Mo-Su 10:00-05:00",
        "phone": "+380 48 736 1106",
        "@geometry": "center"
      },
      "geometry": {
        "type": "Point",
        "coordinates": [
          30.7519324,
          46.3995512
        ]
      },
      "id": "way/1086744895"
    },
    {
      "type": "Feature",
      "properties": {
        "@id": "way/1092741971",
        "addr:housenumber": "88",
        "addr:street": "Приморська вулиця",
        "amenity": "cafe",
        "building": "yes",
        "building:levels": "1",
        "internet_access": "wlan",
        "name": "Кафе 88",
        "name:en": "Cafe 88",
        "name:ru": "Кафе 88",
        "name:uk": "Кафе 88",
        "opening_hours": "Mo-Su 10:00-23:00",
        "outdoor_seating": "yes",
        "phone": "+380 50 360 8880",
        "website": "http://cafe88yuzhny.com/",
        "@geometry": "center"
      },
      "geometry": {
        "type": "Point",
        "coordinates": [
          31.1044432,
          46.616873
        ]
      },
      "id": "way/1092741971"
    },
    {
      "type": "Feature",
      "properties": {
        "@id": "way/1107281391",
        "amenity": "restaurant",
        "building": "yes",
        "name": "Домашня кухня",
        "name:uk": "Домашня кухня",
        "outdoor_seating": "yes",
        "@geometry": "center"
      },
      "geometry": {
        "type": "Point",
        "coordinates": [
          30.317196,
          47.0237697
        ]
      },
      "id": "way/1107281391"
    },
    {
      "type": "Feature",
      "properties": {
        "@id": "way/1109167153",
        "amenity": "cafe",
        "building": "yes",
        "building:levels": "1",
        "cuisine": "coffee_shop",
        "@geometry": "center"
      },
      "geometry": {
        "type": "Point",
        "coordinates": [
          30.7973101,
          46.576749
        ]
      },
      "id": "way/1109167153"
    },
    {
      "type": "Feature",
      "properties": {
        "@id": "node/1139825241",
        "tourism": "museum"
      },
      "geometry": {
        "type": "Point",
        "coordinates": [
          30.6360343,
          47.1790245
        ]
      },
      "id": "node/1139825241"
    },
    {
      "type": "Feature",
      "properties": {
        "@id": "way/1175161760",
        "amenity": "cafe",
        "building": "retail",
        "building:levels": "1",
        "cuisine": "coffee_shop;tea",
        "height": "2",
        "name": "Чарівна кава",
        "name:en": "Magic Coffee",
        "name:uk": "Чарівна кава",
        "@geometry": "center"
      },
      "geometry": {
        "type": "Point",
        "coordinates": [
          30.7934616,
          46.5821923
        ]
      },
      "id": "way/1175161760"
    },
    {
      "type": "Feature",
      "properties": {
        "@id": "way/1188386985",
        "amenity": "cafe",
        "brand": "Lviv Croissants",
        "brand:wikidata": "Q116871093",
        "contact:facebook": "https://www.facebook.com/LvivCroissants/",
        "contact:instagram": "https://www.instagram.com/LvivCroissants/",
        "cuisine": "coffee_shop",
        "name": "Lviv Croissants",
        "phone": "+380933878287",
        "takeaway": "yes",
        "website": "https://www.lviv-croissants.com/",
        "@geometry": "center"
      },
      "geometry": {
        "type": "Point",
        "coordinates": [
          30.7193663,
          46.4291967
        ]
      },
      "id": "way/1188386985"
    },
    {
      "type": "Feature",
      "properties": {
        "@id": "way/1189013325",
        "amenity": "cafe",
        "cuisine": "georgian",
        "name": "Хінкальня",
        "name:en": "Ghinkalnia",
        "name:ru": "Хинкальня",
        "name:uk": "Хінкальня",
        "opening_hours": "Mo-Sa 11:00-23:00",
        "outdoor_seating": "yes",
        "payment:cash": "yes",
        "payment:mastercard": "yes",
        "payment:visa": "yes",
        "phone": "+380 98 217 4577",
        "reservation": "yes",
        "takeaway": "yes",
        "website": "https://hinkalnya.com.ua",
        "@geometry": "center"
      },
      "geometry": {
        "type": "Point",
        "coordinates": [
          30.7188007,
          46.4280622
        ]
      },
      "id": "way/1189013325"
    },
    {
      "type": "Feature",
      "properties": {
        "@id": "way/1189940732",
        "addr:housenumber": "31/1",
        "addr:postcode": "65078",
        "addr:street": "вулиця Євгена Танцюри",
        "amenity": "cafe",
        "building": "yes",
        "cuisine": "ice_cream;coffee_shop",
        "name": "Vanil",
        "@geometry": "center"
      },
      "geometry": {
        "type": "Point",
        "coordinates": [
          30.7078711,
          46.4312195
        ]
      },
      "id": "way/1189940732"
    },
    {
      "type": "Feature",
      "properties": {
        "@id": "way/1191686788",
        "amenity": "cafe",
        "cuisine": "regional",
        "name": "Гортензія",
        "name:en": "Gortenzija",
        "name:ru": "Гортензия",
        "name:uk": "Гортензія",
        "outdoor_seating": "yes",
        "reservation": "yes",
        "@geometry": "center"
      },
      "geometry": {
        "type": "Point",
        "coordinates": [
          30.7168092,
          46.4296357
        ]
      },
      "id": "way/1191686788"
    },
    {
      "type": "Feature",
      "properties": {
        "@id": "way/1193856477",
        "amenity": "cafe",
        "name": "Happy People",
        "@geometry": "center"
      },
      "geometry": {
        "type": "Point",
        "coordinates": [
          30.715745,
          46.4284872
        ]
      },
      "id": "way/1193856477"
    },
    {
      "type": "Feature",
      "properties": {
        "@id": "way/1193856478",
        "amenity": "cafe",
        "cuisine": "pizza",
        "name": "Lapsha",
        "@geometry": "center"
      },
      "geometry": {
        "type": "Point",
        "coordinates": [
          30.7167482,
          46.4291554
        ]
      },
      "id": "way/1193856478"
    },
    {
      "type": "Feature",
      "properties": {
        "@id": "way/1212133277",
        "amenity": "cafe",
        "building": "yes",
        "building:levels": "1",
        "cuisine": "regional",
        "name": "Початок",
        "name:uk": "Початок",
        "@geometry": "center"
      },
      "geometry": {
        "type": "Point",
        "coordinates": [
          30.8157549,
          46.5806315
        ]
      },
      "id": "way/1212133277"
    },
    {
      "type": "Feature",
      "properties": {
        "@id": "way/1247952894",
        "amenity": "cafe",
        "building": "yes",
        "building:levels": "1",
        "name": "Маназин 24/7",
        "@geometry": "center"
      },
      "geometry": {
        "type": "Point",
        "coordinates": [
          30.7987795,
          46.5746529
        ]
      },
      "id": "way/1247952894"
    },
    {
      "type": "Feature",
      "properties": {
        "@id": "way/1248967488",
        "amenity": "restaurant",
        "building": "yes",
        "building:levels": "1",
        "check_date": "2023-12-03",
        "@geometry": "center"
      },
      "geometry": {
        "type": "Point",
        "coordinates": [
          30.7523963,
          46.4773212
        ]
      },
      "id": "way/1248967488"
    },
    {
      "type": "Feature",
      "properties": {
        "@id": "way/1251359164",
        "addr:street": "вулиця Посмітного",
        "building": "yes",
        "building:levels": "2",
        "name": "SunCity Apartments",
        "tourism": "hotel",
        "@geometry": "center"
      },
      "geometry": {
        "type": "Point",
        "coordinates": [
          30.7576054,
          46.4288946
        ]
      },
      "id": "way/1251359164"
    },
    {
      "type": "Feature",
      "properties": {
        "@id": "way/1251414609",
        "amenity": "cafe",
        "building": "yes",
        "building:levels": "1",
        "@geometry": "center"
      },
      "geometry": {
        "type": "Point",
        "coordinates": [
          30.7701506,
          46.446104
        ]
      },
      "id": "way/1251414609"
    },
    {
      "type": "Feature",
      "properties": {
        "@id": "way/1312864612",
        "amenity": "cafe",
        "building": "yes",
        "name": "Chocolate",
        "@geometry": "center"
      },
      "geometry": {
        "type": "Point",
        "coordinates": [
          29.032503,
          45.4030079
        ]
      },
      "id": "way/1312864612"
    },
    {
      "type": "Feature",
      "properties": {
        "@id": "way/1313748232",
        "amenity": "restaurant",
        "name": "Гурман",
        "name:ru": "Гурман",
        "name:uk": "Гурман",
        "@geometry": "center"
      },
      "geometry": {
        "type": "Point",
        "coordinates": [
          28.8257401,
          45.365943
        ]
      },
      "id": "way/1313748232"
    },
    {
      "type": "Feature",
      "properties": {
        "@id": "way/1326430272",
        "amenity": "restaurant",
        "building": "yes",
        "building:levels": "1",
        "cuisine": "kebab",
        "name": "Шашлык & шаурма",
        "signboard:ru": "yes",
        "@geometry": "center"
      },
      "geometry": {
        "type": "Point",
        "coordinates": [
          30.7298259,
          46.4344763
        ]
      },
      "id": "way/1326430272"
    },
    {
      "type": "Feature",
      "properties": {
        "@id": "node/1333771755",
        "name": "Malibu",
        "name:uk": "Malibu",
        "tourism": "hotel"
      },
      "geometry": {
        "type": "Point",
        "coordinates": [
          30.5736854,
          46.1842093
        ]
      },
      "id": "node/1333771755"
    },
    {
      "type": "Feature",
      "properties": {
        "@id": "way/1337453062",
        "building": "hotel",
        "building:levels": "3",
        "name": "Vip hotel",
        "roof:shape": "flat",
        "tourism": "hotel",
        "@geometry": "center"
      },
      "geometry": {
        "type": "Point",
        "coordinates": [
          30.5217367,
          46.13158
        ]
      },
      "id": "way/1337453062"
    },
    {
      "type": "Feature",
      "properties": {
        "@id": "way/1337453063",
        "building": "hotel",
        "building:levels": "3",
        "name": "Loft",
        "roof:shape": "flat",
        "tourism": "hotel",
        "@geometry": "center"
      },
      "geometry": {
        "type": "Point",
        "coordinates": [
          30.5213563,
          46.1313974
        ]
      },
      "id": "way/1337453063"
    },
    {
      "type": "Feature",
      "properties": {
        "@id": "way/1349099747",
        "amenity": "cafe",
        "building": "yes",
        "name": "Сегед",
        "@geometry": "center"
      },
      "geometry": {
        "type": "Point",
        "coordinates": [
          30.7414296,
          46.4519044
        ]
      },
      "id": "way/1349099747"
    },
    {
      "type": "Feature",
      "properties": {
        "@id": "node/1351674445",
        "amenity": "cafe",
        "name": "Amore",
        "name:uk": "Amore",
        "opening_hours": "24/7",
        "wheelchair": "limited"
      },
      "geometry": {
        "type": "Point",
        "coordinates": [
          30.3249144,
          46.5040791
        ]
      },
      "id": "node/1351674445"
    },
    {
      "type": "Feature",
      "properties": {
        "@id": "way/1353722815",
        "amenity": "cafe",
        "building": "yes",
        "name": "Перша Пекарня",
        "@geometry": "center"
      },
      "geometry": {
        "type": "Point",
        "coordinates": [
          30.8001542,
          46.5758938
        ]
      },
      "id": "way/1353722815"
    },
    {
      "type": "Feature",
      "properties": {
        "@id": "way/1354964341",
        "air_conditioning": "yes",
        "amenity": "restaurant",
        "bar": "yes",
        "building": "yes",
        "name": "Хижина",
        "name:ru": "Хижина",
        "outdoor_seating": "yes",
        "@geometry": "center"
      },
      "geometry": {
        "type": "Point",
        "coordinates": [
          30.2924754,
          46.195309
        ]
      },
      "id": "way/1354964341"
    },
    {
      "type": "Feature",
      "properties": {
        "@id": "way/1356900090",
        "amenity": "restaurant",
        "building": "yes",
        "cuisine": "georgian;pastry",
        "name": "Грузинська Випічка",
        "@geometry": "center"
      },
      "geometry": {
        "type": "Point",
        "coordinates": [
          30.6544161,
          46.3002891
        ]
      },
      "id": "way/1356900090"
    },
    {
      "type": "Feature",
      "properties": {
        "@id": "way/1356900097",
        "amenity": "cafe",
        "building": "yes",
        "building:levels": "2",
        "cuisine": "coffee_shop",
        "name": "All day",
        "@geometry": "center"
      },
      "geometry": {
        "type": "Point",
        "coordinates": [
          30.6540757,
          46.2968305
        ]
      },
      "id": "way/1356900097"
    },
    {
      "type": "Feature",
      "properties": {
        "@id": "way/1356903840",
        "amenity": "restaurant",
        "building": "yes",
        "building:levels": "1",
        "cuisine": "sushi",
        "name": "BUDUSUSHI",
        "@geometry": "center"
      },
      "geometry": {
        "type": "Point",
        "coordinates": [
          30.654822,
          46.303377
        ]
      },
      "id": "way/1356903840"
    },
    {
      "type": "Feature",
      "properties": {
        "@id": "way/1357773259",
        "addr:housenumber": "1",
        "addr:street": "Фабрична вулиця",
        "amenity": "restaurant",
        "building": "yes",
        "@geometry": "center"
      },
      "geometry": {
        "type": "Point",
        "coordinates": [
          30.6877492,
          46.4588473
        ]
      },
      "id": "way/1357773259"
    },
    {
      "type": "Feature",
      "properties": {
        "@id": "way/1358966819",
        "addr:housenumber": "42",
        "addr:postcode": "65049",
        "amenity": "cafe",
        "building": "yes",
        "building:levels": "1",
        "cuisine": "european",
        "name": "Leto",
        "opening_hours": "10:00-23:00",
        "@geometry": "center"
      },
      "geometry": {
        "type": "Point",
        "coordinates": [
          30.7430411,
          46.4320762
        ]
      },
      "id": "way/1358966819"
    },
    {
      "type": "Feature",
      "properties": {
        "@id": "way/1366373144",
        "air_conditioning": "yes",
        "amenity": "cafe",
        "bar": "yes",
        "building": "retail",
        "building:levels": "1",
        "check_date": "2023-04-30",
        "currency:UAH": "yes",
        "name": "Fat Cat",
        "name:en": "Fat Cat",
        "old_name": "Кораблик",
        "old_name:ru": "Кораблик",
        "old_name:uk": "Кораблік",
        "outdoor_seating": "yes",
        "payment:cash": "yes",
        "payment:contactless": "yes",
        "payment:mastercard": "yes",
        "payment:nfc": "yes",
        "payment:visa": "yes",
        "wheelchair": "yes",
        "@geometry": "center"
      },
      "geometry": {
        "type": "Point",
        "coordinates": [
          28.8081192,
          45.3396518
        ]
      },
      "id": "way/1366373144"
    },
    {
      "type": "Feature",
      "properties": {
        "@id": "way/1369559235",
        "addr:housenumber": "241",
        "amenity": "restaurant",
        "building": "retail",
        "contact:email": "shirenkov_a@ukr.net",
        "contact:facebook": "https://www.facebook.com/snail.farm.biz/",
        "contact:instagram": "https://www.instagram.com/snail_farm_/",
        "cuisine": "bessarabian;snails",
        "name": "Равлики Бесарабії",
        "name:ru": "Улитки Бессарабии",
        "name:uk": "Равлики Бесарабії",
        "phone": "+380 96 561 0767",
        "@geometry": "center"
      },
      "geometry": {
        "type": "Point",
        "coordinates": [
          28.8870311,
          45.3885074
        ]
      },
      "id": "way/1369559235"
    },
    {
      "type": "Feature",
      "properties": {
        "@id": "way/1381393271",
        "amenity": "cafe",
        "building": "kiosk",
        "building:levels": "1",
        "indoor_seating": "no",
        "roof:shape": "hipped",
        "@geometry": "center"
      },
      "geometry": {
        "type": "Point",
        "coordinates": [
          30.7447779,
          46.4804831
        ]
      },
      "id": "way/1381393271"
    },
    {
      "type": "Feature",
      "properties": {
        "@id": "way/1387161330",
        "amenity": "cafe",
        "building": "yes",
        "@geometry": "center"
      },
      "geometry": {
        "type": "Point",
        "coordinates": [
          30.7545686,
          46.4453304
        ]
      },
      "id": "way/1387161330"
    },
    {
      "type": "Feature",
      "properties": {
        "@id": "way/1391518418",
        "addr:housenumber": "116б",
        "addr:street": "вулиця Левітана",
        "amenity": "cafe",
        "building": "yes",
        "cuisine": "american;burger;mexican",
        "name": "Смаж Лаваш",
        "opening_hours": "Mo-Su 10:00-21:00",
        "phone": "+380 (93) 129 50 46",
        "@geometry": "center"
      },
      "geometry": {
        "type": "Point",
        "coordinates": [
          30.7072898,
          46.4048528
        ]
      },
      "id": "way/1391518418"
    },
    {
      "type": "Feature",
      "properties": {
        "@id": "way/1418713093",
        "addr:housenumber": "193",
        "addr:street": "Любомирська вулиця",
        "amenity": "cafe",
        "building": "yes",
        "contact:instagram": "https://www.instagram.com/coffee.timeeeee/",
        "name": "It's Coffeetime",
        "opening_hours": "Mo-Su 08:00-20:00",
        "outdoor_seating": "no",
        "@geometry": "center"
      },
      "geometry": {
        "type": "Point",
        "coordinates": [
          29.6228103,
          47.9358292
        ]
      },
      "id": "way/1418713093"
    },
    {
      "type": "Feature",
      "properties": {
        "@id": "way/1435905092",
        "amenity": "cafe",
        "building": "yes",
        "cuisine": "coffee_shop;dessert;tea;ice_cream;donut",
        "name": "Сорока Coffee Like",
        "@geometry": "center"
      },
      "geometry": {
        "type": "Point",
        "coordinates": [
          29.6244372,
          47.8756451
        ]
      },
      "id": "way/1435905092"
    },
    {
      "type": "Feature",
      "properties": {
        "@id": "way/1474237761",
        "amenity": "cafe",
        "building": "kiosk",
        "building:levels": "1",
        "indoor_seating": "no",
        "takeaway": "only",
        "@geometry": "center"
      },
      "geometry": {
        "type": "Point",
        "coordinates": [
          30.722829,
          46.4335262
        ]
      },
      "id": "way/1474237761"
    },
    {
      "type": "Feature",
      "properties": {
        "@id": "way/1476403107",
        "addr:postcode": "67822",
        "addr:street": "Геннадія Кудряшова",
        "amenity": "restaurant",
        "building": "yes",
        "cuisine": "pizza;sushi;hot_dog;shawarma",
        "name": "New Family Cafe",
        "opening_hours": "Mo-Su 11:00-22:00",
        "phone": "+38 093 607 1732",
        "@geometry": "center"
      },
      "geometry": {
        "type": "Point",
        "coordinates": [
          30.590084,
          46.3986543
        ]
      },
      "id": "way/1476403107"
    },
    {
      "type": "Feature",
      "properties": {
        "@id": "way/1484709837",
        "amenity": "cafe",
        "building": "yes",
        "building:levels": "1",
        "takeaway": "yes",
        "@geometry": "center"
      },
      "geometry": {
        "type": "Point",
        "coordinates": [
          30.7184408,
          46.4333072
        ]
      },
      "id": "way/1484709837"
    },
    {
      "type": "Feature",
      "properties": {
        "@id": "node/1493370342",
        "tourism": "hotel"
      },
      "geometry": {
        "type": "Point",
        "coordinates": [
          30.9435469,
          46.8243032
        ]
      },
      "id": "node/1493370342"
    },
    {
      "type": "Feature",
      "properties": {
        "@id": "way/1495177706",
        "amenity": "cafe",
        "building": "yes",
        "building:levels": "2",
        "name": "Компот",
        "outdoor_seating": "yes",
        "payment:cash": "yes",
        "payment:contactless": "yes",
        "payment:mastercard": "yes",
        "payment:visa": "yes",
        "surveillance": "indoor",
        "surveillance:type": "camera",
        "toilets": "yes",
        "toilets:access": "customers",
        "@geometry": "center"
      },
      "geometry": {
        "type": "Point",
        "coordinates": [
          30.7258465,
          46.431724
        ]
      },
      "id": "way/1495177706"
    },
    {
      "type": "Feature",
      "properties": {
        "@id": "way/1496598002",
        "amenity": "cafe",
        "building": "kiosk",
        "building:levels": "1",
        "check_date": "2026-03",
        "indoor_seating": "no",
        "@geometry": "center"
      },
      "geometry": {
        "type": "Point",
        "coordinates": [
          30.7281424,
          46.4324194
        ]
      },
      "id": "way/1496598002"
    },
    {
      "type": "Feature",
      "properties": {
        "@id": "way/1499000266",
        "addr:housenumber": "19б",
        "addr:street": "проспект Миру",
        "amenity": "restaurant",
        "building": "commercial",
        "building:levels": "1",
        "name": "Акваторія",
        "name:ru": "Акватория",
        "name:uk": "Акваторія",
        "opening_hours": "Mo-Sa 10:00-02:00, Su 12:00-02:00",
        "@geometry": "center"
      },
      "geometry": {
        "type": "Point",
        "coordinates": [
          30.6556495,
          46.3027549
        ]
      },
      "id": "way/1499000266"
    },
    {
      "type": "Feature",
      "properties": {
        "@id": "node/1523091962",
        "amenity": "restaurant",
        "name": "E-95",
        "name:uk": "E-95"
      },
      "geometry": {
        "type": "Point",
        "coordinates": [
          30.4148131,
          46.7955285
        ]
      },
      "id": "node/1523091962"
    },
    {
      "type": "Feature",
      "properties": {
        "@id": "way/1527616530",
        "addr:housenumber": "16",
        "addr:postcode": "65058",
        "addr:street": "проспект Шевченка",
        "amenity": "restaurant",
        "building": "yes",
        "contact:facebook": "https://www.facebook.com/TREFcafe/",
        "contact:instagram": "tref_cafe",
        "cuisine": "regional",
        "delivery": "yes",
        "description": "Ресторан з кінотеатром для дітей всередині",
        "description:en": "Restaurant with a cinema for children inside",
        "email": "trefcinema@gmail.com",
        "internet_access": "wlan",
        "internet_access:fee": "no",
        "name": "TREF Cinema Cafe",
        "name:uk": "Кінокафе TREF",
        "opening_hours": "09:00-21:45",
        "outdoor_seating": "yes",
        "payment:american_express": "yes",
        "payment:cash": "yes",
        "payment:mastercard": "yes",
        "phone": "+380 67 408 5556",
        "reservation": "no",
        "takeaway": "yes",
        "website:menu": "https://trefcinemacafe.choiceqr.com/menu",
        "@geometry": "center"
      },
      "geometry": {
        "type": "Point",
        "coordinates": [
          30.7563997,
          46.4478005
        ]
      },
      "id": "way/1527616530"
    },
    {
      "type": "Feature",
      "properties": {
        "@id": "way/1528850875",
        "air_conditioning": "yes",
        "amenity": "cafe",
        "building": "kiosk",
        "building:levels": "1",
        "name": "Coffee Hot-dog",
        "@geometry": "center"
      },
      "geometry": {
        "type": "Point",
        "coordinates": [
          30.7707366,
          46.4375542
        ]
      },
      "id": "way/1528850875"
    },
    {
      "type": "Feature",
      "properties": {
        "@id": "way/1528991823",
        "addr:housenumber": "125-А",
        "amenity": "cafe",
        "building": "retail",
        "@geometry": "center"
      },
      "geometry": {
        "type": "Point",
        "coordinates": [
          29.4392484,
          45.7613504
        ]
      },
      "id": "way/1528991823"
    },
    {
      "type": "Feature",
      "properties": {
        "@id": "node/1548543178",
        "historic": "monument",
        "memorial": "stele",
        "name": "Обеліск Cлави",
        "name:ru": "Обелиск Славы",
        "name:uk": "Обеліск Cлави",
        "start_date": "1975"
      },
      "geometry": {
        "type": "Point",
        "coordinates": [
          30.6644327,
          46.3034876
        ]
      },
      "id": "node/1548543178"
    },
    {
      "type": "Feature",
      "properties": {
        "@id": "node/1569357612",
        "addr:housenumber": "19Б",
        "addr:street": "Шабська вулиця",
        "amenity": "restaurant",
        "name": "Гірський орел",
        "name:ru": "Горный орел",
        "name:uk": "Гірський орел"
      },
      "geometry": {
        "type": "Point",
        "coordinates": [
          30.3373788,
          46.159278
        ]
      },
      "id": "node/1569357612"
    },
    {
      "type": "Feature",
      "properties": {
        "@id": "node/1574808563",
        "amenity": "restaurant",
        "name": "City",
        "name:uk": "City",
        "opening_hours": "PH,Mo-Su 10:00-22:00"
      },
      "geometry": {
        "type": "Point",
        "coordinates": [
          30.6638872,
          46.3059956
        ]
      },
      "id": "node/1574808563"
    },
    {
      "type": "Feature",
      "properties": {
        "@id": "node/1574808628",
        "fee": "yes",
        "name": "Музей образотворчих мистецтв О. М. Білого",
        "name:uk": "Музей образотворчих мистецтв О. М. Білого",
        "opening_hours": "Tu-Su 10:00-18:00",
        "tourism": "gallery"
      },
      "geometry": {
        "type": "Point",
        "coordinates": [
          30.66299,
          46.303597
        ]
      },
      "id": "node/1574808628"
    },
    {
      "type": "Feature",
      "properties": {
        "@id": "node/1574808672",
        "amenity": "restaurant"
      },
      "geometry": {
        "type": "Point",
        "coordinates": [
          30.662659,
          46.3055728
        ]
      },
      "id": "node/1574808672"
    },
    {
      "type": "Feature",
      "properties": {
        "@id": "node/1575735620",
        "addr:postcode": "68003",
        "amenity": "cafe",
        "cuisine": "regional",
        "name": "Т-спринт кафе",
        "name:uk": "Т-спринт кафе",
        "opening_hours": "PH,Mo-Su 09:00-24:00"
      },
      "geometry": {
        "type": "Point",
        "coordinates": [
          30.6553401,
          46.2981682
        ]
      },
      "id": "node/1575735620"
    },
    {
      "type": "Feature",
      "properties": {
        "@id": "node/1575735708",
        "amenity": "restaurant",
        "name": "Лео",
        "name:en": "Leo",
        "name:uk": "Лео",
        "opening_hours": "PH,Mo-Su 10:00-24:00"
      },
      "geometry": {
        "type": "Point",
        "coordinates": [
          30.6634988,
          46.3007563
        ]
      },
      "id": "node/1575735708"
    },
    {
      "type": "Feature",
      "properties": {
        "@id": "node/1577465635",
        "amenity": "restaurant"
      },
      "geometry": {
        "type": "Point",
        "coordinates": [
          30.6561531,
          46.3006997
        ]
      },
      "id": "node/1577465635"
    },
    {
      "type": "Feature",
      "properties": {
        "@id": "node/1577465637",
        "amenity": "cafe"
      },
      "geometry": {
        "type": "Point",
        "coordinates": [
          30.6558011,
          46.3008284
        ]
      },
      "id": "node/1577465637"
    },
    {
      "type": "Feature",
      "properties": {
        "@id": "node/1578209048",
        "amenity": "restaurant",
        "name": "317",
        "name:uk": "317",
        "opening_hours": "Mo-Sa 09:00-24:00; Su 12:00-24:00"
      },
      "geometry": {
        "type": "Point",
        "coordinates": [
          30.6545692,
          46.3010277
        ]
      },
      "id": "node/1578209048"
    },
    {
      "type": "Feature",
      "properties": {
        "@id": "node/1588084319",
        "amenity": "restaurant",
        "name": "Афаліна",
        "name:en": "Afalina",
        "name:ru": "Афалина",
        "name:uk": "Афаліна"
      },
      "geometry": {
        "type": "Point",
        "coordinates": [
          30.6639936,
          46.2990813
        ]
      },
      "id": "node/1588084319"
    },
    {
      "type": "Feature",
      "properties": {
        "@id": "node/1589076590",
        "amenity": "restaurant"
      },
      "geometry": {
        "type": "Point",
        "coordinates": [
          30.6555716,
          46.3014283
        ]
      },
      "id": "node/1589076590"
    },
    {
      "type": "Feature",
      "properties": {
        "@id": "node/1589834267",
        "addr:housenumber": "20/1",
        "addr:postcode": "68000",
        "addr:street": "проспект Миру",
        "amenity": "restaurant",
        "email": "fontan@gcn.ua",
        "internet_access": "wlan",
        "name": "Фонтан",
        "name:uk": "Фонтан",
        "opening_hours": "24/7",
        "phone": "+380 4868 65 549"
      },
      "geometry": {
        "type": "Point",
        "coordinates": [
          30.6543508,
          46.3018856
        ]
      },
      "id": "node/1589834267"
    },
    {
      "type": "Feature",
      "properties": {
        "@id": "node/1589834291",
        "amenity": "restaurant"
      },
      "geometry": {
        "type": "Point",
        "coordinates": [
          30.6554473,
          46.3055592
        ]
      },
      "id": "node/1589834291"
    },
    {
      "type": "Feature",
      "properties": {
        "@id": "node/1589834321",
        "amenity": "cafe",
        "name": "Старт",
        "name:uk": "Старт"
      },
      "geometry": {
        "type": "Point",
        "coordinates": [
          30.6562158,
          46.3068457
        ]
      },
      "id": "node/1589834321"
    },
    {
      "type": "Feature",
      "properties": {
        "@id": "node/1628116929",
        "addr:city": "Затока",
        "name": "Оболонь",
        "name:en": "Obolon",
        "name:ru": "Оболонь",
        "name:uk": "Оболонь",
        "phone": "+380 50 380 5742",
        "tourism": "hotel"
      },
      "geometry": {
        "type": "Point",
        "coordinates": [
          30.4090633,
          46.0298032
        ]
      },
      "id": "node/1628116929"
    },
    {
      "type": "Feature",
      "properties": {
        "@id": "node/1658362326",
        "amenity": "restaurant",
        "name": "Гурман",
        "name:en": "Hurman",
        "name:uk": "Гурман"
      },
      "geometry": {
        "type": "Point",
        "coordinates": [
          30.9088554,
          47.2013183
        ]
      },
      "id": "node/1658362326"
    },
    {
      "type": "Feature",
      "properties": {
        "@id": "node/1659771736",
        "name": "Готель Березівка",
        "name:uk": "Готель Березівка",
        "tourism": "hotel"
      },
      "geometry": {
        "type": "Point",
        "coordinates": [
          30.90548,
          47.1991828
        ]
      },
      "id": "node/1659771736"
    },
    {
      "type": "Feature",
      "properties": {
        "@id": "node/1659771758",
        "name": "Готель",
        "name:uk": "Готель",
        "tourism": "hotel"
      },
      "geometry": {
        "type": "Point",
        "coordinates": [
          30.940324,
          47.1930981
        ]
      },
      "id": "node/1659771758"
    },
    {
      "type": "Feature",
      "properties": {
        "@id": "node/1701557614",
        "addr:city": "Шабо",
        "addr:housenumber": "10",
        "addr:street": "Швейцарська вулиця",
        "name": "Центр культури вина «Шабо»",
        "name:en": "Shabo Wine Cultural Center",
        "name:ru": "Центр культуры вина «Шабо»",
        "name:uk": "Центр культури вина «Шабо»",
        "phone": "+380 48 700 0210",
        "tourism": "museum",
        "website": "https://shabo.ua/"
      },
      "geometry": {
        "type": "Point",
        "coordinates": [
          30.3741109,
          46.1429599
        ]
      },
      "id": "node/1701557614"
    },
    {
      "type": "Feature",
      "properties": {
        "@id": "node/1719152171",
        "amenity": "restaurant"
      },
      "geometry": {
        "type": "Point",
        "coordinates": [
          30.7314121,
          46.394843
        ]
      },
      "id": "node/1719152171"
    },
    {
      "type": "Feature",
      "properties": {
        "@id": "node/1730511336",
        "amenity": "cafe",
        "contact:email": "tsprint@tavriav.ua",
        "contact:phone": "+380 67 448 7770",
        "internet_access": "wlan",
        "internet_access:fee": "no",
        "name": "Т-Спрінт",
        "name:en": "T-Sprint",
        "name:ru": "Т-Спринт",
        "name:uk": "Т-Спрінт",
        "opening_hours": "09:00-22:00",
        "phone": "+380 48 729 8000",
        "source": "survey",
        "website": "www.sprint.od.ua"
      },
      "geometry": {
        "type": "Point",
        "coordinates": [
          30.7272781,
          46.4112633
        ]
      },
      "id": "node/1730511336"
    },
    {
      "type": "Feature",
      "properties": {
        "@id": "node/1730647367",
        "addr:housenumber": "28",
        "addr:street": "Академічна вулиця",
        "amenity": "restaurant",
        "level": "5",
        "name": "Сади Перемоги",
        "name:en": "Sady Pobedy",
        "name:ru": "Сады Победы",
        "name:uk": "Сади Перемоги"
      },
      "geometry": {
        "type": "Point",
        "coordinates": [
          30.7582248,
          46.4395162
        ]
      },
      "id": "node/1730647367"
    },
    {
      "type": "Feature",
      "properties": {
        "@id": "node/1730647377",
        "amenity": "cafe"
      },
      "geometry": {
        "type": "Point",
        "coordinates": [
          30.7581835,
          46.4400259
        ]
      },
      "id": "node/1730647377"
    },
    {
      "type": "Feature",
      "properties": {
        "@id": "node/1731633162",
        "amenity": "cafe"
      },
      "geometry": {
        "type": "Point",
        "coordinates": [
          30.727063,
          46.4112579
        ]
      },
      "id": "node/1731633162"
    },
    {
      "type": "Feature",
      "properties": {
        "@id": "node/1751042197",
        "amenity": "restaurant",
        "cuisine": "japanese",
        "name": "Yakitoria",
        "name:ru": "Якитория",
        "name:uk": "Yakitoria"
      },
      "geometry": {
        "type": "Point",
        "coordinates": [
          30.7393545,
          46.483878
        ]
      },
      "id": "node/1751042197"
    },
    {
      "type": "Feature",
      "properties": {
        "@id": "node/1811121657",
        "amenity": "restaurant",
        "cuisine": "pizza",
        "name": "Піцерія",
        "name:ru": "Пиццерия",
        "name:uk": "Піцерія"
      },
      "geometry": {
        "type": "Point",
        "coordinates": [
          30.4804642,
          46.085415
        ]
      },
      "id": "node/1811121657"
    },
    {
      "type": "Feature",
      "properties": {
        "@id": "node/1828367097",
        "addr:street": "Гвардійська вулиця",
        "amenity": "restaurant",
        "name": "Верона",
        "name:uk": "Верона"
      },
      "geometry": {
        "type": "Point",
        "coordinates": [
          30.9305997,
          46.5836869
        ]
      },
      "id": "node/1828367097"
    },
    {
      "type": "Feature",
      "properties": {
        "@id": "node/1829410577",
        "amenity": "restaurant",
        "name": "Квартира №12",
        "name:uk": "Квартира №12"
      },
      "geometry": {
        "type": "Point",
        "coordinates": [
          30.9325181,
          46.5834239
        ]
      },
      "id": "node/1829410577"
    },
    {
      "type": "Feature",
      "properties": {
        "@id": "node/1832314950",
        "amenity": "restaurant",
        "name": "Робін Бобін",
        "name:ru": "Робин Бобин",
        "name:uk": "Робін Бобін"
      },
      "geometry": {
        "type": "Point",
        "coordinates": [
          31.1042852,
          46.6182889
        ]
      },
      "id": "node/1832314950"
    },
    {
      "type": "Feature",
      "properties": {
        "@id": "node/1863541814",
        "amenity": "cafe"
      },
      "geometry": {
        "type": "Point",
        "coordinates": [
          30.5685177,
          46.1762816
        ]
      },
      "id": "node/1863541814"
    },
    {
      "type": "Feature",
      "properties": {
        "@id": "node/1883986647",
        "amenity": "restaurant",
        "name": "Graf",
        "name:uk": "Graf"
      },
      "geometry": {
        "type": "Point",
        "coordinates": [
          30.7365972,
          46.4881698
        ]
      },
      "id": "node/1883986647"
    },
    {
      "type": "Feature",
      "properties": {
        "@id": "node/1910578603",
        "amenity": "cafe",
        "name": "Арарат",
        "name:en": "Ararat",
        "name:uk": "Арарат"
      },
      "geometry": {
        "type": "Point",
        "coordinates": [
          30.5833558,
          46.1992326
        ]
      },
      "id": "node/1910578603"
    },
    {
      "type": "Feature",
      "properties": {
        "@id": "node/1910578607",
        "amenity": "cafe",
        "name": "Аризона",
        "name:uk": "Аризона"
      },
      "geometry": {
        "type": "Point",
        "coordinates": [
          30.5802974,
          46.1949387
        ]
      },
      "id": "node/1910578607"
    },
    {
      "type": "Feature",
      "properties": {
        "@id": "node/1910578609",
        "name": "Білі Роси",
        "name:uk": "Білі Роси",
        "tourism": "hotel"
      },
      "geometry": {
        "type": "Point",
        "coordinates": [
          30.5835507,
          46.200122
        ]
      },
      "id": "node/1910578609"
    },
    {
      "type": "Feature",
      "properties": {
        "@id": "node/1910578613",
        "name": "Волна",
        "name:uk": "Волна",
        "tourism": "hotel"
      },
      "geometry": {
        "type": "Point",
        "coordinates": [
          30.5810628,
          46.195488
        ]
      },
      "id": "node/1910578613"
    },
    {
      "type": "Feature",
      "properties": {
        "@id": "node/1910578647",
        "name": "Золотой Якорь",
        "name:uk": "Золотой Якорь",
        "tourism": "hotel"
      },
      "geometry": {
        "type": "Point",
        "coordinates": [
          30.5832338,
          46.1996782
        ]
      },
      "id": "node/1910578647"
    },
    {
      "type": "Feature",
      "properties": {
        "@id": "node/1910578650",
        "name": "Золотий колос",
        "name:uk": "Золотий колос",
        "tourism": "hotel"
      },
      "geometry": {
        "type": "Point",
        "coordinates": [
          30.5855735,
          46.2010908
        ]
      },
      "id": "node/1910578650"
    },
    {
      "type": "Feature",
      "properties": {
        "@id": "node/1910578657",
        "amenity": "cafe",
        "name": "Карс",
        "name:uk": "Карс"
      },
      "geometry": {
        "type": "Point",
        "coordinates": [
          30.5816305,
          46.197166
        ]
      },
      "id": "node/1910578657"
    },
    {
      "type": "Feature",
      "properties": {
        "@id": "node/1910578658",
        "amenity": "cafe",
        "name": "Корчма",
        "name:uk": "Корчма"
      },
      "geometry": {
        "type": "Point",
        "coordinates": [
          30.5801702,
          46.1950994
        ]
      },
      "id": "node/1910578658"
    },
    {
      "type": "Feature",
      "properties": {
        "@id": "node/1910578660",
        "name": "Лаванда",
        "name:uk": "Лаванда",
        "tourism": "hotel"
      },
      "geometry": {
        "type": "Point",
        "coordinates": [
          30.5848993,
          46.2011148
        ]
      },
      "id": "node/1910578660"
    },
    {
      "type": "Feature",
      "properties": {
        "@id": "node/1910578662",
        "name": "Лагуна",
        "name:uk": "Лагуна",
        "tourism": "hotel"
      },
      "geometry": {
        "type": "Point",
        "coordinates": [
          30.5846199,
          46.200896
        ]
      },
      "id": "node/1910578662"
    },
    {
      "type": "Feature",
      "properties": {
        "@id": "node/1910578665",
        "amenity": "cafe",
        "name": "Лайм",
        "name:en": "Laim",
        "name:uk": "Лайм"
      },
      "geometry": {
        "type": "Point",
        "coordinates": [
          30.5801444,
          46.1947091
        ]
      },
      "id": "node/1910578665"
    },
    {
      "type": "Feature",
      "properties": {
        "@id": "node/1910578669",
        "name": "Лілія",
        "name:ru": "Лилия",
        "name:uk": "Лілія",
        "tourism": "hotel"
      },
      "geometry": {
        "type": "Point",
        "coordinates": [
          30.5829058,
          46.1990126
        ]
      },
      "id": "node/1910578669"
    },
    {
      "type": "Feature",
      "properties": {
        "@id": "node/1910578691",
        "name": "Луч",
        "name:uk": "Луч",
        "tourism": "hotel"
      },
      "geometry": {
        "type": "Point",
        "coordinates": [
          30.5779254,
          46.1924273
        ]
      },
      "id": "node/1910578691"
    },
    {
      "type": "Feature",
      "properties": {
        "@id": "node/1910578695",
        "internet_access": "wlan",
        "name": "Меркурий",
        "name:uk": "Меркурий",
        "opening_hours": "Mo-Su 09:00-23:00",
        "tourism": "hotel"
      },
      "geometry": {
        "type": "Point",
        "coordinates": [
          30.5826516,
          46.19863
        ]
      },
      "id": "node/1910578695"
    },
    {
      "type": "Feature",
      "properties": {
        "@id": "node/1910578702",
        "name": "Овен",
        "name:uk": "Овен",
        "tourism": "hotel"
      },
      "geometry": {
        "type": "Point",
        "coordinates": [
          30.5787773,
          46.1953289
        ]
      },
      "id": "node/1910578702"
    },
    {
      "type": "Feature",
      "properties": {
        "@id": "node/1910578705",
        "name": "Панама City",
        "name:uk": "Панама City",
        "tourism": "hotel"
      },
      "geometry": {
        "type": "Point",
        "coordinates": [
          30.5775,
          46.1905893
        ]
      },
      "id": "node/1910578705"
    },
    {
      "type": "Feature",
      "properties": {
        "@id": "node/1910578707",
        "amenity": "cafe",
        "name": "Пафос",
        "name:en": "Pafos",
        "name:uk": "Пафос"
      },
      "geometry": {
        "type": "Point",
        "coordinates": [
          30.5813735,
          46.1969548
        ]
      },
      "id": "node/1910578707"
    },
    {
      "type": "Feature",
      "properties": {
        "@id": "node/1910578708",
        "name": "Полет",
        "name:uk": "Полет",
        "tourism": "hotel"
      },
      "geometry": {
        "type": "Point",
        "coordinates": [
          30.5790547,
          46.1933543
        ]
      },
      "id": "node/1910578708"
    },
    {
      "type": "Feature",
      "properties": {
        "@id": "node/1910578710",
        "name": "Ричард",
        "name:uk": "Ричард",
        "tourism": "hotel"
      },
      "geometry": {
        "type": "Point",
        "coordinates": [
          30.5810579,
          46.1952508
        ]
      },
      "id": "node/1910578710"
    },
    {
      "type": "Feature",
      "properties": {
        "@id": "node/1910578713",
        "amenity": "restaurant",
        "name": "Ричард",
        "name:uk": "Enseneda"
      },
      "geometry": {
        "type": "Point",
        "coordinates": [
          30.5808279,
          46.1953118
        ]
      },
      "id": "node/1910578713"
    },
    {
      "type": "Feature",
      "properties": {
        "@id": "node/1910578735",
        "name": "Ромашка",
        "name:uk": "Ромашка",
        "tourism": "hotel"
      },
      "geometry": {
        "type": "Point",
        "coordinates": [
          30.5819979,
          46.1977813
        ]
      },
      "id": "node/1910578735"
    },
    {
      "type": "Feature",
      "properties": {
        "@id": "node/1910578742",
        "amenity": "cafe",
        "name": "Севан",
        "name:uk": "Севан"
      },
      "geometry": {
        "type": "Point",
        "coordinates": [
          30.5815849,
          46.1970739
        ]
      },
      "id": "node/1910578742"
    },
    {
      "type": "Feature",
      "properties": {
        "@id": "node/1910578746",
        "amenity": "cafe",
        "name": "Скиф",
        "name:uk": "Скиф"
      },
      "geometry": {
        "type": "Point",
        "coordinates": [
          30.581794,
          46.1973608
        ]
      },
      "id": "node/1910578746"
    },
    {
      "type": "Feature",
      "properties": {
        "@id": "node/1910578749",
        "name": "Унава",
        "name:uk": "Унава",
        "tourism": "hotel"
      },
      "geometry": {
        "type": "Point",
        "coordinates": [
          30.5828491,
          46.1992417
        ]
      },
      "id": "node/1910578749"
    },
    {
      "type": "Feature",
      "properties": {
        "@id": "node/1910578755",
        "name": "Чайка",
        "name:uk": "Чайка",
        "tourism": "hotel"
      },
      "geometry": {
        "type": "Point",
        "coordinates": [
          30.5826037,
          46.1989131
        ]
      },
      "id": "node/1910578755"
    },
    {
      "type": "Feature",
      "properties": {
        "@id": "node/1910578756",
        "name": "Югама",
        "name:uk": "Югама",
        "tourism": "hotel"
      },
      "geometry": {
        "type": "Point",
        "coordinates": [
          30.5771183,
          46.1906706
        ]
      },
      "id": "node/1910578756"
    },
    {
      "type": "Feature",
      "properties": {
        "@id": "node/2011642127",
        "historic": "monument"
      },
      "geometry": {
        "type": "Point",
        "coordinates": [
          29.7166821,
          46.0493284
        ]
      },
      "id": "node/2011642127"
    },
    {
      "type": "Feature",
      "properties": {
        "@id": "node/2015822868",
        "addr:housenumber": "16а",
        "addr:street": "вулиця Валерія Самофалова",
        "name": "Villa Panama",
        "name:en": "Villa Panama",
        "name:ru": "Вилла Панама",
        "name:uk": "Villa Panama",
        "tourism": "hotel",
        "website": "https://www.booking.com/hotel/ua/villa-panama.ru.html#map_closed"
      },
      "geometry": {
        "type": "Point",
        "coordinates": [
          30.7615128,
          46.4243853
        ]
      },
      "id": "node/2015822868"
    },
    {
      "type": "Feature",
      "properties": {
        "@id": "node/2051349381",
        "historic": "monument",
        "name": "Копія кладовищенської брами - Місце розстрілу Жанни Лябурб",
        "name:ru": "Место расстрела Жанны Лябурб",
        "name:uk": "Копія кладовищенської брами - Місце розстрілу Жанни Лябурб"
      },
      "geometry": {
        "type": "Point",
        "coordinates": [
          30.7286805,
          46.4514642
        ]
      },
      "id": "node/2051349381"
    },
    {
      "type": "Feature",
      "properties": {
        "@id": "node/2068189406",
        "historic": "monument"
      },
      "geometry": {
        "type": "Point",
        "coordinates": [
          30.6535074,
          46.9299132
        ]
      },
      "id": "node/2068189406"
    },
    {
      "type": "Feature",
      "properties": {
        "@id": "node/2068232476",
        "air_conditioning": "yes",
        "amenity": "cafe",
        "bar": "yes",
        "description": "Саме тут готують найкращу каву в смт.Петрівка",
        "internet_access": "wlan",
        "internet_access:fee": "customers",
        "name": "Кафе-бар \"555\"",
        "name:uk": "Кафе-бар \"555\"",
        "payment:cards": "yes",
        "payment:cash": "yes",
        "payment:credit_cards": "yes",
        "payment:maestro": "yes",
        "payment:mastercard": "yes",
        "payment:visa": "yes"
      },
      "geometry": {
        "type": "Point",
        "coordinates": [
          30.7192306,
          46.9103566
        ]
      },
      "id": "node/2068232476"
    },
    {
      "type": "Feature",
      "properties": {
        "@id": "node/2068287554",
        "amenity": "cafe"
      },
      "geometry": {
        "type": "Point",
        "coordinates": [
          30.6544896,
          46.9295738
        ]
      },
      "id": "node/2068287554"
    },
    {
      "type": "Feature",
      "properties": {
        "@id": "node/2112539230",
        "addr:street": "Дерибасівська вулиця",
        "email": "royalstreet.hotel@gmail.com",
        "internet_access": "yes;wlan",
        "internet_access:fee": "no",
        "name": "Royal Street",
        "name:ar": "رويال",
        "name:uk": "Royal Street",
        "phone": "+380 48 784 2645",
        "tourism": "hotel",
        "website": "https://royalstreet.com.ua/"
      },
      "geometry": {
        "type": "Point",
        "coordinates": [
          30.7358693,
          46.483975
        ]
      },
      "id": "node/2112539230"
    },
    {
      "type": "Feature",
      "properties": {
        "@id": "node/2113597245",
        "addr:housenumber": "71/3",
        "addr:postcode": "65016",
        "addr:street": "Фонтанська дорога",
        "email": "admin@osobnyak.od.ua",
        "internet_access": "yes",
        "internet_access:fee": "no",
        "name": "Особняк готель",
        "name:en": "Private Residence - Osobnyak Hotel",
        "name:uk": "Особняк готель",
        "phone": "+38 068 260 2836",
        "rooms": "23",
        "tourism": "hotel",
        "website": "https://www.osobnyak.od.ua"
      },
      "geometry": {
        "type": "Point",
        "coordinates": [
          30.7567754,
          46.4205596
        ]
      },
      "id": "node/2113597245"
    },
    {
      "type": "Feature",
      "properties": {
        "@id": "node/2113660584",
        "internet_access": "yes",
        "internet_access:fee": "no",
        "name": "Корона",
        "name:en": "Corona",
        "name:ru": "Корона",
        "name:uk": "Корона",
        "tourism": "hotel",
        "website": "https://www.coronahotel.com.ua/"
      },
      "geometry": {
        "type": "Point",
        "coordinates": [
          30.7587209,
          46.434347
        ]
      },
      "id": "node/2113660584"
    },
    {
      "type": "Feature",
      "properties": {
        "@id": "node/2117689144",
        "internet_access": "yes",
        "internet_access:fee": "no",
        "name": "Адмірал",
        "name:en": "Admiral",
        "name:ru": "Адмирал",
        "name:uk": "Адмірал",
        "tourism": "hotel",
        "website": "www.hotel-admiral.com.ua"
      },
      "geometry": {
        "type": "Point",
        "coordinates": [
          30.7397374,
          46.4628506
        ]
      },
      "id": "node/2117689144"
    },
    {
      "type": "Feature",
      "properties": {
        "@id": "node/2161845620",
        "amenity": "cafe",
        "name": "Бізнес-кафе",
        "name:ru": "Бизнес-кафе",
        "name:uk": "Бізнес-кафе"
      },
      "geometry": {
        "type": "Point",
        "coordinates": [
          30.6956379,
          46.4660259
        ]
      },
      "id": "node/2161845620"
    },
    {
      "type": "Feature",
      "properties": {
        "@id": "node/2165223503",
        "historic": "monument",
        "name": "Пам'ятник радянським воїнам",
        "name:ru": "Памятник советским воинам",
        "name:uk": "Пам'ятник радянським воїнам"
      },
      "geometry": {
        "type": "Point",
        "coordinates": [
          30.5612266,
          46.5971648
        ]
      },
      "id": "node/2165223503"
    },
    {
      "type": "Feature",
      "properties": {
        "@id": "node/2165223506",
        "amenity": "restaurant"
      },
      "geometry": {
        "type": "Point",
        "coordinates": [
          30.5758771,
          46.5744905
        ]
      },
      "id": "node/2165223506"
    },
    {
      "type": "Feature",
      "properties": {
        "@id": "node/2183315349",
        "email": "info@aparthotelamerikano.com",
        "fax": "+380 48 729 7050",
        "internet_access": "yes",
        "internet_access:fee": "no",
        "name": "Amerikano",
        "name:uk": "Amerikano",
        "phone": "+380 48 729 7050",
        "tourism": "hotel",
        "website": "https://www.aparthotelamerikano.com/"
      },
      "geometry": {
        "type": "Point",
        "coordinates": [
          30.7406711,
          46.4800421
        ]
      },
      "id": "node/2183315349"
    },
    {
      "type": "Feature",
      "properties": {
        "@id": "node/2186847368",
        "historic": "monument",
        "name": "Пам’ятник загиблим воїнам-визволителям",
        "name:uk": "Пам’ятник загиблим воїнам-визволителям"
      },
      "geometry": {
        "type": "Point",
        "coordinates": [
          30.2593638,
          47.8303881
        ]
      },
      "id": "node/2186847368"
    },
    {
      "type": "Feature",
      "properties": {
        "@id": "node/2188238888",
        "amenity": "cafe"
      },
      "geometry": {
        "type": "Point",
        "coordinates": [
          30.3520868,
          46.1797435
        ]
      },
      "id": "node/2188238888"
    },
    {
      "type": "Feature",
      "properties": {
        "@id": "node/2210336840",
        "amenity": "cafe",
        "name": "Винегрет",
        "name:en": "Vinegret",
        "name:ru": "Винегрет",
        "name:uk": "Вінегрет"
      },
      "geometry": {
        "type": "Point",
        "coordinates": [
          30.7243426,
          46.398122
        ]
      },
      "id": "node/2210336840"
    },
    {
      "type": "Feature",
      "properties": {
        "@id": "node/2244429752",
        "amenity": "restaurant",
        "contact:email": "tsprint@tavriav.ua",
        "internet_access": "wlan",
        "internet_access:fee": "no",
        "name": "Т-Спрінт",
        "name:en": "T-Sprint",
        "name:ru": "Т-Спринт",
        "name:uk": "Т-Спрінт",
        "phone": "+380 48 796 5326",
        "website": "www.sprint.od.ua"
      },
      "geometry": {
        "type": "Point",
        "coordinates": [
          30.7241253,
          46.3908096
        ]
      },
      "id": "node/2244429752"
    },
    {
      "type": "Feature",
      "properties": {
        "@id": "node/2244439898",
        "amenity": "cafe"
      },
      "geometry": {
        "type": "Point",
        "coordinates": [
          30.7242726,
          46.3908057
        ]
      },
      "id": "node/2244439898"
    },
    {
      "type": "Feature",
      "properties": {
        "@id": "node/2248821712",
        "name": "Барселона",
        "name:en": "Barcelona",
        "name:uk": "Барселона",
        "phone": "+380 48 772 7646",
        "tourism": "hotel",
        "website": "https://www.barselona.com.ua/"
      },
      "geometry": {
        "type": "Point",
        "coordinates": [
          30.6970647,
          46.3788547
        ]
      },
      "id": "node/2248821712"
    },
    {
      "type": "Feature",
      "properties": {
        "@id": "node/2254532574",
        "amenity": "cafe",
        "name": "Спокуса",
        "name:uk": "Спокуса"
      },
      "geometry": {
        "type": "Point",
        "coordinates": [
          30.4088973,
          46.4334356
        ]
      },
      "id": "node/2254532574"
    },
    {
      "type": "Feature",
      "properties": {
        "@id": "node/2327399285",
        "name": "Hotel Arkadis",
        "name:uk": "Hotel Arkadis",
        "tourism": "hotel"
      },
      "geometry": {
        "type": "Point",
        "coordinates": [
          30.7630191,
          46.4242813
        ]
      },
      "id": "node/2327399285"
    },
    {
      "type": "Feature",
      "properties": {
        "@id": "node/2358653892",
        "internet_access": "wlan",
        "internet_access:fee": "no",
        "name": "Тукан",
        "name:en": "Tukan",
        "name:uk": "Тукан",
        "tourism": "hotel",
        "website": "tukan.odessa.ua"
      },
      "geometry": {
        "type": "Point",
        "coordinates": [
          30.774698,
          46.5614847
        ]
      },
      "id": "node/2358653892"
    },
    {
      "type": "Feature",
      "properties": {
        "@id": "node/2366924974",
        "contact:phone": "+380 97 463 9519",
        "name": "Пансіонат \"Борей\"",
        "name:ru": "Пансионат \"Борей\"",
        "name:uk": "Пансіонат \"Борей\"",
        "phone": "+380 482 36 0537",
        "tourism": "hotel"
      },
      "geometry": {
        "type": "Point",
        "coordinates": [
          30.7031629,
          46.3503448
        ]
      },
      "id": "node/2366924974"
    },
    {
      "type": "Feature",
      "properties": {
        "@id": "node/2367159465",
        "name": "Оздоровчий комплекс\" Люстдорф\"",
        "name:ru": "Оздоровительный комплекс \"Люстдорф\"",
        "name:uk": "Оздоровчий комплекс\" Люстдорф\"",
        "tourism": "hotel",
        "website": "www.ok-lustdorf.com.ua"
      },
      "geometry": {
        "type": "Point",
        "coordinates": [
          30.7057231,
          46.3557209
        ]
      },
      "id": "node/2367159465"
    },
    {
      "type": "Feature",
      "properties": {
        "@id": "node/2368757446",
        "amenity": "cafe",
        "description": "Городская столовая",
        "name": "Жарю-парю",
        "name:en": "Zhariu-Pariu",
        "name:uk": "Жарю-парю"
      },
      "geometry": {
        "type": "Point",
        "coordinates": [
          30.7437369,
          46.4754963
        ]
      },
      "id": "node/2368757446"
    },
    {
      "type": "Feature",
      "properties": {
        "@id": "node/2368795481",
        "amenity": "restaurant"
      },
      "geometry": {
        "type": "Point",
        "coordinates": [
          30.7545207,
          46.4734198
        ]
      },
      "id": "node/2368795481"
    },
    {
      "type": "Feature",
      "properties": {
        "@id": "node/2381109894",
        "name": "Палеонтологічний музей",
        "name:ru": "Палеонтологический музей",
        "name:uk": "Палеонтологічний музей",
        "tourism": "museum"
      },
      "geometry": {
        "type": "Point",
        "coordinates": [
          30.7311211,
          46.4876099
        ]
      },
      "id": "node/2381109894"
    },
    {
      "type": "Feature",
      "properties": {
        "@id": "node/2381122943",
        "amenity": "cafe",
        "name": "Топ Сендвич",
        "name:en": "Top Sandwich",
        "name:ru": "Топ Сендвич",
        "name:uk": "Топ Сендвіч",
        "opening_hours": "Mo-Su 9:00-23:59",
        "website": "http://top-sandwich.com.ua"
      },
      "geometry": {
        "type": "Point",
        "coordinates": [
          30.7394202,
          46.484165
        ]
      },
      "id": "node/2381122943"
    },
    {
      "type": "Feature",
      "properties": {
        "@id": "node/2383687003",
        "amenity": "cafe",
        "cuisine": "regional",
        "internet_access": "wlan",
        "name": "Жарю-Парю",
        "name:en": "Zhariu-Pariu",
        "name:uk": "Жарю-Парю",
        "opening_hours": "Mo-Su 08:00-21:00",
        "website": "http://zharu-paru.ua"
      },
      "geometry": {
        "type": "Point",
        "coordinates": [
          30.734328,
          46.4801607
        ]
      },
      "id": "node/2383687003"
    },
    {
      "type": "Feature",
      "properties": {
        "@id": "node/2388597845",
        "name": "Музей Контрабанди",
        "name:ru": "Музей Контрабанды",
        "name:uk": "Музей Контрабанди",
        "opening_hours": "Mo-Su 11:00-20:00",
        "tourism": "museum"
      },
      "geometry": {
        "type": "Point",
        "coordinates": [
          30.7389522,
          46.4863083
        ]
      },
      "id": "node/2388597845"
    },
    {
      "type": "Feature",
      "properties": {
        "@id": "node/2403048954",
        "amenity": "cafe",
        "name": "Їдальня",
        "name:uk": "Їдальня",
        "opening_hours": "Mo-Fr 09:00-18:00",
        "smoking": "no",
        "wheelchair": "no"
      },
      "geometry": {
        "type": "Point",
        "coordinates": [
          30.7492998,
          46.4470002
        ]
      },
      "id": "node/2403048954"
    },
    {
      "type": "Feature",
      "properties": {
        "@id": "node/2408850269",
        "amenity": "cafe",
        "contact:email": "tsprint@tavriav.ua",
        "internet_access": "wlan",
        "internet_access:fee": "no",
        "name": "Т-Спрінт",
        "name:en": "T-Sprint",
        "name:ru": "Т-Спринт",
        "name:uk": "Т-Спрінт",
        "phone": "+380 482 39 2682",
        "website": "http://sprint.od.ua"
      },
      "geometry": {
        "type": "Point",
        "coordinates": [
          30.7090741,
          46.3968127
        ]
      },
      "id": "node/2408850269"
    },
    {
      "type": "Feature",
      "properties": {
        "@id": "node/2408850274",
        "amenity": "restaurant",
        "contact:email": "tsprint@tavriav.ua",
        "internet_access": "wlan",
        "internet_access:fee": "no",
        "name": "Т-Спрінт",
        "name:en": "T-Sprint",
        "name:ru": "Т-Спринт",
        "name:uk": "Т-Спрінт",
        "phone": "+380 48 757 8157",
        "website": "http://www.sprint.od.ua"
      },
      "geometry": {
        "type": "Point",
        "coordinates": [
          30.7438853,
          46.4430393
        ]
      },
      "id": "node/2408850274"
    },
    {
      "type": "Feature",
      "properties": {
        "@id": "node/2408850281",
        "amenity": "cafe",
        "contact:email": "tsprint@tavriav.ua",
        "internet_access": "wlan",
        "internet_access:fee": "no",
        "name": "Т-Спрінт",
        "name:en": "T-Sprint",
        "name:ru": "Т-Спринт",
        "name:uk": "Т-Спрінт",
        "phone": "+380 482 36 3949",
        "website": "www.sprint.od.ua"
      },
      "geometry": {
        "type": "Point",
        "coordinates": [
          30.6841469,
          46.4485648
        ]
      },
      "id": "node/2408850281"
    },
    {
      "type": "Feature",
      "properties": {
        "@id": "node/2408850286",
        "amenity": "restaurant",
        "contact:email": "tsprint@tavriav.ua",
        "cuisine": "regional",
        "internet_access": "wlan",
        "internet_access:fee": "no",
        "name": "Т-Спрінт",
        "name:en": "T-Sprint",
        "name:ru": "Т-Спринт",
        "name:uk": "Т-Спрінт",
        "phone": "+380 48 729 9079",
        "website": "http://www.sprint.od.ua"
      },
      "geometry": {
        "type": "Point",
        "coordinates": [
          30.8054464,
          46.5995202
        ]
      },
      "id": "node/2408850286"
    },
    {
      "type": "Feature",
      "properties": {
        "@id": "node/2408861450",
        "amenity": "restaurant",
        "contact:email": "tsprint@tavriav.ua",
        "internet_access": "wlan",
        "internet_access:fee": "no",
        "name": "Т-Спрінт",
        "name:en": "T-Sprint",
        "name:ru": "Т-Спринт",
        "name:uk": "Т-Спрінт",
        "phone": "+380 4841 78 280",
        "website": "www.sprint.od.ua"
      },
      "geometry": {
        "type": "Point",
        "coordinates": [
          28.8389562,
          45.3661347
        ]
      },
      "id": "node/2408861450"
    },
    {
      "type": "Feature",
      "properties": {
        "@id": "node/2408861451",
        "amenity": "restaurant",
        "contact:email": "tsprint@tavriav.ua",
        "internet_access": "wlan",
        "internet_access:fee": "no",
        "name": "Т-Спрінт",
        "name:en": "T-Sprint",
        "name:ru": "Т-Спринт",
        "name:uk": "Т-Спрінт",
        "phone": "+380 4849 63 820",
        "website": "http://sprint.od.ua"
      },
      "geometry": {
        "type": "Point",
        "coordinates": [
          30.3514986,
          46.1796604
        ]
      },
      "id": "node/2408861451"
    },
    {
      "type": "Feature",
      "properties": {
        "@id": "node/2408861452",
        "amenity": "restaurant",
        "contact:email": "tsprint@tavriav.ua",
        "internet_access": "wlan",
        "internet_access:fee": "no",
        "name": "Т-Спрінт",
        "name:en": "T-Sprint",
        "name:ru": "Т-Спринт",
        "name:uk": "Т-Спрінт",
        "opening_hours": "PH,Mo-Su 09:00-22:00",
        "phone": "+380 482 30 4525",
        "website": "www.sprint.od.ua"
      },
      "geometry": {
        "type": "Point",
        "coordinates": [
          30.6553831,
          46.298404
        ]
      },
      "id": "node/2408861452"
    },
    {
      "type": "Feature",
      "properties": {
        "@id": "node/2422446848",
        "name": "Кооператор",
        "name:uk": "Кооператор",
        "tourism": "hotel"
      },
      "geometry": {
        "type": "Point",
        "coordinates": [
          28.612411,
          45.6832855
        ]
      },
      "id": "node/2422446848"
    },
    {
      "type": "Feature",
      "properties": {
        "@id": "node/2425508833",
        "name": "Дворянський",
        "name:en": "Dvoryansky Hotel",
        "name:ru": "Дворянский",
        "name:uk": "Дворянський",
        "tourism": "hotel"
      },
      "geometry": {
        "type": "Point",
        "coordinates": [
          30.7272453,
          46.4850535
        ]
      },
      "id": "node/2425508833"
    },
    {
      "type": "Feature",
      "properties": {
        "@id": "node/2434218397",
        "amenity": "restaurant",
        "cuisine": "regional;breakfast",
        "internet_access": "wlan",
        "name": "MamaCasalla",
        "name:uk": "MamaCasalla",
        "opening_hours": "Mo 12:00-00:00; Tu-Th 09:00-00:00; Fr 09:00-01:00; Sa-Su 10:00-00:00",
        "phone": "+380 482 39 9777",
        "website": "https://mamacasalla.com/"
      },
      "geometry": {
        "type": "Point",
        "coordinates": [
          30.7498063,
          46.4606535
        ]
      },
      "id": "node/2434218397"
    },
    {
      "type": "Feature",
      "properties": {
        "@id": "node/2434288736",
        "addr:floor": "1",
        "addr:housenumber": "2А",
        "addr:street": "проспект Шевченка",
        "amenity": "restaurant",
        "camera:mount": "ceiling",
        "check_date": "2025-09-27",
        "check_date:opening_hours": "2025-05-05",
        "cuisine": "pizza;pasta",
        "level": "0",
        "name": "Pomodoro",
        "opening_hours": "09:00-21:45",
        "payment:cash": "yes",
        "payment:contactless": "yes",
        "payment:mastercard": "yes",
        "payment:visa": "yes",
        "phone": "+380 48 772 7044",
        "surveillance": "indoor",
        "surveillance:type": "camera",
        "toilets:access": "customers",
        "website": "https://pomodoro.od.ua/",
        "website:menu": "https://www.pomodoro.od.ua/menu-bezkontaktnoe.pdf"
      },
      "geometry": {
        "type": "Point",
        "coordinates": [
          30.7498853,
          46.4614084
        ]
      },
      "id": "node/2434288736"
    },
    {
      "type": "Feature",
      "properties": {
        "@id": "node/2440451351",
        "addr:housenumber": "1/1",
        "addr:street": "провулок Олександра Матросова",
        "amenity": "restaurant",
        "cuisine": "pizza",
        "internet_access": "wlan",
        "name": "Zucchini",
        "name:uk": "Zucchini",
        "website": "https://zucchini.od.ua/"
      },
      "geometry": {
        "type": "Point",
        "coordinates": [
          30.7498036,
          46.4607272
        ]
      },
      "id": "node/2440451351"
    },
    {
      "type": "Feature",
      "properties": {
        "@id": "node/2444798805",
        "amenity": "cafe",
        "level": "-1",
        "name": "Мій Чешир",
        "name:en": "Mii Cheshyr",
        "name:ru": "Мой Чешир",
        "name:uk": "Мій Чешир"
      },
      "geometry": {
        "type": "Point",
        "coordinates": [
          30.7484841,
          46.4792001
        ]
      },
      "id": "node/2444798805"
    },
    {
      "type": "Feature",
      "properties": {
        "@id": "node/2444799263",
        "addr:housenumber": "27",
        "addr:street": "Рішельєвська вулиця",
        "amenity": "restaurant",
        "name": "Айва",
        "name:en": "Aiva",
        "name:ru": "Айва",
        "name:uk": "Айва",
        "opening_hours": "09:00-24:00",
        "website": "http://www.aiva.com.ua"
      },
      "geometry": {
        "type": "Point",
        "coordinates": [
          30.7403093,
          46.4774073
        ]
      },
      "id": "node/2444799263"
    },
    {
      "type": "Feature",
      "properties": {
        "@id": "node/2444799338",
        "amenity": "restaurant",
        "name": "Блеф",
        "name:en": "Blef",
        "name:ru": "Блеф",
        "name:uk": "Блеф",
        "opening_hours": "Mo-Su 11:00-00:00"
      },
      "geometry": {
        "type": "Point",
        "coordinates": [
          30.7509309,
          46.4268411
        ]
      },
      "id": "node/2444799338"
    },
    {
      "type": "Feature",
      "properties": {
        "@id": "node/2446134622",
        "amenity": "restaurant",
        "name": "Chinese food",
        "name:uk": "Chinese food"
      },
      "geometry": {
        "type": "Point",
        "coordinates": [
          30.7462406,
          46.4381084
        ]
      },
      "id": "node/2446134622"
    },
    {
      "type": "Feature",
      "properties": {
        "@id": "node/2446134628",
        "amenity": "cafe",
        "name": "Жето",
        "name:uk": "Жето"
      },
      "geometry": {
        "type": "Point",
        "coordinates": [
          30.7358203,
          46.4866352
        ]
      },
      "id": "node/2446134628"
    },
    {
      "type": "Feature",
      "properties": {
        "@id": "node/2446134629",
        "amenity": "cafe",
        "name": "Базилик",
        "name:en": "Bazilic",
        "name:ru": "Базилик",
        "name:uk": "Базилик"
      },
      "geometry": {
        "type": "Point",
        "coordinates": [
          30.7358138,
          46.4864651
        ]
      },
      "id": "node/2446134629"
    },
    {
      "type": "Feature",
      "properties": {
        "@id": "node/2447086755",
        "amenity": "cafe",
        "name": "Альпіна",
        "name:en": "Alpina",
        "name:ru": "Альпина",
        "name:uk": "Альпіна"
      },
      "geometry": {
        "type": "Point",
        "coordinates": [
          30.7396125,
          46.476345
        ]
      },
      "id": "node/2447086755"
    },
    {
      "type": "Feature",
      "properties": {
        "@id": "node/2615216489",
        "amenity": "restaurant",
        "name": "The Loft",
        "name:uk": "The Loft"
      },
      "geometry": {
        "type": "Point",
        "coordinates": [
          30.7017708,
          46.4389318
        ]
      },
      "id": "node/2615216489"
    },
    {
      "type": "Feature",
      "properties": {
        "@id": "node/2706751396",
        "name": "Babushka Grand",
        "name:uk": "Babushka Grand",
        "source": "Openstreetbugs",
        "tourism": "hotel"
      },
      "geometry": {
        "type": "Point",
        "coordinates": [
          30.7376805,
          46.4714923
        ]
      },
      "id": "node/2706751396"
    },
    {
      "type": "Feature",
      "properties": {
        "@id": "node/2706751402",
        "addr:housenumber": "8",
        "addr:street": "вулиця Гоголя",
        "amenity": "cafe",
        "internet_access": "wlan",
        "name": "Гоголь-Моголь",
        "name:en": "Hohol-Mohol",
        "name:uk": "Гоголь-Моголь",
        "opening_hours": "Mo-Su 09:00-00:00",
        "phone": "+380 48 784 5384",
        "source": "Openstreetbugs"
      },
      "geometry": {
        "type": "Point",
        "coordinates": [
          30.7354085,
          46.4890756
        ]
      },
      "id": "node/2706751402"
    },
    {
      "type": "Feature",
      "properties": {
        "@id": "node/2824831301",
        "addr:housenumber": "11/1",
        "addr:street": "вулиця Незалежності",
        "amenity": "restaurant",
        "cuisine": "pizza",
        "delivery": "yes",
        "name": "Pizza od ua",
        "name:uk": "Pizza od ua",
        "outdoor_seating": "no",
        "phone": "+380 48 700 6969",
        "takeaway": "yes",
        "website": "http://www.fantozzi.net.ua"
      },
      "geometry": {
        "type": "Point",
        "coordinates": [
          30.745482,
          46.449536
        ]
      },
      "id": "node/2824831301"
    },
    {
      "type": "Feature",
      "properties": {
        "@id": "node/2840096638",
        "addr:housenumber": "30",
        "addr:postcode": "65000",
        "addr:street": "Рішельєвська вулиця",
        "amenity": "restaurant",
        "cuisine": "jewish",
        "name": "Хеврон",
        "name:en": "Hevron",
        "name:ru": "Хеврон",
        "name:uk": "Хєврон",
        "phone": "+380 48 715 0374",
        "website": "http://www.hevron.od.ua"
      },
      "geometry": {
        "type": "Point",
        "coordinates": [
          30.7396221,
          46.4776946
        ]
      },
      "id": "node/2840096638"
    },
    {
      "type": "Feature",
      "properties": {
        "@id": "node/2866462153",
        "amenity": "cafe",
        "name": "Шкільне Кафе",
        "name:uk": "Шкільне Кафе"
      },
      "geometry": {
        "type": "Point",
        "coordinates": [
          30.4795975,
          46.3601512
        ]
      },
      "id": "node/2866462153"
    },
    {
      "type": "Feature",
      "properties": {
        "@id": "node/2926483955",
        "amenity": "cafe"
      },
      "geometry": {
        "type": "Point",
        "coordinates": [
          30.5390979,
          46.1418439
        ]
      },
      "id": "node/2926483955"
    },
    {
      "type": "Feature",
      "properties": {
        "@id": "node/2926485903",
        "amenity": "cafe"
      },
      "geometry": {
        "type": "Point",
        "coordinates": [
          30.5347178,
          46.144427
        ]
      },
      "id": "node/2926485903"
    },
    {
      "type": "Feature",
      "properties": {
        "@id": "node/2940373425",
        "amenity": "cafe"
      },
      "geometry": {
        "type": "Point",
        "coordinates": [
          30.5379241,
          46.1470216
        ]
      },
      "id": "node/2940373425"
    },
    {
      "type": "Feature",
      "properties": {
        "@id": "node/2974488199",
        "amenity": "cafe",
        "cuisine": "pizza",
        "name": "Olio Pizza",
        "name:uk": "Olio Pizza"
      },
      "geometry": {
        "type": "Point",
        "coordinates": [
          30.7348803,
          46.4811911
        ]
      },
      "id": "node/2974488199"
    },
    {
      "type": "Feature",
      "properties": {
        "@id": "node/2995866538",
        "landuse": "recreation_ground",
        "name": "GoodZone Club",
        "name:uk": "GoodZone Club",
        "tourism": "hotel"
      },
      "geometry": {
        "type": "Point",
        "coordinates": [
          30.5380111,
          46.1423057
        ]
      },
      "id": "node/2995866538"
    },
    {
      "type": "Feature",
      "properties": {
        "@id": "node/3038879555",
        "addr:housenumber": "2/2",
        "addr:street": "вулиця Каманіна",
        "amenity": "cafe",
        "internet_access": "yes",
        "name": "Доміно",
        "name:en": "Domino",
        "name:ru": "Домино",
        "name:uk": "Доміно",
        "wheelchair": "limited"
      },
      "geometry": {
        "type": "Point",
        "coordinates": [
          30.754331,
          46.4215078
        ]
      },
      "id": "node/3038879555"
    },
    {
      "type": "Feature",
      "properties": {
        "@id": "node/3038928225",
        "email": "admin@oceanis.od.ua",
        "fax": "+380 48 760 1424",
        "internet_access": "wlan",
        "internet_access:fee": "no",
        "name": "Океаніс",
        "name:ru": "Океанис",
        "name:uk": "Океаніс",
        "phone": "+380 48 760 1422;(95) 931-45-99",
        "stars": "3",
        "tourism": "hotel",
        "website": "http://oceanis.od.ua",
        "wheelchair": "limited"
      },
      "geometry": {
        "type": "Point",
        "coordinates": [
          30.7539524,
          46.4137656
        ]
      },
      "id": "node/3038928225"
    },
    {
      "type": "Feature",
      "properties": {
        "@id": "node/3073277547",
        "historic": "monument",
        "name": "Пам'ятник Скорботній матері",
        "name:uk": "Пам'ятник Скорботній матері"
      },
      "geometry": {
        "type": "Point",
        "coordinates": [
          30.1835406,
          46.4975546
        ]
      },
      "id": "node/3073277547"
    },
    {
      "type": "Feature",
      "properties": {
        "@id": "node/3076201218",
        "historic": "monument",
        "name": "Пам'ятник Партизанам",
        "name:de": "Monument der Partisanen",
        "name:en": "Monument to the Partisans",
        "name:ru": "Памятник Партизанам",
        "name:uk": "Пам'ятник Партизанам"
      },
      "geometry": {
        "type": "Point",
        "coordinates": [
          30.6271708,
          46.5373299
        ]
      },
      "id": "node/3076201218"
    },
    {
      "type": "Feature",
      "properties": {
        "@id": "node/3076201228",
        "historic": "monument"
      },
      "geometry": {
        "type": "Point",
        "coordinates": [
          30.6278001,
          46.537429
        ]
      },
      "id": "node/3076201228"
    },
    {
      "type": "Feature",
      "properties": {
        "@id": "node/3077695694",
        "historic": "monument"
      },
      "geometry": {
        "type": "Point",
        "coordinates": [
          30.6262301,
          46.5361326
        ]
      },
      "id": "node/3077695694"
    },
    {
      "type": "Feature",
      "properties": {
        "@id": "node/3077696347",
        "entrance": "yes",
        "name": "Вхід до Катакомб",
        "name:de": "Zugang zu den Katakomben",
        "name:en": "Entrance to the Catacombs",
        "name:ru": "Вход в Катакомбы",
        "name:uk": "Вхід до Катакомб",
        "tourism": "museum"
      },
      "geometry": {
        "type": "Point",
        "coordinates": [
          30.6262301,
          46.5376838
        ]
      },
      "id": "node/3077696347"
    },
    {
      "type": "Feature",
      "properties": {
        "@id": "node/3079608638",
        "amenity": "restaurant",
        "name": "Фарфор",
        "name:uk": "Фарфор",
        "opening_hours": "Mo-Su 09:00-23:00",
        "website": "http://farfor-kafe.umi.ru/"
      },
      "geometry": {
        "type": "Point",
        "coordinates": [
          30.7397968,
          46.4742885
        ]
      },
      "id": "node/3079608638"
    },
    {
      "type": "Feature",
      "properties": {
        "@id": "node/3081431438",
        "alt_name": "Café Buffet",
        "amenity": "cafe"
      },
      "geometry": {
        "type": "Point",
        "coordinates": [
          30.7504273,
          46.4690058
        ]
      },
      "id": "node/3081431438"
    },
    {
      "type": "Feature",
      "properties": {
        "@id": "node/3101802373",
        "addr:city": "Затока",
        "addr:housenumber": "101",
        "addr:street": "Приморська вулиця",
        "name": "Каса-Бланка",
        "name:uk": "Каса-Бланка",
        "tourism": "hotel",
        "website": "https://casa-blanca.com.ua/"
      },
      "geometry": {
        "type": "Point",
        "coordinates": [
          30.4281269,
          46.0454277
        ]
      },
      "id": "node/3101802373"
    },
    {
      "type": "Feature",
      "properties": {
        "@id": "node/3101838943",
        "name": "Робинзон",
        "name:uk": "Робинзон",
        "tourism": "hotel"
      },
      "geometry": {
        "type": "Point",
        "coordinates": [
          30.5210903,
          46.1326168
        ]
      },
      "id": "node/3101838943"
    },
    {
      "type": "Feature",
      "properties": {
        "@id": "node/3101942900",
        "addr:housenumber": "52",
        "addr:street": "Успенська вулиця",
        "amenity": "restaurant",
        "cuisine": "turkish",
        "internet_access": "wlan",
        "name": "Alaturka",
        "name:uk": "Alaturka",
        "opening_hours": "Mo-Su 09:00-23:00"
      },
      "geometry": {
        "type": "Point",
        "coordinates": [
          30.7371578,
          46.4755909
        ]
      },
      "id": "node/3101942900"
    },
    {
      "type": "Feature",
      "properties": {
        "@id": "node/3101942901",
        "name": "Annabelle",
        "name:uk": "Annabelle",
        "tourism": "hotel"
      },
      "geometry": {
        "type": "Point",
        "coordinates": [
          30.7384,
          46.48453
        ]
      },
      "id": "node/3101942901"
    },
    {
      "type": "Feature",
      "properties": {
        "@id": "node/3101942902",
        "amenity": "restaurant",
        "cuisine": "turkish",
        "name": "Анталія",
        "name:ru": "Анталия",
        "name:uk": "Анталія"
      },
      "geometry": {
        "type": "Point",
        "coordinates": [
          30.7402364,
          46.4756988
        ]
      },
      "id": "node/3101942902"
    },
    {
      "type": "Feature",
      "properties": {
        "@id": "node/3101942903",
        "amenity": "cafe",
        "name": "Booblik",
        "phone": "+380 96 524 2362"
      },
      "geometry": {
        "type": "Point",
        "coordinates": [
          30.7489379,
          46.4462768
        ]
      },
      "id": "node/3101942903"
    },
    {
      "type": "Feature",
      "properties": {
        "@id": "node/3101942905",
        "amenity": "restaurant",
        "name": "Jul Verne",
        "name:uk": "Jul Verne"
      },
      "geometry": {
        "type": "Point",
        "coordinates": [
          30.424323,
          46.0420771
        ]
      },
      "id": "node/3101942905"
    },
    {
      "type": "Feature",
      "properties": {
        "@id": "node/3101942906",
        "amenity": "restaurant",
        "cuisine": "chinese",
        "internet_access": "wlan",
        "name": "Yun",
        "name:uk": "Yun",
        "phone": "+380 48 777 0078",
        "website": "https://yong.od.ua/"
      },
      "geometry": {
        "type": "Point",
        "coordinates": [
          30.731322,
          46.4730298
        ]
      },
      "id": "node/3101942906"
    },
    {
      "type": "Feature",
      "properties": {
        "@id": "node/3101942907",
        "amenity": "cafe",
        "name": "Говінда",
        "name:ru": "Говинда",
        "name:uk": "Говінда",
        "website": "http://govinda.com.ua/"
      },
      "geometry": {
        "type": "Point",
        "coordinates": [
          30.74225,
          46.47245
        ]
      },
      "id": "node/3101942907"
    },
    {
      "type": "Feature",
      "properties": {
        "@id": "node/3101942909",
        "name": "Зірка",
        "name:ru": "Зирка",
        "name:uk": "Зірка",
        "tourism": "hotel",
        "wheelchair": "yes"
      },
      "geometry": {
        "type": "Point",
        "coordinates": [
          30.73055,
          46.4765
        ]
      },
      "id": "node/3101942909"
    },
    {
      "type": "Feature",
      "properties": {
        "@id": "node/3101942911",
        "amenity": "cafe",
        "name": "Чайний пʼяниця",
        "name:ru": "Чайный пьяница",
        "name:uk": "Чайний пʼяниця"
      },
      "geometry": {
        "type": "Point",
        "coordinates": [
          30.7343,
          46.47712
        ]
      },
      "id": "node/3101942911"
    },
    {
      "type": "Feature",
      "properties": {
        "@id": "node/3141630079",
        "historic": "monument",
        "name": "Загиблим на фрннтах Другої Світової Війни затишанам",
        "name:ru": "Погибшим во время Второй Мировой",
        "name:uk": "Загиблим на фрннтах Другої Світової Війни затишанам"
      },
      "geometry": {
        "type": "Point",
        "coordinates": [
          29.8696482,
          47.3344966
        ]
      },
      "id": "node/3141630079"
    },
    {
      "type": "Feature",
      "properties": {
        "@id": "node/3141631016",
        "historic": "monument",
        "name": "Братська могила (1941)",
        "name:uk": "Братська могила Другої Світової Війни"
      },
      "geometry": {
        "type": "Point",
        "coordinates": [
          29.8611901,
          47.3344704
        ]
      },
      "id": "node/3141631016"
    },
    {
      "type": "Feature",
      "properties": {
        "@id": "node/3148901660",
        "amenity": "cafe"
      },
      "geometry": {
        "type": "Point",
        "coordinates": [
          30.3614127,
          46.0214293
        ]
      },
      "id": "node/3148901660"
    },
    {
      "type": "Feature",
      "properties": {
        "@id": "node/3148901996",
        "amenity": "cafe",
        "name": "кирпичек"
      },
      "geometry": {
        "type": "Point",
        "coordinates": [
          30.3619896,
          46.021766
        ]
      },
      "id": "node/3148901996"
    },
    {
      "type": "Feature",
      "properties": {
        "@id": "node/3226303574",
        "historic": "monument"
      },
      "geometry": {
        "type": "Point",
        "coordinates": [
          29.6463271,
          47.429291
        ]
      },
      "id": "node/3226303574"
    },
    {
      "type": "Feature",
      "properties": {
        "@id": "node/3276612047",
        "name": "Супутник",
        "name:ru": "Спутник",
        "name:uk": "Супутник",
        "tourism": "hotel"
      },
      "geometry": {
        "type": "Point",
        "coordinates": [
          29.5299173,
          47.7511268
        ]
      },
      "id": "node/3276612047"
    },
    {
      "type": "Feature",
      "properties": {
        "@id": "node/3283293009",
        "amenity": "cafe",
        "opening_hours": "08:00-22:00"
      },
      "geometry": {
        "type": "Point",
        "coordinates": [
          30.7397443,
          46.4674923
        ]
      },
      "id": "node/3283293009"
    },
    {
      "type": "Feature",
      "properties": {
        "@id": "node/3283293013",
        "amenity": "cafe",
        "cuisine": "pizza",
        "name": "Чьо Pizzeria",
        "name:en": "Che Pizzeria",
        "name:ru": "Че Пиццерия",
        "name:uk": "Чьо Pizzeria",
        "opening_hours": "08:00-23:00"
      },
      "geometry": {
        "type": "Point",
        "coordinates": [
          30.7395997,
          46.4669125
        ]
      },
      "id": "node/3283293013"
    },
    {
      "type": "Feature",
      "properties": {
        "@id": "node/3289726525",
        "int_name": "Arnautsky",
        "name": "Арнаутський",
        "name:ru": "Арнаутский",
        "name:uk": "Арнаутський",
        "phone": "+380 48 735 7120",
        "tourism": "hotel",
        "website": "https://www.arnautsky.com.ua/"
      },
      "geometry": {
        "type": "Point",
        "coordinates": [
          30.7457431,
          46.472389
        ]
      },
      "id": "node/3289726525"
    },
    {
      "type": "Feature",
      "properties": {
        "@id": "node/3300136219",
        "historic": "monument",
        "name": "Пам'ятник \"Врятоване дитинство\"",
        "name:ru": "Памятник \"Спасенное детство\"",
        "name:uk": "Пам'ятник \"Врятоване дитинство\""
      },
      "geometry": {
        "type": "Point",
        "coordinates": [
          30.7449473,
          46.4412892
        ]
      },
      "id": "node/3300136219"
    },
    {
      "type": "Feature",
      "properties": {
        "@id": "node/3343908323",
        "amenity": "cafe",
        "name": "Каф",
        "name:uk": "Кафе"
      },
      "geometry": {
        "type": "Point",
        "coordinates": [
          30.3586718,
          46.0210682
        ]
      },
      "id": "node/3343908323"
    },
    {
      "type": "Feature",
      "properties": {
        "@id": "node/3344576390",
        "addr:housenumber": "66",
        "addr:street": "Європейська вулиця",
        "amenity": "restaurant",
        "cuisine": "pizza",
        "name": "Фонтан",
        "name:en": "Fontan",
        "name:ru": "Фонтан",
        "name:uk": "Фонтан",
        "opening_hours": "10:00-23:00",
        "phone": "+380 48 722 4142",
        "website": "https://fontan.od.ua/"
      },
      "geometry": {
        "type": "Point",
        "coordinates": [
          30.7370516,
          46.4736712
        ]
      },
      "id": "node/3344576390"
    },
    {
      "type": "Feature",
      "properties": {
        "@id": "node/3348193025",
        "addr:housenumber": "2/1",
        "addr:street": "Велика Арнаутська вулиця",
        "amenity": "cafe",
        "name": "Priority Cafe",
        "name:uk": "Priority Cafe",
        "opening_hours": "9:00-24:00",
        "phone": "+380 50 975 9464"
      },
      "geometry": {
        "type": "Point",
        "coordinates": [
          30.752947,
          46.4718467
        ]
      },
      "id": "node/3348193025"
    },
    {
      "type": "Feature",
      "properties": {
        "@id": "node/3351728839",
        "addr:housenumber": "21",
        "addr:street": "вулиця Ніни Строкатої",
        "amenity": "restaurant",
        "cuisine": "italian",
        "name": "La Veranda",
        "name:ru": "Ла веранда",
        "name:uk": "La Veranda",
        "website": "http://www.laveranda.com.ua"
      },
      "geometry": {
        "type": "Point",
        "coordinates": [
          30.741115,
          46.4808314
        ]
      },
      "id": "node/3351728839"
    },
    {
      "type": "Feature",
      "properties": {
        "@id": "node/3358737366",
        "addr:street": "проспект Шевченка",
        "amenity": "restaurant",
        "cuisine": "regional",
        "delivery": "no",
        "level": "1",
        "name": "Лазани",
        "name:en": "Lasani",
        "name:uk": "Лазани",
        "opening_hours": "Mo-Fr 08:00-16:00",
        "smoking": "no",
        "takeaway": "yes"
      },
      "geometry": {
        "type": "Point",
        "coordinates": [
          30.7510496,
          46.4608319
        ]
      },
      "id": "node/3358737366"
    },
    {
      "type": "Feature",
      "properties": {
        "@id": "node/3393739617",
        "historic": "monument"
      },
      "geometry": {
        "type": "Point",
        "coordinates": [
          29.7593018,
          47.3286974
        ]
      },
      "id": "node/3393739617"
    },
    {
      "type": "Feature",
      "properties": {
        "@id": "node/3396723385",
        "historic": "monument"
      },
      "geometry": {
        "type": "Point",
        "coordinates": [
          29.7628591,
          47.3263121
        ]
      },
      "id": "node/3396723385"
    },
    {
      "type": "Feature",
      "properties": {
        "@id": "node/3444524543",
        "addr:housenumber": "7",
        "addr:postcode": "65082",
        "addr:street": "Олександрівський проспект",
        "amenity": "cafe",
        "cuisine": "cheburek",
        "name": "Чебуречна",
        "name:en": "Cheburechna",
        "name:ru": "Чебуречная",
        "name:uk": "Чебуречна",
        "smoking": "no"
      },
      "geometry": {
        "type": "Point",
        "coordinates": [
          30.735634,
          46.4803194
        ]
      },
      "id": "node/3444524543"
    },
    {
      "type": "Feature",
      "properties": {
        "@id": "node/3485212267",
        "addr:housenumber": "13/2",
        "addr:street": "вулиця Сім'ї Глодан",
        "amenity": "cafe",
        "cuisine": "regional",
        "internet_access": "yes",
        "name": "Под Куполом",
        "name:ru": "Под Куполом",
        "name:uk": "Под Куполом",
        "old_name": "Велика Черешня",
        "opening_hours": "Mo-Su 10:00-23:00",
        "outdoor_seating": "yes",
        "phone": "+380 93 089 8487",
        "website": "http://www.podkupolom.od.ua"
      },
      "geometry": {
        "type": "Point",
        "coordinates": [
          30.7153507,
          46.398437
        ]
      },
      "id": "node/3485212267"
    },
    {
      "type": "Feature",
      "properties": {
        "@id": "node/3491691902",
        "name": "Готель 52",
        "name:en": "Hotel 52",
        "name:ru": "Отель 52",
        "name:uk": "Готель 52",
        "tourism": "hotel"
      },
      "geometry": {
        "type": "Point",
        "coordinates": [
          30.7374906,
          46.4761531
        ]
      },
      "id": "node/3491691902"
    },
    {
      "type": "Feature",
      "properties": {
        "@id": "node/3511289983",
        "amenity": "cafe",
        "contact:email": "merryberry.whale@gmail.com",
        "contact:facebook": "https://www.facebook.com/ilovemerryberry/",
        "contact:instagram": "https://www.instagram.com/merry_berry_cafe/",
        "contact:phone": "+380 63 537 8307",
        "contact:website": "https://merry-berry.ua/ru/",
        "cuisine": "coffee_shop;ice_cream;sandwich",
        "internet_access": "wlan",
        "name": "Merry Berry",
        "name:uk": "Merry Berry",
        "opening_hours": "Mo-Su 08:00-23:00",
        "operator": "Меррі-Групп"
      },
      "geometry": {
        "type": "Point",
        "coordinates": [
          30.7636348,
          46.4297607
        ]
      },
      "id": "node/3511289983"
    },
    {
      "type": "Feature",
      "properties": {
        "@id": "node/3511289985",
        "amenity": "cafe",
        "cuisine": "ice_cream",
        "name": "Fruzzi",
        "name:uk": "Fruzzi"
      },
      "geometry": {
        "type": "Point",
        "coordinates": [
          30.7635203,
          46.4298091
        ]
      },
      "id": "node/3511289985"
    },
    {
      "type": "Feature",
      "properties": {
        "@id": "node/3511293493",
        "addr:housenumber": "1",
        "addr:street": "Аркадійська алея",
        "amenity": "cafe",
        "cuisine": "regional",
        "name": "Золотое Руно",
        "name:en": "Zolote Runo",
        "name:ru": "Золотое Руно",
        "name:uk": "Золоте Руно"
      },
      "geometry": {
        "type": "Point",
        "coordinates": [
          30.7648882,
          46.4290357
        ]
      },
      "id": "node/3511293493"
    },
    {
      "type": "Feature",
      "properties": {
        "@id": "node/3511293498",
        "amenity": "cafe",
        "cuisine": "international;coffee_shop",
        "internet_access": "wlan",
        "name": "The Roastery",
        "name:uk": "The Roastery",
        "opening_hours": "24/7",
        "phone": "+380 93 787 8785"
      },
      "geometry": {
        "type": "Point",
        "coordinates": [
          30.761773,
          46.430418
        ]
      },
      "id": "node/3511293498"
    },
    {
      "type": "Feature",
      "properties": {
        "@id": "node/3511293502",
        "amenity": "cafe",
        "cuisine": "german;sausage",
        "name": "Немецкие Сосиски",
        "name:en": "Nemetskie Sosiski",
        "name:ru": "Немецкие Сосиски",
        "name:uk": "Німецькі Сосиски"
      },
      "geometry": {
        "type": "Point",
        "coordinates": [
          30.7624462,
          46.4304128
        ]
      },
      "id": "node/3511293502"
    },
    {
      "type": "Feature",
      "properties": {
        "@id": "node/3511293503",
        "amenity": "cafe",
        "cuisine": "sausage",
        "internet_access": "wlan",
        "name": "Празькі Ковбаски Гриль",
        "name:en": "Prazki Kovbasky Hryl",
        "name:ru": "Пражские Колбаски Гриль",
        "name:uk": "Празькі Ковбаски Гриль"
      },
      "geometry": {
        "type": "Point",
        "coordinates": [
          30.7625259,
          46.4303563
        ]
      },
      "id": "node/3511293503"
    },
    {
      "type": "Feature",
      "properties": {
        "@id": "node/3553116193",
        "addr:housenumber": "147",
        "addr:postcode": "68163",
        "addr:street": "Дачна вулиця",
        "internet_access": "wlan",
        "name": "Шато Шафран",
        "name:en": "Shato Shafran",
        "name:ru": "Шафран",
        "name:uk": "Шафран",
        "phone": "+380 98 035 0977",
        "tourism": "hotel",
        "website": "http://shato-shafran.com.ua"
      },
      "geometry": {
        "type": "Point",
        "coordinates": [
          30.1479664,
          45.8309212
        ]
      },
      "id": "node/3553116193"
    },
    {
      "type": "Feature",
      "properties": {
        "@id": "node/3553195451",
        "addr:city": "Кучурган",
        "addr:housenumber": "1",
        "addr:postcode": "67450",
        "addr:street": "Одеська вулиця",
        "amenity": "cafe",
        "cuisine": "regional",
        "internet_access": "wlan",
        "name": "Южанка",
        "name:en": "Yuzhanka",
        "name:ro": "Iuzhanka",
        "name:ru": "Южанка",
        "name:uk": "Южанка",
        "opening_hours": "8:00-22:00",
        "phone": "+380 96 178 1001",
        "smoking": "no"
      },
      "geometry": {
        "type": "Point",
        "coordinates": [
          29.9762599,
          46.7371576
        ]
      },
      "id": "node/3553195451"
    },
    {
      "type": "Feature",
      "properties": {
        "@id": "node/3612791781",
        "access": "yes",
        "check_date": "2024-08-02",
        "historic": "monument",
        "image": "https://d1cuyjsrcm0gby.cloudfront.net/XMHG0EGoqucRrLEq0wo0dA/thumb-2048.jpg",
        "inscription": "Овидиопольский район",
        "mapillary": "147341480688058",
        "name": "Овидиопольский район",
        "name:ru": "Овидиопольский район",
        "name:uk": "Овідіопольський район",
        "note": "Напис російською мовою",
        "source": "survey"
      },
      "geometry": {
        "type": "Point",
        "coordinates": [
          30.525961,
          46.1452499
        ]
      },
      "id": "node/3612791781"
    },
    {
      "type": "Feature",
      "properties": {
        "@id": "node/3625141109",
        "addr:housenumber": "231",
        "addr:street": "Лиманская",
        "name": "Адам та Єва",
        "name:uk": "Адам та Єва",
        "tourism": "hotel"
      },
      "geometry": {
        "type": "Point",
        "coordinates": [
          30.5103818,
          46.1289745
        ]
      },
      "id": "node/3625141109"
    },
    {
      "type": "Feature",
      "properties": {
        "@id": "node/3665698481",
        "amenity": "cafe",
        "cuisine": "cake;coffee_shop",
        "internet_access": "wlan",
        "name": "Цукерня",
        "name:en": "Tsukernia",
        "name:uk": "Цукерня",
        "opening_hours": "Mo-Su 09:00-21:00",
        "website": "http://cukernia.com.ua"
      },
      "geometry": {
        "type": "Point",
        "coordinates": [
          30.7291932,
          46.4825531
        ]
      },
      "id": "node/3665698481"
    },
    {
      "type": "Feature",
      "properties": {
        "@id": "node/3665706924",
        "amenity": "cafe",
        "name": "Фрунзик",
        "name:en": "Frunzik",
        "name:ru": "Фрунзик",
        "name:uk": "Фрунзик"
      },
      "geometry": {
        "type": "Point",
        "coordinates": [
          30.7282329,
          46.4819252
        ]
      },
      "id": "node/3665706924"
    },
    {
      "type": "Feature",
      "properties": {
        "@id": "node/3690961065",
        "amenity": "cafe",
        "name": "Хлібна №1",
        "name:ru": "Булочная №1",
        "name:uk": "Хлібна №1"
      },
      "geometry": {
        "type": "Point",
        "coordinates": [
          30.7514828,
          46.4552185
        ]
      },
      "id": "node/3690961065"
    },
    {
      "type": "Feature",
      "properties": {
        "@id": "node/3698434309",
        "amenity": "cafe",
        "cuisine": "regional",
        "internet_access": "no",
        "name": "Їдальня",
        "name:ru": "Столовая",
        "name:uk": "Їдальня"
      },
      "geometry": {
        "type": "Point",
        "coordinates": [
          30.4818496,
          46.0870232
        ]
      },
      "id": "node/3698434309"
    },
    {
      "type": "Feature",
      "properties": {
        "@id": "node/3698434313",
        "amenity": "cafe",
        "cuisine": "regional",
        "internet_access": "no",
        "name": "Їдальня",
        "name:uk": "Їдальня"
      },
      "geometry": {
        "type": "Point",
        "coordinates": [
          30.4397765,
          46.0547354
        ]
      },
      "id": "node/3698434313"
    },
    {
      "type": "Feature",
      "properties": {
        "@id": "node/3717014752",
        "addr:city": "Іллічівськ",
        "addr:housenumber": "20/1",
        "addr:postcode": "68000",
        "addr:street": "проспект Миру",
        "amenity": "restaurant",
        "email": "fontan@gcn.ua",
        "internet_access": "wlan",
        "name": "Фонтан",
        "name:uk": "Фонтан",
        "opening_hours": "Mo-Su 07:00-24:00",
        "phone": "+380 97 996 5549"
      },
      "geometry": {
        "type": "Point",
        "coordinates": [
          30.6542666,
          46.3017733
        ]
      },
      "id": "node/3717014752"
    },
    {
      "type": "Feature",
      "properties": {
        "@id": "node/3737998977",
        "amenity": "cafe",
        "name": "Зелень",
        "name:en": "Zelen",
        "name:ru": "Зелень",
        "name:uk": "Зелень",
        "smoking": "no"
      },
      "geometry": {
        "type": "Point",
        "coordinates": [
          30.7461965,
          46.4652638
        ]
      },
      "id": "node/3737998977"
    },
    {
      "type": "Feature",
      "properties": {
        "@id": "node/3751390026",
        "amenity": "restaurant",
        "internet_access": "wlan",
        "name": "Причал #1",
        "name:en": "Prichal #1",
        "name:ru": "Причал №1",
        "name:uk": "Причал #1",
        "outdoor_seating": "yes",
        "smoking": "yes"
      },
      "geometry": {
        "type": "Point",
        "coordinates": [
          30.7631384,
          46.4699242
        ]
      },
      "id": "node/3751390026"
    },
    {
      "type": "Feature",
      "properties": {
        "@id": "node/3751835993",
        "craft": "winery"
      },
      "geometry": {
        "type": "Point",
        "coordinates": [
          30.7554211,
          47.5372404
        ]
      },
      "id": "node/3751835993"
    },
    {
      "type": "Feature",
      "properties": {
        "@id": "node/3780638087",
        "amenity": "restaurant"
      },
      "geometry": {
        "type": "Point",
        "coordinates": [
          30.0731974,
          46.8522446
        ]
      },
      "id": "node/3780638087"
    },
    {
      "type": "Feature",
      "properties": {
        "@id": "node/3785901272",
        "addr:housenumber": "31",
        "addr:street": "Дерибасівська вулиця",
        "amenity": "cafe",
        "name": "Крамниця карамелi",
        "name:en": "Kramnytsia Karameli",
        "name:ru": "Мастерская карамели",
        "name:uk": "Крамниця карамелi",
        "opening_hours": "Mo-Su 10:00-23:00",
        "website": "https://caramel.lviv.ua/"
      },
      "geometry": {
        "type": "Point",
        "coordinates": [
          30.7343309,
          46.4842414
        ]
      },
      "id": "node/3785901272"
    },
    {
      "type": "Feature",
      "properties": {
        "@id": "node/3817392152",
        "name": "Прибой",
        "name:ru": "Прибой",
        "name:uk": "Прибій",
        "tourism": "hotel"
      },
      "geometry": {
        "type": "Point",
        "coordinates": [
          30.7582295,
          46.5495684
        ]
      },
      "id": "node/3817392152"
    },
    {
      "type": "Feature",
      "properties": {
        "@id": "node/3817396360",
        "amenity": "restaurant",
        "name": "Art Hall",
        "name:ru": "Арт Холл",
        "name:uk": "Art Hall"
      },
      "geometry": {
        "type": "Point",
        "coordinates": [
          30.7633689,
          46.5523391
        ]
      },
      "id": "node/3817396360"
    },
    {
      "type": "Feature",
      "properties": {
        "@id": "node/3817396361",
        "amenity": "restaurant",
        "name": "Manarola",
        "name:ru": "Манарола",
        "name:uk": "Manarola"
      },
      "geometry": {
        "type": "Point",
        "coordinates": [
          30.7634571,
          46.5522266
        ]
      },
      "id": "node/3817396361"
    },
    {
      "type": "Feature",
      "properties": {
        "@id": "node/3817396362",
        "amenity": "restaurant",
        "name": "Узмор'я",
        "name:en": "Vzmorye",
        "name:ru": "Взморье",
        "name:uk": "Узмор'я"
      },
      "geometry": {
        "type": "Point",
        "coordinates": [
          30.7638035,
          46.5519983
        ]
      },
      "id": "node/3817396362"
    },
    {
      "type": "Feature",
      "properties": {
        "@id": "node/3817396363",
        "name": "Colorito",
        "name:uk": "Colorito",
        "tourism": "theme_park"
      },
      "geometry": {
        "type": "Point",
        "coordinates": [
          30.7636672,
          46.5517682
        ]
      },
      "id": "node/3817396363"
    },
    {
      "type": "Feature",
      "properties": {
        "@id": "node/3817396372",
        "amenity": "restaurant",
        "name": "Робинзон",
        "name:en": "Robinzon",
        "name:ru": "Робинзон",
        "name:uk": "Робінзон"
      },
      "geometry": {
        "type": "Point",
        "coordinates": [
          30.7650108,
          46.5520688
        ]
      },
      "id": "node/3817396372"
    },
    {
      "type": "Feature",
      "properties": {
        "@id": "node/3817396384",
        "amenity": "cafe",
        "name": "Чайка",
        "name:en": "Chayka",
        "name:ru": "Чайка",
        "name:uk": "Чайка"
      },
      "geometry": {
        "type": "Point",
        "coordinates": [
          30.762392,
          46.5527934
        ]
      },
      "id": "node/3817396384"
    },
    {
      "type": "Feature",
      "properties": {
        "@id": "node/3819794491",
        "amenity": "restaurant",
        "cuisine": "kebab",
        "name": "Байт Альманди",
        "name:en": "Bait Almandi",
        "name:ru": "Байт Альманди",
        "name:uk": "Байт Альманди"
      },
      "geometry": {
        "type": "Point",
        "coordinates": [
          30.751495,
          46.460852
        ]
      },
      "id": "node/3819794491"
    },
    {
      "type": "Feature",
      "properties": {
        "@id": "node/3833233157",
        "addr:housenumber": "96а",
        "addr:street": "проспект Князя Володимира Великого",
        "amenity": "cafe",
        "cuisine": "pizza;grill",
        "delivery": "yes",
        "internet_access": "wlan",
        "name": "Pizza & Grill",
        "name:uk": "Pizza & Grill",
        "opening_hours": "Mo-Su 10:00-01:00",
        "phone": "+380 48 788 7988",
        "website": "http://pizza-grill.com.ua/"
      },
      "geometry": {
        "type": "Point",
        "coordinates": [
          30.7850378,
          46.5804277
        ]
      },
      "id": "node/3833233157"
    },
    {
      "type": "Feature",
      "properties": {
        "@id": "node/3836207639",
        "addr:housenumber": "32",
        "addr:street": "вулиця Затонського",
        "amenity": "restaurant",
        "cuisine": "pizza",
        "internet_access": "wlan",
        "level": "1",
        "name": "Pomodoro",
        "name:uk": "Pomodoro",
        "opening_hours": "Mo-Su 10:00-22:00"
      },
      "geometry": {
        "type": "Point",
        "coordinates": [
          30.7936596,
          46.583386
        ]
      },
      "id": "node/3836207639"
    },
    {
      "type": "Feature",
      "properties": {
        "@id": "node/3892735771",
        "amenity": "cafe",
        "contact:instagram": "https://www.instagram.com/itiscafe.ua/",
        "cuisine": "coffee_shop;dessert",
        "name": "Itis.cafe",
        "name:uk": "Itis.cafe",
        "website": "https://www.itis.cafe/"
      },
      "geometry": {
        "type": "Point",
        "coordinates": [
          30.8371516,
          46.5635475
        ]
      },
      "id": "node/3892735771"
    },
    {
      "type": "Feature",
      "properties": {
        "@id": "node/3896454786",
        "addr:city": "Одесса",
        "addr:housenumber": "120",
        "addr:street": "вулиця Семена Палія",
        "amenity": "restaurant",
        "capacity": "50",
        "cuisine": "japanese",
        "delivery": "yes",
        "diet:fish": "yes",
        "diet:pescetarian": "yes",
        "diet:vegetarian": "yes",
        "name": "Бенто",
        "name:en": "Bento",
        "name:uk": "Бенто",
        "opening_hours": "10:00-23:00",
        "smoking": "outside",
        "takeaway": "yes",
        "toilets": "yes",
        "website": "https://bento.com.ua/"
      },
      "geometry": {
        "type": "Point",
        "coordinates": [
          30.8017288,
          46.5855269
        ]
      },
      "id": "node/3896454786"
    },
    {
      "type": "Feature",
      "properties": {
        "@id": "node/3897524158",
        "description": "Сходи вели з куяльнику у Містечко Тработі, де були влаштовані базар та склади",
        "historic": "monument",
        "name": "В'їздна арка у містечко Тработі",
        "name:ru": "Въездная арка в городок Тработи",
        "name:uk": "В'їздна арка у містечко Тработі"
      },
      "geometry": {
        "type": "Point",
        "coordinates": [
          30.7243399,
          46.5594034
        ]
      },
      "id": "node/3897524158"
    },
    {
      "type": "Feature",
      "properties": {
        "@id": "node/3899135579",
        "amenity": "restaurant",
        "name": "Казка Сходу",
        "name:ru": "Сказка Востока",
        "name:uk": "Казка Сходу",
        "website": "http://skazka-vostoka.od.ua/"
      },
      "geometry": {
        "type": "Point",
        "coordinates": [
          30.7313208,
          46.4767135
        ]
      },
      "id": "node/3899135579"
    },
    {
      "type": "Feature",
      "properties": {
        "@id": "node/3901526059",
        "entrance": "yes",
        "name": "Підземна виставкова галерея",
        "name:ru": "Подземная выставочная галерея",
        "name:uk": "Підземна виставкова галерея",
        "tourism": "gallery"
      },
      "geometry": {
        "type": "Point",
        "coordinates": [
          30.7542371,
          46.4711198
        ]
      },
      "id": "node/3901526059"
    },
    {
      "type": "Feature",
      "properties": {
        "@id": "node/3904702683",
        "addr:housenumber": "52",
        "addr:street": "вулиця Академіка Заболотного",
        "amenity": "restaurant",
        "cuisine": "italian_pizza",
        "internet_access": "wlan",
        "name": "Італійський квартал",
        "name:en": "Italiiskyi Kvartal",
        "name:ru": "Итальянский Квартал",
        "name:uk": "Італійський квартал",
        "opening_hours": "Mo-Su 11:00-00:00",
        "website": "https://pizza-kvartal.com/"
      },
      "geometry": {
        "type": "Point",
        "coordinates": [
          30.7973969,
          46.578834
        ]
      },
      "id": "node/3904702683"
    },
    {
      "type": "Feature",
      "properties": {
        "@id": "node/3904702719",
        "addr:housenumber": "123а",
        "addr:street": "вулиця Семена Палія",
        "amenity": "cafe",
        "name": "Фрумушика",
        "name:en": "Frumushyka",
        "name:ru": "Фрумушика",
        "name:uk": "Фрумушика",
        "phone": "+380 48 738 0038",
        "website": "https://frumushika.com/"
      },
      "geometry": {
        "type": "Point",
        "coordinates": [
          30.8012458,
          46.5817972
        ]
      },
      "id": "node/3904702719"
    },
    {
      "type": "Feature",
      "properties": {
        "@id": "node/3906733250",
        "name": "Музей воскових фігур \"У баби Уті\"",
        "name:en": "U Baby Uti",
        "name:ru": "Музей восковых фигур \"У бабы Ути\"",
        "name:uk": "Музей воскових фігур \"У баби Уті\"",
        "tourism": "museum"
      },
      "geometry": {
        "type": "Point",
        "coordinates": [
          30.7407022,
          46.4841799
        ]
      },
      "id": "node/3906733250"
    },
    {
      "type": "Feature",
      "properties": {
        "@id": "node/3906733251",
        "name": "Музей воскових фігур",
        "name:ru": "Музей восковых фигур",
        "name:uk": "Музей воскових фігур",
        "tourism": "museum"
      },
      "geometry": {
        "type": "Point",
        "coordinates": [
          30.7428186,
          46.4863059
        ]
      },
      "id": "node/3906733251"
    },
    {
      "type": "Feature",
      "properties": {
        "@id": "node/3906733252",
        "name": "Музей історії органів внутрішніх справ",
        "name:ru": "Музей истории органов внутренних дел",
        "name:uk": "Музей історії органів внутрішніх справ",
        "tourism": "museum"
      },
      "geometry": {
        "type": "Point",
        "coordinates": [
          30.7429719,
          46.4781544
        ]
      },
      "id": "node/3906733252"
    },
    {
      "type": "Feature",
      "properties": {
        "@id": "node/3906733254",
        "name": "Одеський музей нумізматики",
        "name:en": "Odesa Numismatics Museum",
        "name:ru": "Одесский музей нумизматики",
        "name:uk": "Одеський музей нумізматики",
        "tourism": "museum",
        "wikidata": "Q7077716",
        "wikipedia": "uk:Одеський музей нумізматики"
      },
      "geometry": {
        "type": "Point",
        "coordinates": [
          30.7374725,
          46.482519
        ]
      },
      "id": "node/3906733254"
    },
    {
      "type": "Feature",
      "properties": {
        "@id": "node/3906733256",
        "name": "Степова Україна",
        "name:en": "Stepova Ukraina",
        "name:ru": "Степная Украина",
        "name:uk": "Степова Україна",
        "tourism": "museum"
      },
      "geometry": {
        "type": "Point",
        "coordinates": [
          30.7379323,
          46.4852409
        ]
      },
      "id": "node/3906733256"
    },
    {
      "type": "Feature",
      "properties": {
        "@id": "node/3906797644",
        "name": "Музей \"Філікі Етерія\"",
        "name:el": "Μουσείο Φιλικής Εταιρίας",
        "name:ru": "Музей \"Филики Этерия\"",
        "name:uk": "Музей \"Філікі Етерія\"",
        "tourism": "museum"
      },
      "geometry": {
        "type": "Point",
        "coordinates": [
          30.7364581,
          46.4823381
        ]
      },
      "id": "node/3906797644"
    },
    {
      "type": "Feature",
      "properties": {
        "@id": "node/3906797645",
        "email": "museumbleschunov@gmail.com",
        "facebook": "https://m.facebook.com/bleschunov",
        "internet_access": "wlan",
        "name": "Музей приватних коллекцій ім. О. В. Блещунова",
        "name:en": "Odesa Bleschunov Municipal Museum of Personal Collections",
        "name:etymology:wikidata": "Q4088100",
        "name:ru": "Музей личных коллекций им. А. В. Блещунова",
        "name:uk": "Музей приватних коллекцій ім. О. В. Блещунова",
        "opening_hours": "Th-Tu 10:30-17:30",
        "phone": "+380 48 722 1081",
        "tourism": "museum",
        "website": "http://www.omlk.com.ua"
      },
      "geometry": {
        "type": "Point",
        "coordinates": [
          30.7446086,
          46.4784037
        ]
      },
      "id": "node/3906797645"
    },
    {
      "type": "Feature",
      "properties": {
        "@id": "node/3906797646",
        "name": "Музей спортивної слави ім. чемпіонки Олімпійських ігор Юлії Рябчинської",
        "name:ru": "Музей спортивной славы им. чемпионки Олимпийских игр Юлии Рябчинской",
        "name:uk": "Музей спортивної слави ім. чемпіонки Олімпійських ігор Юлії Рябчинської",
        "tourism": "museum"
      },
      "geometry": {
        "type": "Point",
        "coordinates": [
          30.7457154,
          46.4785028
        ]
      },
      "id": "node/3906797646"
    },
    {
      "type": "Feature",
      "properties": {
        "@id": "node/3906797647",
        "name": "Музей ім. Ф. П. Деволана",
        "name:ru": "Музей им. Ф. П. Деволана",
        "name:uk": "Музей ім. Ф. П. Деволана",
        "tourism": "museum",
        "wheelchair": "yes"
      },
      "geometry": {
        "type": "Point",
        "coordinates": [
          30.7456211,
          46.484735
        ]
      },
      "id": "node/3906797647"
    },
    {
      "type": "Feature",
      "properties": {
        "@id": "node/3906848258",
        "name": "Apart Hotel Ribas",
        "name:ru": "Отель \"Apart Hotel Ribas\"",
        "name:uk": "Apart Hotel Ribas",
        "tourism": "hotel"
      },
      "geometry": {
        "type": "Point",
        "coordinates": [
          30.7442402,
          46.4834978
        ]
      },
      "id": "node/3906848258"
    },
    {
      "type": "Feature",
      "properties": {
        "@id": "node/3906848259",
        "addr:housenumber": "9",
        "addr:street": "Дерибасівська вулиця",
        "name": "City Georg Hotel",
        "name:uk": "City Georg Hotel",
        "tourism": "hotel"
      },
      "geometry": {
        "type": "Point",
        "coordinates": [
          30.7414444,
          46.4837079
        ]
      },
      "id": "node/3906848259"
    },
    {
      "type": "Feature",
      "properties": {
        "@id": "node/3906919398",
        "name": "Музей історії звуку Василя Пінчука",
        "name:ru": "Музей истории звука Василия Пинчука",
        "name:uk": "Музей історії звуку Василя Пінчука",
        "opening_hours": "Mo-Sa 12:00-17:15",
        "tourism": "museum"
      },
      "geometry": {
        "type": "Point",
        "coordinates": [
          30.7267977,
          46.4842781
        ]
      },
      "id": "node/3906919398"
    },
    {
      "type": "Feature",
      "properties": {
        "@id": "node/3907455192",
        "addr:postcode": "65012",
        "addr:street": "Велика Арнаутська вулиця",
        "name": "Одеський будинок-музей М. К. Реріха",
        "name:pl": "Muzeum-dom Mikołaja Roericha",
        "name:ru": "Одесский дом-музей Н. К. Рериха",
        "name:uk": "Одеський будинок-музей М. К. Реріха",
        "opening_hours": "10:00-18:00",
        "phone": "+380 48 715 5858",
        "tourism": "museum",
        "website": "https://www.odessa-roerich-house.od.ua/"
      },
      "geometry": {
        "type": "Point",
        "coordinates": [
          30.7420006,
          46.4722842
        ]
      },
      "id": "node/3907455192"
    },
    {
      "type": "Feature",
      "properties": {
        "@id": "node/3908309192",
        "amenity": "cafe",
        "cuisine": "regional;coffee_shop",
        "internet_access": "wlan",
        "internet_access:fee": "no",
        "name": "Кав’ярня CoffeeyOK на Канатній",
        "name:en": "coffee shop CoffeeyOK",
        "name:ru": "Кофейня CoffeeyOk на Канатной",
        "name:uk": "Кав’ярня CoffeeyOk на Канатній",
        "opening_hours": "Mo-Su 10:00-18:00",
        "outdoor_seating": "no",
        "phone": "+380 50 495 0064",
        "smoking": "no",
        "website": "https://coffeokodessa.business.site",
        "wheelchair": "no"
      },
      "geometry": {
        "type": "Point",
        "coordinates": [
          30.7467354,
          46.4686358
        ]
      },
      "id": "node/3908309192"
    },
    {
      "type": "Feature",
      "properties": {
        "@id": "node/3908487459",
        "name": "Музей Холокосту пам'яті жертв фашизму",
        "name:ru": "Музей Холокоста памяти жертв фашизма",
        "name:uk": "Музей Холокосту пам'яті жертв фашизму",
        "tourism": "museum",
        "wikidata": "Q25381286",
        "wikipedia": "uk:Музей Голокосту (Одеса)"
      },
      "geometry": {
        "type": "Point",
        "coordinates": [
          30.7318093,
          46.4715692
        ]
      },
      "id": "node/3908487459"
    },
    {
      "type": "Feature",
      "properties": {
        "@id": "node/3908754195",
        "name": "Музей коньячної справи ім. М. Л. Шустова",
        "name:ru": "Музей коньячного дела им. М. Л. Шустова",
        "name:uk": "Музей коньячної справи ім. М. Л. Шустова",
        "tourism": "museum"
      },
      "geometry": {
        "type": "Point",
        "coordinates": [
          30.7043627,
          46.4604992
        ]
      },
      "id": "node/3908754195"
    },
    {
      "type": "Feature",
      "properties": {
        "@id": "node/3911772711",
        "amenity": "cafe",
        "name": "Шу-Шу",
        "name:en": "Shu-Shu",
        "name:uk": "Шу-Шу"
      },
      "geometry": {
        "type": "Point",
        "coordinates": [
          30.7505312,
          46.461975
        ]
      },
      "id": "node/3911772711"
    },
    {
      "type": "Feature",
      "properties": {
        "@id": "node/3911923245",
        "amenity": "cafe",
        "name": "Ali baba",
        "name:uk": "Ali baba",
        "wheelchair": "limited"
      },
      "geometry": {
        "type": "Point",
        "coordinates": [
          30.7333521,
          46.4846256
        ]
      },
      "id": "node/3911923245"
    },
    {
      "type": "Feature",
      "properties": {
        "@id": "node/3911923247",
        "addr:housenumber": "28",
        "addr:street": "Преображенська вулиця",
        "amenity": "restaurant",
        "name": "KlaraBara",
        "name:ru": "КлараБара",
        "name:uk": "KlaraBara"
      },
      "geometry": {
        "type": "Point",
        "coordinates": [
          30.7334751,
          46.485166
        ]
      },
      "id": "node/3911923247"
    },
    {
      "type": "Feature",
      "properties": {
        "@id": "node/3911923248",
        "amenity": "cafe",
        "name": "GluKoza",
        "name:ru": "ГлюКоза",
        "name:uk": "GluKoza"
      },
      "geometry": {
        "type": "Point",
        "coordinates": [
          30.7355848,
          46.4847878
        ]
      },
      "id": "node/3911923248"
    },
    {
      "type": "Feature",
      "properties": {
        "@id": "node/3911923249",
        "addr:housenumber": "10",
        "addr:street": "Гаванна вулиця",
        "amenity": "restaurant",
        "email": "pecheskago@mail.ru",
        "internet_access": "wlan",
        "name": "City Garden",
        "name:uk": "City Garden",
        "phone": "+380 48 702 8811",
        "website": "www.pecheskago.com.ua"
      },
      "geometry": {
        "type": "Point",
        "coordinates": [
          30.7353167,
          46.48481
        ]
      },
      "id": "node/3911923249"
    },
    {
      "type": "Feature",
      "properties": {
        "@id": "node/3911923252",
        "addr:housenumber": "24",
        "addr:street": "Ланжеронівська вулиця",
        "amenity": "cafe",
        "cuisine": "regional;international",
        "diet:vegetarian": "yes",
        "internet_access": "wlan",
        "name": "Чернослив",
        "name:en": "Chornoslyv",
        "name:ru": "Чернослив",
        "name:uk": "Чорнослив",
        "opening_hours": "Mo-Su 09:00-23:00",
        "phone": "+380 68 997 7977"
      },
      "geometry": {
        "type": "Point",
        "coordinates": [
          30.7387037,
          46.4852592
        ]
      },
      "id": "node/3911923252"
    },
    {
      "type": "Feature",
      "properties": {
        "@id": "node/3917623060",
        "addr:housenumber": "74",
        "addr:postcode": "65025",
        "addr:street": "Кримська вулиця",
        "amenity": "restaurant",
        "contact:instagram": "https://www.instagram.com/krym.od.ua/",
        "cuisine": "oriental",
        "internet_access": "wlan",
        "name": "Крим",
        "opening_hours": "Mo-Su 11:00-21:00",
        "phone": "+380 68 133 5500"
      },
      "geometry": {
        "type": "Point",
        "coordinates": [
          30.7934882,
          46.5817859
        ]
      },
      "id": "node/3917623060"
    },
    {
      "type": "Feature",
      "properties": {
        "@id": "node/3918903025",
        "addr:housenumber": "85",
        "addr:street": "Французький бульвар",
        "amenity": "restaurant",
        "name": "Парк Резиденс",
        "name:en": "Park residence",
        "name:uk": "Парк Резиденс"
      },
      "geometry": {
        "type": "Point",
        "coordinates": [
          30.7666378,
          46.4454535
        ]
      },
      "id": "node/3918903025"
    },
    {
      "type": "Feature",
      "properties": {
        "@id": "node/3918903027",
        "amenity": "restaurant",
        "name": "Блеф",
        "name:en": "Blef",
        "name:uk": "Блеф"
      },
      "geometry": {
        "type": "Point",
        "coordinates": [
          30.767161,
          46.4469197
        ]
      },
      "id": "node/3918903027"
    },
    {
      "type": "Feature",
      "properties": {
        "@id": "node/3923664384",
        "addr:floor": "2",
        "level": "1",
        "name": "Музей В. П. Філатова",
        "name:ru": "Музей В. П. Филатова",
        "name:uk": "Музей В. П. Філатова",
        "tourism": "museum"
      },
      "geometry": {
        "type": "Point",
        "coordinates": [
          30.7607484,
          46.4549034
        ]
      },
      "id": "node/3923664384"
    },
    {
      "type": "Feature",
      "properties": {
        "@id": "node/3923664385",
        "name": "Музей Одеської кіностудії",
        "name:en": "Odesa Film Studio Museum",
        "name:ru": "Музей Одесской киностудии",
        "name:uk": "Музей Одеської кіностудії",
        "tourism": "museum"
      },
      "geometry": {
        "type": "Point",
        "coordinates": [
          30.7572111,
          46.4603267
        ]
      },
      "id": "node/3923664385"
    },
    {
      "type": "Feature",
      "properties": {
        "@id": "node/3933136295",
        "amenity": "cafe",
        "name": "Как есть",
        "name:en": "Yak Ye",
        "name:ru": "Как есть",
        "name:uk": "Як є",
        "opening_hours": "10:00-00:00"
      },
      "geometry": {
        "type": "Point",
        "coordinates": [
          30.7489932,
          46.4610908
        ]
      },
      "id": "node/3933136295"
    },
    {
      "type": "Feature",
      "properties": {
        "@id": "node/3933136297",
        "amenity": "restaurant",
        "name": "Банкирський дім",
        "name:ru": "Банкирский дом",
        "name:uk": "Банкирський дім"
      },
      "geometry": {
        "type": "Point",
        "coordinates": [
          30.7461258,
          46.455982
        ]
      },
      "id": "node/3933136297"
    },
    {
      "type": "Feature",
      "properties": {
        "@id": "node/3933136298",
        "addr:housenumber": "7",
        "addr:street": "проспект Шевченка",
        "amenity": "cafe",
        "name": "Casa Romani",
        "name:uk": "Casa Romani",
        "opening_hours": "09:00-23:00"
      },
      "geometry": {
        "type": "Point",
        "coordinates": [
          30.7504571,
          46.4581111
        ]
      },
      "id": "node/3933136298"
    },
    {
      "type": "Feature",
      "properties": {
        "@id": "node/3942715944",
        "amenity": "cafe",
        "internet_access": "wlan",
        "name": "Кухня",
        "name:en": "Kukhnia",
        "name:ru": "Кухня",
        "name:uk": "Кухня",
        "opening_hours": "We-Su 10:00-21:00",
        "phone": "+380 48 705 3805"
      },
      "geometry": {
        "type": "Point",
        "coordinates": [
          30.7624307,
          46.4294777
        ]
      },
      "id": "node/3942715944"
    },
    {
      "type": "Feature",
      "properties": {
        "@id": "node/3942715945",
        "amenity": "cafe",
        "cuisine": "regional",
        "name": "Чайка",
        "name:en": "Chayka",
        "name:ru": "Чайка Ресторан",
        "name:uk": "Чайка",
        "opening_hours": "Mo-Th 12:00-24:00; Fr-Su 12:00-02:00",
        "phone": "+380 98 771 8000"
      },
      "geometry": {
        "type": "Point",
        "coordinates": [
          30.762196,
          46.4297398
        ]
      },
      "id": "node/3942715945"
    },
    {
      "type": "Feature",
      "properties": {
        "@id": "node/3945100433",
        "amenity": "cafe",
        "cuisine": "oriental",
        "internet_access": "wlan",
        "name": "Жара",
        "name:en": "Zhara",
        "name:ru": "Жара",
        "name:uk": "Жара",
        "opening_hours": "Su-Th 12:00-23:00; Fr-Sa 12:00-06:00",
        "phone": "+380 48 705 3107"
      },
      "geometry": {
        "type": "Point",
        "coordinates": [
          30.7619927,
          46.430567
        ]
      },
      "id": "node/3945100433"
    },
    {
      "type": "Feature",
      "properties": {
        "@id": "node/3945100434",
        "addr:housenumber": "1",
        "addr:street": "Аркадійська алея",
        "amenity": "cafe",
        "cuisine": "international",
        "internet_access": "wlan",
        "name": "ЧеховSKY",
        "name:en": "ChekhovSKY",
        "name:uk": "ЧеховSKY",
        "opening_hours": "Mo-Su 10:00-24:00",
        "phone": "+380 63 072 8997"
      },
      "geometry": {
        "type": "Point",
        "coordinates": [
          30.7661135,
          46.4287637
        ]
      },
      "id": "node/3945100434"
    },
    {
      "type": "Feature",
      "properties": {
        "@id": "node/3945100435",
        "addr:housenumber": "1",
        "addr:street": "Аркадійська алея",
        "amenity": "cafe",
        "cuisine": "asian",
        "internet_access": "wlan",
        "name": "Woka",
        "name:uk": "Woka",
        "opening_hours": "Mo-Su 09:00-23:00",
        "website": "http://woka.com.ua"
      },
      "geometry": {
        "type": "Point",
        "coordinates": [
          30.7658387,
          46.4288792
        ]
      },
      "id": "node/3945100435"
    },
    {
      "type": "Feature",
      "properties": {
        "@id": "node/3945100436",
        "name": "Ark Palace",
        "name:uk": "Ark Palace",
        "tourism": "hotel"
      },
      "geometry": {
        "type": "Point",
        "coordinates": [
          30.7580439,
          46.4385949
        ]
      },
      "id": "node/3945100436"
    },
    {
      "type": "Feature",
      "properties": {
        "@id": "node/3981024160",
        "addr:housenumber": "32",
        "addr:street": "вулиця Затонського",
        "amenity": "cafe",
        "cuisine": "thai",
        "delivery": "yes",
        "name": "Тайрай",
        "name:en": "Tai Rai",
        "name:uk": "Тайрай",
        "opening_hours": "Mo-Su 10:00-22:00",
        "phone": "+380 48 770 4477",
        "website": "http://tairai.od.ua"
      },
      "geometry": {
        "type": "Point",
        "coordinates": [
          30.7939071,
          46.5835576
        ]
      },
      "id": "node/3981024160"
    },
    {
      "type": "Feature",
      "properties": {
        "@id": "node/3991864931",
        "amenity": "restaurant"
      },
      "geometry": {
        "type": "Point",
        "coordinates": [
          30.6506805,
          46.3513934
        ]
      },
      "id": "node/3991864931"
    },
    {
      "type": "Feature",
      "properties": {
        "@id": "node/3995558214",
        "amenity": "cafe",
        "name": "Победа",
        "name:en": "Pobeda",
        "name:uk": "Победа"
      },
      "geometry": {
        "type": "Point",
        "coordinates": [
          30.7498367,
          46.4459462
        ]
      },
      "id": "node/3995558214"
    },
    {
      "type": "Feature",
      "properties": {
        "@id": "node/3995728852",
        "name": "Музей шоколада",
        "name:en": "Museum of Chocolate",
        "name:ru": "Музей шоколада",
        "name:uk": "Музей шоколада",
        "opening_hours": "11:00-20:00",
        "tourism": "museum"
      },
      "geometry": {
        "type": "Point",
        "coordinates": [
          30.7398557,
          46.484136
        ]
      },
      "id": "node/3995728852"
    },
    {
      "type": "Feature",
      "properties": {
        "@id": "node/4016184329",
        "name": "Feeria Apartaments",
        "name:uk": "Feeria Apartaments",
        "operator": "Feeria Apartaments",
        "tourism": "hotel"
      },
      "geometry": {
        "type": "Point",
        "coordinates": [
          30.7648142,
          46.4328496
        ]
      },
      "id": "node/4016184329"
    },
    {
      "type": "Feature",
      "properties": {
        "@id": "node/4083575526",
        "name": "Галерея сучасного мистецтва \"NT-Art\"",
        "name:ru": "Галерея современного искусства \"NT-Art\"",
        "name:uk": "Галерея сучасного мистецтва \"NT-Art\"",
        "opening_hours": "11:00-19:00; Mo off",
        "tourism": "gallery",
        "website": "https://nt-art.net/"
      },
      "geometry": {
        "type": "Point",
        "coordinates": [
          30.7602113,
          46.4767772
        ]
      },
      "id": "node/4083575526"
    },
    {
      "type": "Feature",
      "properties": {
        "@id": "node/4100839490",
        "addr:housenumber": "52",
        "addr:postcode": "65025",
        "addr:street": "вулиця Академіка Заболотного",
        "amenity": "cafe",
        "cuisine": "sushi;soba;coffee_shop;chinese;japanese",
        "email": "sushiwokodessa@mail.ru",
        "internet_access": "wlan",
        "name": "BUDUSUSHI",
        "name:uk": "BUDUSUSHI",
        "opening_hours": "Mo-Su 11:00-23:00",
        "phone": "+380 48 700 0808;+380 73 700 0808;+380 96 700 0808;+380 99 700 0808",
        "website": "https://budusushi.ua/"
      },
      "geometry": {
        "type": "Point",
        "coordinates": [
          30.7973366,
          46.5786973
        ]
      },
      "id": "node/4100839490"
    },
    {
      "type": "Feature",
      "properties": {
        "@id": "node/4109721892",
        "amenity": "cafe",
        "name": "El Corazon",
        "name:ru": "Эль Каразон",
        "name:uk": "El Corazon"
      },
      "geometry": {
        "type": "Point",
        "coordinates": [
          30.7405363,
          46.4594132
        ]
      },
      "id": "node/4109721892"
    },
    {
      "type": "Feature",
      "properties": {
        "@id": "node/4117115495",
        "addr:housenumber": "47",
        "addr:street": "Успенська вулиця",
        "amenity": "cafe",
        "cuisine": "pizza",
        "internet_access": "wlan",
        "name": "Passini",
        "name:uk": "Passini"
      },
      "geometry": {
        "type": "Point",
        "coordinates": [
          30.7442008,
          46.4750444
        ]
      },
      "id": "node/4117115495"
    },
    {
      "type": "Feature",
      "properties": {
        "@id": "node/4121726492",
        "addr:housenumber": "15",
        "addr:street": "Європейська вулиця",
        "amenity": "restaurant",
        "cuisine": "italian",
        "internet_access": "wlan",
        "name": "Fanconi",
        "name:uk": "Fanconi",
        "opening_hours": "24/7",
        "phone": "+380 482 34 6666",
        "website": "https://www.fanconi.ua/"
      },
      "geometry": {
        "type": "Point",
        "coordinates": [
          30.7391839,
          46.484888
        ]
      },
      "id": "node/4121726492"
    },
    {
      "type": "Feature",
      "properties": {
        "@id": "node/4121743689",
        "amenity": "cafe",
        "cuisine": "international;breakfast",
        "internet_access": "wlan",
        "name": "Гараж",
        "name:en": "Garage",
        "name:pl": "Garage",
        "name:ru": "Гараж",
        "name:uk": "Гараж",
        "opening_hours": "Mo-Su 09:00-22:00"
      },
      "geometry": {
        "type": "Point",
        "coordinates": [
          30.7259201,
          46.4173701
        ]
      },
      "id": "node/4121743689"
    },
    {
      "type": "Feature",
      "properties": {
        "@id": "node/4131477290",
        "historic": "monument",
        "name": "Пам'ятник воїнам визволителям Надлиманського у Другій Світовій війні",
        "name:uk": "Пам'ятник воїнам визволителям Надлиманського у Другій Світовій війні"
      },
      "geometry": {
        "type": "Point",
        "coordinates": [
          30.3306969,
          46.3777247
        ]
      },
      "id": "node/4131477290"
    },
    {
      "type": "Feature",
      "properties": {
        "@id": "node/4157731072",
        "amenity": "cafe",
        "name": "Бджілка",
        "name:ru": "Пчёлка",
        "name:uk": "Бджілка"
      },
      "geometry": {
        "type": "Point",
        "coordinates": [
          30.3418603,
          46.1915473
        ]
      },
      "id": "node/4157731072"
    },
    {
      "type": "Feature",
      "properties": {
        "@id": "node/4157733394",
        "amenity": "cafe",
        "name": "Бджілка",
        "name:ru": "Пчелка",
        "name:uk": "Бджілка",
        "opening_hours": "Mo-Su 07:00-20:00",
        "wheelchair": "yes"
      },
      "geometry": {
        "type": "Point",
        "coordinates": [
          30.3442744,
          46.1941153
        ]
      },
      "id": "node/4157733394"
    },
    {
      "type": "Feature",
      "properties": {
        "@id": "node/4157946088",
        "amenity": "cafe",
        "name": "Пельменна",
        "name:ru": "Пельменная",
        "name:uk": "Пельменна",
        "wheelchair": "limited"
      },
      "geometry": {
        "type": "Point",
        "coordinates": [
          30.3417797,
          46.1920352
        ]
      },
      "id": "node/4157946088"
    },
    {
      "type": "Feature",
      "properties": {
        "@id": "node/4158666711",
        "amenity": "restaurant",
        "cuisine": "uzbek",
        "name": "Узбецька кухня",
        "name:ru": "Узбекская кухня",
        "name:uk": "Узбецька кухня"
      },
      "geometry": {
        "type": "Point",
        "coordinates": [
          30.3419863,
          46.1943229
        ]
      },
      "id": "node/4158666711"
    },
    {
      "type": "Feature",
      "properties": {
        "@id": "node/4162519689",
        "amenity": "restaurant",
        "name": "Родничек",
        "name:ru": "Родничок",
        "name:uk": "Родничек"
      },
      "geometry": {
        "type": "Point",
        "coordinates": [
          30.547781,
          46.6264154
        ]
      },
      "id": "node/4162519689"
    },
    {
      "type": "Feature",
      "properties": {
        "@id": "node/4163279448",
        "amenity": "cafe",
        "cuisine": "ice_cream",
        "name": "Лакомка",
        "name:ru": "Лакомка",
        "name:uk": "Лакомка",
        "wheelchair": "yes"
      },
      "geometry": {
        "type": "Point",
        "coordinates": [
          30.3478837,
          46.194342
        ]
      },
      "id": "node/4163279448"
    },
    {
      "type": "Feature",
      "properties": {
        "@id": "node/4164117008",
        "amenity": "cafe",
        "cuisine": "pizza",
        "name": "Da Vinci",
        "name:uk": "Da Vinci",
        "wheelchair": "no"
      },
      "geometry": {
        "type": "Point",
        "coordinates": [
          30.345469,
          46.1947225
        ]
      },
      "id": "node/4164117008"
    },
    {
      "type": "Feature",
      "properties": {
        "@id": "node/4167148756",
        "artwork_type": "painting",
        "name": "Художня майстерня",
        "name:en": "Art gallery",
        "name:ru": "Художественная мастерская",
        "name:uk": "Художня майстерня",
        "opening_hours": "Mo-Fr 9:00-18:00",
        "tourism": "gallery",
        "wheelchair": "no"
      },
      "geometry": {
        "type": "Point",
        "coordinates": [
          30.3466446,
          46.1933833
        ]
      },
      "id": "node/4167148756"
    },
    {
      "type": "Feature",
      "properties": {
        "@id": "node/4167148769",
        "amenity": "cafe",
        "cuisine": "pizza",
        "name": "Pizza Lino",
        "name:uk": "Pizza Lino",
        "wheelchair": "limited"
      },
      "geometry": {
        "type": "Point",
        "coordinates": [
          30.3478277,
          46.1918958
        ]
      },
      "id": "node/4167148769"
    },
    {
      "type": "Feature",
      "properties": {
        "@id": "node/4169896989",
        "addr:street": "траса Здоровʼя",
        "amenity": "cafe",
        "name": "Екватор",
        "name:en": "Ekvator",
        "name:ru": "Экватор",
        "name:uk": "Екватор",
        "opening_hours": "Mo-Su 10:00-22:00"
      },
      "geometry": {
        "type": "Point",
        "coordinates": [
          30.7621778,
          46.4625517
        ]
      },
      "id": "node/4169896989"
    },
    {
      "type": "Feature",
      "properties": {
        "@id": "node/4179014290",
        "tourism": "hotel"
      },
      "geometry": {
        "type": "Point",
        "coordinates": [
          30.7343055,
          46.4326305
        ]
      },
      "id": "node/4179014290"
    },
    {
      "type": "Feature",
      "properties": {
        "@id": "node/4187628946",
        "addr:city": "Одеса",
        "addr:housenumber": "5а",
        "addr:postcode": "65009",
        "addr:street": "Гагарінське Плато",
        "internet_access": "yes",
        "name": "Odesa Pearl Apartment",
        "name:uk": "Odesa Pearl Apartment",
        "operator": "Odesa Pearl Apartment",
        "smoking": "outside",
        "tourism": "hotel"
      },
      "geometry": {
        "type": "Point",
        "coordinates": [
          30.7649542,
          46.4327285
        ]
      },
      "id": "node/4187628946"
    },
    {
      "type": "Feature",
      "properties": {
        "@id": "node/4192304699",
        "access": "yes",
        "historic": "monument",
        "name": "Монумент загиблим",
        "name:uk": "Монумент загиблим"
      },
      "geometry": {
        "type": "Point",
        "coordinates": [
          30.2586949,
          46.2047814
        ]
      },
      "id": "node/4192304699"
    },
    {
      "type": "Feature",
      "properties": {
        "@id": "node/4198458289",
        "amenity": "restaurant",
        "name": "Авокадо",
        "name:en": "Avocado",
        "name:ru": "Авокадо",
        "name:uk": "Авокадо"
      },
      "geometry": {
        "type": "Point",
        "coordinates": [
          30.7644905,
          46.4741017
        ]
      },
      "id": "node/4198458289"
    },
    {
      "type": "Feature",
      "properties": {
        "@id": "node/4198525189",
        "addr:housenumber": "56",
        "addr:street": "Мала Арнаутська вулиця",
        "amenity": "cafe",
        "email": "contact@perron7.com.ua",
        "internet_access": "wlan",
        "name": "Перрон №7",
        "name:en": "Perron #7",
        "name:uk": "Перрон №7",
        "phone": "+380 67 480 4588",
        "website": "http://perron7.com.ua"
      },
      "geometry": {
        "type": "Point",
        "coordinates": [
          30.7383117,
          46.471381
        ]
      },
      "id": "node/4198525189"
    },
    {
      "type": "Feature",
      "properties": {
        "@id": "node/4209218286",
        "addr:housenumber": "1а",
        "addr:postcode": "65033",
        "addr:street": "вулиця Малішевського",
        "amenity": "restaurant",
        "internet_access": "wlan",
        "name": "СВС",
        "name:ru": "СВС",
        "name:uk": "СВС",
        "opening_hours": "Mo-Su 10:00-00:00"
      },
      "geometry": {
        "type": "Point",
        "coordinates": [
          30.6824513,
          46.4499674
        ]
      },
      "id": "node/4209218286"
    },
    {
      "type": "Feature",
      "properties": {
        "@id": "node/4209623693",
        "addr:housenumber": "34",
        "addr:postcode": "68604",
        "addr:street": "проспект Миру",
        "amenity": "restaurant",
        "cuisine": "italian_pizza",
        "internet_access": "wlan",
        "name": "Пармезан",
        "name:uk": "Пармезан",
        "opening_hours": "Mo-Su 11:00-23:00",
        "phone": "+380 97 095 0095"
      },
      "geometry": {
        "type": "Point",
        "coordinates": [
          28.8291333,
          45.3539021
        ]
      },
      "id": "node/4209623693"
    },
    {
      "type": "Feature",
      "properties": {
        "@id": "node/4209660689",
        "amenity": "cafe",
        "cuisine": "coffee_shop",
        "internet_access": "wlan",
        "name": "Крем-Брюле",
        "name:uk": "Крем-Брюле",
        "opening_hours": "Mo-Su 08:00-22:00",
        "wheelchair": "no"
      },
      "geometry": {
        "type": "Point",
        "coordinates": [
          28.826203,
          45.3545379
        ]
      },
      "id": "node/4209660689"
    },
    {
      "type": "Feature",
      "properties": {
        "@id": "node/4214458515",
        "addr:housenumber": "1",
        "addr:street": "Аркадійська алея",
        "amenity": "restaurant",
        "internet_access": "wlan",
        "name": "Mangal House",
        "name:uk": "Mangal House",
        "opening_hours": "24/7"
      },
      "geometry": {
        "type": "Point",
        "coordinates": [
          30.7625839,
          46.4302186
        ]
      },
      "id": "node/4214458515"
    },
    {
      "type": "Feature",
      "properties": {
        "@id": "node/4214458518",
        "addr:housenumber": "1",
        "addr:street": "Аркадійська алея",
        "amenity": "cafe",
        "cuisine": "coffee_shop",
        "internet_access": "wlan",
        "name": "My Coffee",
        "name:uk": "My Coffee",
        "opening_hours": "Mo-Su 09:00-22:00",
        "website": "https://mycoffee.bz/"
      },
      "geometry": {
        "type": "Point",
        "coordinates": [
          30.7644253,
          46.429238
        ]
      },
      "id": "node/4214458518"
    },
    {
      "type": "Feature",
      "properties": {
        "@id": "node/4214458519",
        "amenity": "cafe",
        "cuisine": "pizza",
        "name": "Zagranica",
        "name:uk": "Zagranica"
      },
      "geometry": {
        "type": "Point",
        "coordinates": [
          30.7624771,
          46.4303885
        ]
      },
      "id": "node/4214458519"
    },
    {
      "type": "Feature",
      "properties": {
        "@id": "node/4214458522",
        "amenity": "cafe",
        "cuisine": "asian",
        "name": "Panda",
        "name:uk": "Panda"
      },
      "geometry": {
        "type": "Point",
        "coordinates": [
          30.7637441,
          46.4297156
        ]
      },
      "id": "node/4214458522"
    },
    {
      "type": "Feature",
      "properties": {
        "@id": "node/4214458523",
        "amenity": "cafe",
        "cuisine": "burger",
        "internet_access": "wlan",
        "name": "Big Burger",
        "name:uk": "Big Burger",
        "opening_hours": "24/7",
        "phone": "+380 67 480 8707",
        "website": "https://big-burger.ua/ru/"
      },
      "geometry": {
        "type": "Point",
        "coordinates": [
          30.7639598,
          46.4296296
        ]
      },
      "id": "node/4214458523"
    },
    {
      "type": "Feature",
      "properties": {
        "@id": "node/4214458524",
        "addr:housenumber": "1",
        "addr:street": "Аркадійська алея",
        "amenity": "cafe",
        "cuisine": "italian",
        "internet_access": "wlan",
        "name": "Да Винчи",
        "name:en": "Da Vinci",
        "name:uk": "Да Винчи",
        "opening_hours": "Mo-Su 10:00-24:00",
        "phone": "+380 63 072 8997"
      },
      "geometry": {
        "type": "Point",
        "coordinates": [
          30.7659725,
          46.4288245
        ]
      },
      "id": "node/4214458524"
    },
    {
      "type": "Feature",
      "properties": {
        "@id": "node/4214458527",
        "amenity": "cafe",
        "cuisine": "ice_cream",
        "name": "Biella Caffe",
        "name:uk": "Biella Caffe",
        "opening_hours": "Mo-Su 10:00-22:00"
      },
      "geometry": {
        "type": "Point",
        "coordinates": [
          30.7627625,
          46.4301433
        ]
      },
      "id": "node/4214458527"
    },
    {
      "type": "Feature",
      "properties": {
        "@id": "node/4221649002",
        "addr:housenumber": "21",
        "addr:street": "вулиця Ніни Строкатої",
        "amenity": "restaurant",
        "cuisine": "regional;international",
        "internet_access": "wlan",
        "name": "Щастя",
        "name:en": "Shchastie",
        "name:ru": "Счастье",
        "name:uk": "Щастя",
        "opening_hours": "09:00-01:00"
      },
      "geometry": {
        "type": "Point",
        "coordinates": [
          30.7409271,
          46.4808485
        ]
      },
      "id": "node/4221649002"
    },
    {
      "type": "Feature",
      "properties": {
        "@id": "node/4221649004",
        "addr:housenumber": "18",
        "addr:street": "вулиця Ніни Строкатої",
        "amenity": "cafe",
        "cuisine": "barbecue",
        "name": "Bar-B-Q",
        "name:uk": "Bar-B-Q",
        "opening_hours": "10:00-24:00"
      },
      "geometry": {
        "type": "Point",
        "coordinates": [
          30.7409501,
          46.4811731
        ]
      },
      "id": "node/4221649004"
    },
    {
      "type": "Feature",
      "properties": {
        "@id": "node/4221649005",
        "addr:housenumber": "9-А",
        "addr:street": "Рішельєвська вулиця",
        "amenity": "cafe",
        "cuisine": "georgian",
        "name": "Батіг і пряник",
        "name:ru": "Кнут и Пряник",
        "name:uk": "Батіг і пряник",
        "opening_hours": "10:00-23:00",
        "phone": "+380 48 795 1319"
      },
      "geometry": {
        "type": "Point",
        "coordinates": [
          30.7408816,
          46.4820038
        ]
      },
      "id": "node/4221649005"
    },
    {
      "type": "Feature",
      "properties": {
        "@id": "node/4221649007",
        "amenity": "cafe",
        "cuisine": "burger",
        "internet_access": "wlan",
        "name": "Cooper Burgers",
        "name:uk": "Cooper Burgers",
        "opening_hours": "09:00-24:00"
      },
      "geometry": {
        "type": "Point",
        "coordinates": [
          30.7412742,
          46.4823114
        ]
      },
      "id": "node/4221649007"
    },
    {
      "type": "Feature",
      "properties": {
        "@id": "node/4221672070",
        "amenity": "restaurant",
        "cuisine": "pizza",
        "name": "Olio Pizza",
        "name:ru": "Олио пицца",
        "name:uk": "Olio Pizza"
      },
      "geometry": {
        "type": "Point",
        "coordinates": [
          30.7364186,
          46.4853516
        ]
      },
      "id": "node/4221672070"
    },
    {
      "type": "Feature",
      "properties": {
        "@id": "node/4221672071",
        "amenity": "restaurant",
        "cuisine": "french",
        "name": "Desire",
        "name:ru": "Дезире",
        "name:uk": "Desire"
      },
      "geometry": {
        "type": "Point",
        "coordinates": [
          30.7375251,
          46.4852709
        ]
      },
      "id": "node/4221672071"
    },
    {
      "type": "Feature",
      "properties": {
        "@id": "node/4221679501",
        "amenity": "cafe",
        "cuisine": "tea;cake;coffee_shop",
        "internet_access": "wlan",
        "name": "Cannoli",
        "name:uk": "Cannoli",
        "opening_hours": "Mo-Su 10:00-22:00",
        "website": "http://cannoli.ua"
      },
      "geometry": {
        "type": "Point",
        "coordinates": [
          30.739642,
          46.4859197
        ]
      },
      "id": "node/4221679501"
    },
    {
      "type": "Feature",
      "properties": {
        "@id": "node/4222243198",
        "addr:housenumber": "15",
        "addr:street": "Садова вулиця",
        "amenity": "restaurant",
        "cuisine": "international;pizza",
        "internet_access": "wlan",
        "name": "Mario's",
        "name:en": "Mario's",
        "name:ru": "Марио",
        "name:uk": "Mario's",
        "opening_hours": "Mo-Su 09:00-23:00",
        "website": "https://mariospizza.com.ua/"
      },
      "geometry": {
        "type": "Point",
        "coordinates": [
          30.7304935,
          46.4854698
        ]
      },
      "id": "node/4222243198"
    },
    {
      "type": "Feature",
      "properties": {
        "@id": "node/4222275892",
        "amenity": "restaurant",
        "cuisine": "pizza;grill",
        "internet_access": "wlan",
        "name": "Pizza & Grill",
        "name:uk": "Pizza & Grill",
        "opening_hours": "Su-Th 10:00-01:00; Fr-Sa 10:00-02:00",
        "website": "pizza-grill.com.ua"
      },
      "geometry": {
        "type": "Point",
        "coordinates": [
          30.740358,
          46.4878584
        ]
      },
      "id": "node/4222275892"
    },
    {
      "type": "Feature",
      "properties": {
        "@id": "node/4222275893",
        "addr:housenumber": "19",
        "addr:street": "Садова вулиця",
        "amenity": "restaurant",
        "contact:instagram": "https://www.instagram.com/benedikt.odessa/",
        "cuisine": "breakfast",
        "delivery": "yes",
        "internet_access": "wlan",
        "internet_access:password": "goodmorning",
        "internet_access:wlan:ssid": "Benedikt24",
        "name": "Benedikt",
        "name:en": "Benedikt",
        "name:ru": "Бенедикт",
        "name:uk": "Бенедикт",
        "opening_hours": "Mo-Su 09:00-22:00",
        "phone": "+380 93 759 9898"
      },
      "geometry": {
        "type": "Point",
        "coordinates": [
          30.7313711,
          46.484983
        ]
      },
      "id": "node/4222275893"
    },
    {
      "type": "Feature",
      "properties": {
        "@id": "node/4225446289",
        "addr:street": "Базарна вулиця",
        "amenity": "cafe",
        "cuisine": "local;regional",
        "name": "Бессарабка",
        "name:ru": "Бессарабка",
        "name:uk": "Бессарабка"
      },
      "geometry": {
        "type": "Point",
        "coordinates": [
          30.7474583,
          46.4733732
        ]
      },
      "id": "node/4225446289"
    },
    {
      "type": "Feature",
      "properties": {
        "@id": "node/4225446489",
        "addr:housenumber": "40",
        "addr:street": "Успенська вулиця",
        "amenity": "cafe",
        "cuisine": "burger;barbecue;grill",
        "name": "Дядя Миша",
        "name:ru": "дядя Миша",
        "name:uk": "Дядя Миша",
        "opening_hours": "Mo-Su 12:00-23:00"
      },
      "geometry": {
        "type": "Point",
        "coordinates": [
          30.7412103,
          46.4756304
        ]
      },
      "id": "node/4225446489"
    },
    {
      "type": "Feature",
      "properties": {
        "@id": "node/4225806190",
        "amenity": "cafe",
        "name": "Профитроли",
        "name:en": "Profitroli",
        "name:ru": "Профитроли",
        "name:uk": "Профитроли"
      },
      "geometry": {
        "type": "Point",
        "coordinates": [
          30.7420439,
          46.4807837
        ]
      },
      "id": "node/4225806190"
    },
    {
      "type": "Feature",
      "properties": {
        "@id": "node/4227251692",
        "addr:housenumber": "64",
        "addr:street": "Рішельєвська вулиця",
        "amenity": "restaurant",
        "internet_access": "wlan",
        "name": "Salat Bar",
        "name:uk": "Salat Bar",
        "opening_hours": "Mo-Su 09:00-23:00"
      },
      "geometry": {
        "type": "Point",
        "coordinates": [
          30.7388266,
          46.4721727
        ]
      },
      "id": "node/4227251692"
    },
    {
      "type": "Feature",
      "properties": {
        "@id": "node/4230364467",
        "name": "Водний світ",
        "name:ru": "Водный мир",
        "name:uk": "Водний світ",
        "tourism": "hotel"
      },
      "geometry": {
        "type": "Point",
        "coordinates": [
          30.3442635,
          46.1900444
        ]
      },
      "id": "node/4230364467"
    },
    {
      "type": "Feature",
      "properties": {
        "@id": "node/4237751790",
        "addr:housenumber": "38",
        "addr:street": "вулиця Ніни Строкатої",
        "alt_name": "ВЛАВАШЕ",
        "amenity": "cafe",
        "cuisine": "burger;hot_dog;oriental;sandwich",
        "internet_access": "wlan",
        "name": "VLAVASHE",
        "opening_hours": "24/7",
        "outdoor_seating": "yes",
        "phone": "+380 66 388 8895",
        "website": "https://vlavashe.ua/"
      },
      "geometry": {
        "type": "Point",
        "coordinates": [
          30.734718,
          46.481613
        ]
      },
      "id": "node/4237751790"
    },
    {
      "type": "Feature",
      "properties": {
        "@id": "node/4237751820",
        "addr:housenumber": "1-А",
        "addr:street": "Грецька вулиця",
        "amenity": "cafe",
        "internet_access": "wlan",
        "name": "Мармелад",
        "name:en": "Marmelad",
        "name:uk": "Мармелад",
        "opening_hours": "Mo-Su 10:00-23:00",
        "phone": "+380 96 242 3112"
      },
      "geometry": {
        "type": "Point",
        "coordinates": [
          30.7353004,
          46.4822485
        ]
      },
      "id": "node/4237751820"
    },
    {
      "type": "Feature",
      "properties": {
        "@id": "node/4237763298",
        "addr:housenumber": "38",
        "addr:street": "вулиця Ніни Строкатої",
        "amenity": "cafe",
        "contact:facebook": "tourdefrancecafe",
        "contact:instagram": "tourdefrancecafe",
        "cuisine": "breakfast;coffee_shop;sandwich;tea",
        "name": "Тур де Франс",
        "name:en": "Tour de France",
        "name:ru": "Тур де Франс",
        "name:uk": "Тур де Франс",
        "outdoor_seating": "no"
      },
      "geometry": {
        "type": "Point",
        "coordinates": [
          30.7344383,
          46.4816188
        ]
      },
      "id": "node/4237763298"
    },
    {
      "type": "Feature",
      "properties": {
        "@id": "node/4237865089",
        "addr:housenumber": "18",
        "addr:street": "Ланжеронівська вулиця",
        "amenity": "restaurant",
        "contact:instagram": "https://www.instagram.com/maman.rest/",
        "cuisine": "regional;breakfast;mediterranean",
        "diet:vegetarian": "yes",
        "internet_access": "wlan",
        "name": "Maman",
        "name:en": "Maman",
        "name:ru": "Маман",
        "name:uk": "Maman",
        "opening_hours": "Su-Th 11:00-23:00; Fr-Sa 11:00-24:00",
        "phone": "+380 48 711 7035"
      },
      "geometry": {
        "type": "Point",
        "coordinates": [
          30.7397521,
          46.4851194
        ]
      },
      "id": "node/4237865089"
    },
    {
      "type": "Feature",
      "properties": {
        "@id": "node/4239187517",
        "name": "Жовті велікани",
        "name:ru": "Жёлтые великаны",
        "name:uk": "Жовті велікани",
        "tourism": "gallery"
      },
      "geometry": {
        "type": "Point",
        "coordinates": [
          30.7286132,
          46.4934423
        ]
      },
      "id": "node/4239187517"
    },
    {
      "type": "Feature",
      "properties": {
        "@id": "node/4242786248",
        "amenity": "cafe",
        "check_date:opening_hours": "2021-10-08",
        "cuisine": "coffee_shop",
        "internet_access": "wlan",
        "name": "Vivus",
        "name:uk": "Vivus",
        "opening_hours": "Mo-Su 08:00-22:00",
        "strapline": "Coffee roasters"
      },
      "geometry": {
        "type": "Point",
        "coordinates": [
          28.8192421,
          45.3573792
        ]
      },
      "id": "node/4242786248"
    },
    {
      "type": "Feature",
      "properties": {
        "@id": "node/4255248934",
        "amenity": "restaurant",
        "internet_access": "wlan",
        "name": "Готель Венеція",
        "name:uk": "Готель Венеція",
        "tourism": "hotel",
        "website": "https://vilkovo-venecia.at.ua/"
      },
      "geometry": {
        "type": "Point",
        "coordinates": [
          29.5883729,
          45.3986108
        ]
      },
      "id": "node/4255248934"
    },
    {
      "type": "Feature",
      "properties": {
        "@id": "node/4261372092",
        "amenity": "cafe",
        "cuisine": "coffee_shop",
        "name": "Coffee Room",
        "name:uk": "Coffee Room"
      },
      "geometry": {
        "type": "Point",
        "coordinates": [
          30.8066739,
          46.5993916
        ]
      },
      "id": "node/4261372092"
    },
    {
      "type": "Feature",
      "properties": {
        "@id": "node/4261457992",
        "addr:street": "бульвар Золотой берег",
        "email": "brizdelux@tandem.ru",
        "internet_access": "wlan",
        "name": "Пансіонат \"Бриз\"",
        "name:uk": "Пансіонат \"Бриз\"",
        "opening_hours": "24/7",
        "phone": "+380 94 946 8407",
        "tourism": "hotel",
        "website": "https://brizzatoka.com.ua/"
      },
      "geometry": {
        "type": "Point",
        "coordinates": [
          30.5372416,
          46.1444684
        ]
      },
      "id": "node/4261457992"
    },
    {
      "type": "Feature",
      "properties": {
        "@id": "node/4262999292",
        "addr:housenumber": "21",
        "addr:street": "Центральна вулиця",
        "email": "kapri-hotel@mail.ru",
        "internet_access": "wlan",
        "name": "Капри",
        "name:uk": "Капри",
        "opening_hours": "24/7",
        "phone": "+380 93 706 6324",
        "tourism": "hotel",
        "website": "http://kapri-hotel.com.ua"
      },
      "geometry": {
        "type": "Point",
        "coordinates": [
          30.6843987,
          46.3460503
        ]
      },
      "id": "node/4262999292"
    },
    {
      "type": "Feature",
      "properties": {
        "@id": "node/4268255215",
        "addr:housenumber": "31",
        "addr:street": "Дерибасівська вулиця",
        "amenity": "cafe",
        "cuisine": "georgian",
        "internet_access": "wlan",
        "name": "Kinza",
        "name:ru": "Кинза",
        "name:uk": "Kinza",
        "wheelchair": "yes"
      },
      "geometry": {
        "type": "Point",
        "coordinates": [
          30.7341811,
          46.4842546
        ]
      },
      "id": "node/4268255215"
    },
    {
      "type": "Feature",
      "properties": {
        "@id": "node/4268457604",
        "amenity": "restaurant",
        "cuisine": "italian;pizza",
        "internet_access": "wlan",
        "name": "Белла Італія",
        "name:en": "Bella Italia",
        "name:ru": "Белла Италия",
        "name:uk": "Белла Італія",
        "opening_hours": "Mo-Su 10:00-00:00",
        "phone": "+380 63 190 0122",
        "website": "https://pizza-kvartal.com/"
      },
      "geometry": {
        "type": "Point",
        "coordinates": [
          30.731088,
          46.4749335
        ]
      },
      "id": "node/4268457604"
    },
    {
      "type": "Feature",
      "properties": {
        "@id": "node/4269812591",
        "amenity": "cafe",
        "cuisine": "international",
        "internet_access": "wlan",
        "name": "Гості",
        "name:en": "Gosti",
        "name:ru": "Гости",
        "name:uk": "Гості",
        "outdoor_seating": "yes"
      },
      "geometry": {
        "type": "Point",
        "coordinates": [
          30.7476005,
          46.4416476
        ]
      },
      "id": "node/4269812591"
    },
    {
      "type": "Feature",
      "properties": {
        "@id": "node/4269852391",
        "amenity": "restaurant",
        "cuisine": "italian_pizza",
        "internet_access": "wlan",
        "name": "Італійський квартал",
        "name:en": "Italyanskyi Kvartal",
        "name:uk": "Італійський квартал",
        "opening_hours": "Mo-Sa 10:00-24:00; Su 11:00-24:00",
        "phone": "+380 63 190 0054",
        "website": "https://pizza-kvartal.com/"
      },
      "geometry": {
        "type": "Point",
        "coordinates": [
          30.7498118,
          46.4426355
        ]
      },
      "id": "node/4269852391"
    },
    {
      "type": "Feature",
      "properties": {
        "@id": "node/4272761189",
        "amenity": "cafe",
        "name": "Веселка",
        "name:en": "Veselka",
        "name:uk": "Веселка"
      },
      "geometry": {
        "type": "Point",
        "coordinates": [
          31.1691866,
          46.6275962
        ]
      },
      "id": "node/4272761189"
    },
    {
      "type": "Feature",
      "properties": {
        "@id": "node/4279622891",
        "addr:housenumber": "5",
        "addr:street": "Ланжеронівська вулиця",
        "amenity": "cafe",
        "cuisine": "breakfast;tea",
        "diet:vegan": "yes",
        "diet:vegetarian": "yes",
        "name": "Omega Three",
        "name:uk": "Omega Three",
        "opening_hours": "10:00-23:00",
        "phone": "+380 94 945 4981"
      },
      "geometry": {
        "type": "Point",
        "coordinates": [
          30.7434126,
          46.4846217
        ]
      },
      "id": "node/4279622891"
    },
    {
      "type": "Feature",
      "properties": {
        "@id": "node/4279628192",
        "addr:housenumber": "14",
        "addr:street": "Європейська вулиця",
        "amenity": "restaurant",
        "cuisine": "tea;breakfast;european;french;brunch;coffee",
        "diet:healthy": "yes",
        "diet:local": "yes",
        "diet:meat": "yes",
        "diet:vegetarian": "yes",
        "internet_access": "wlan",
        "name": "MY.BUTTER",
        "name:en": "MY.BUTTER",
        "name:uk": "Май.Баттер",
        "opening_hours": "Mo: 12:00-22:00; Tu-Th:09:00-22:00; Sa-Sun 09:00-23:00",
        "outdoor_seating": "yes",
        "phone": "+380505510817"
      },
      "geometry": {
        "type": "Point",
        "coordinates": [
          30.7387096,
          46.4849605
        ]
      },
      "id": "node/4279628192"
    },
    {
      "type": "Feature",
      "properties": {
        "@id": "node/4279643889",
        "amenity": "restaurant",
        "cuisine": "fish;regional",
        "internet_access": "wlan",
        "name": "Бабель Фиш",
        "name:en": "Babel Fish",
        "name:uk": "Бабель Фиш",
        "website": "http://babelfish.com.ua"
      },
      "geometry": {
        "type": "Point",
        "coordinates": [
          30.7446539,
          46.4820473
        ]
      },
      "id": "node/4279643889"
    },
    {
      "type": "Feature",
      "properties": {
        "@id": "node/4279644090",
        "amenity": "cafe",
        "name": "Booze & Bakery",
        "name:uk": "Booze & Bakery"
      },
      "geometry": {
        "type": "Point",
        "coordinates": [
          30.7402276,
          46.4874102
        ]
      },
      "id": "node/4279644090"
    },
    {
      "type": "Feature",
      "properties": {
        "@id": "node/4279644989",
        "amenity": "cafe",
        "name": "Шико",
        "name:en": "Shiko",
        "name:uk": "Шико"
      },
      "geometry": {
        "type": "Point",
        "coordinates": [
          30.7390128,
          46.4868067
        ]
      },
      "id": "node/4279644989"
    },
    {
      "type": "Feature",
      "properties": {
        "@id": "node/4286161289",
        "addr:housenumber": "7",
        "addr:street": "Грецька вулиця",
        "amenity": "restaurant",
        "contact:instagram": "https://www.instagram.com/gre4ka_cafe/",
        "cuisine": "fish;local;regional;seafood",
        "internet_access": "wlan",
        "name": "Гречка",
        "name:en": "Hrechka",
        "name:uk": "Гречка",
        "opening_hours": "Mo-Su 10:00-23:00",
        "phone": "+380 48 783 1637",
        "website": "https://gre4kacafe.business.site/"
      },
      "geometry": {
        "type": "Point",
        "coordinates": [
          30.7461977,
          46.465217
        ]
      },
      "id": "node/4286161289"
    },
    {
      "type": "Feature",
      "properties": {
        "@id": "node/4288317390",
        "amenity": "cafe",
        "name": "Правда!",
        "name:uk": "Правда!"
      },
      "geometry": {
        "type": "Point",
        "coordinates": [
          30.3448375,
          46.1941283
        ]
      },
      "id": "node/4288317390"
    },
    {
      "type": "Feature",
      "properties": {
        "@id": "node/4288347292",
        "amenity": "cafe"
      },
      "geometry": {
        "type": "Point",
        "coordinates": [
          30.3544963,
          46.1942688
        ]
      },
      "id": "node/4288347292"
    },
    {
      "type": "Feature",
      "properties": {
        "@id": "node/4288374504",
        "amenity": "cafe",
        "name": "Офіусса",
        "name:ru": "Офиусса",
        "name:uk": "Офіусса"
      },
      "geometry": {
        "type": "Point",
        "coordinates": [
          30.3418814,
          46.1938938
        ]
      },
      "id": "node/4288374504"
    },
    {
      "type": "Feature",
      "properties": {
        "@id": "node/4288422507",
        "amenity": "restaurant",
        "cuisine": "arabic;pizza",
        "name": "Арабика",
        "name:ru": "Арабика",
        "name:uk": "Арабика",
        "opening_hours": "09:00-22:00"
      },
      "geometry": {
        "type": "Point",
        "coordinates": [
          30.3403742,
          46.1944678
        ]
      },
      "id": "node/4288422507"
    },
    {
      "type": "Feature",
      "properties": {
        "@id": "node/4290845063",
        "amenity": "restaurant",
        "internet_access": "wlan",
        "name": "Нептун",
        "name:en": "Neptun",
        "name:ru": "Нептун",
        "name:uk": "Нептун"
      },
      "geometry": {
        "type": "Point",
        "coordinates": [
          28.8333174,
          45.3273599
        ]
      },
      "id": "node/4290845063"
    },
    {
      "type": "Feature",
      "properties": {
        "@id": "node/4291729790",
        "addr:street": "набережна Луки Капікраяна",
        "amenity": "restaurant",
        "internet_access": "wlan",
        "name": "Пікнік",
        "name:uk": "Пікнік"
      },
      "geometry": {
        "type": "Point",
        "coordinates": [
          28.8342388,
          45.3267232
        ]
      },
      "id": "node/4291729790"
    },
    {
      "type": "Feature",
      "properties": {
        "@id": "node/4297587690",
        "amenity": "cafe",
        "name": "Пушка",
        "name:uk": "Пушка"
      },
      "geometry": {
        "type": "Point",
        "coordinates": [
          30.3552031,
          46.1940837
        ]
      },
      "id": "node/4297587690"
    },
    {
      "type": "Feature",
      "properties": {
        "@id": "node/4302418320",
        "amenity": "cafe"
      },
      "geometry": {
        "type": "Point",
        "coordinates": [
          30.3101353,
          47.614961
        ]
      },
      "id": "node/4302418320"
    },
    {
      "type": "Feature",
      "properties": {
        "@id": "node/4302418321",
        "amenity": "cafe",
        "name": "Домашня Кухня",
        "name:uk": "Домашня Кухня"
      },
      "geometry": {
        "type": "Point",
        "coordinates": [
          30.3077533,
          47.6487172
        ]
      },
      "id": "node/4302418321"
    },
    {
      "type": "Feature",
      "properties": {
        "@id": "node/4303220691",
        "internet_access": "wlan",
        "name": "Гідробудівник",
        "name:ru": "Гидростроитель",
        "name:uk": "Гідробудівник",
        "tourism": "hotel"
      },
      "geometry": {
        "type": "Point",
        "coordinates": [
          30.5725812,
          46.1818022
        ]
      },
      "id": "node/4303220691"
    },
    {
      "type": "Feature",
      "properties": {
        "@id": "node/4303692793",
        "addr:street": "Приморська вулиця",
        "internet_access": "wlan",
        "name": "База відпочинку \"Нива\"",
        "name:ru": "Нива",
        "name:uk": "База відпочинку \"Нива\"",
        "opening_hours": "24/7",
        "tourism": "hotel"
      },
      "geometry": {
        "type": "Point",
        "coordinates": [
          30.4216177,
          46.0397283
        ]
      },
      "id": "node/4303692793"
    },
    {
      "type": "Feature",
      "properties": {
        "@id": "node/4304791722",
        "amenity": "cafe",
        "name": "Ной",
        "name:en": "Noi",
        "name:uk": "Ной"
      },
      "geometry": {
        "type": "Point",
        "coordinates": [
          30.5832402,
          46.1981657
        ]
      },
      "id": "node/4304791722"
    },
    {
      "type": "Feature",
      "properties": {
        "@id": "node/4305131989",
        "amenity": "restaurant",
        "name": "Приморський",
        "name:ru": "Приморский",
        "name:uk": "Приморський"
      },
      "geometry": {
        "type": "Point",
        "coordinates": [
          31.1063389,
          46.6176337
        ]
      },
      "id": "node/4305131989"
    },
    {
      "type": "Feature",
      "properties": {
        "@id": "node/4305620290",
        "addr:housenumber": "97",
        "addr:street": "Приморська вулиця",
        "amenity": "cafe",
        "cuisine": "pasta;breakfast;grill;diner;seafood;kebab;italian_pizza",
        "internet_access": "wlan",
        "name": "Сонечко",
        "name:en": "Solnyshko",
        "name:ru": "Солнышко",
        "name:uk": "Сонечко",
        "opening_hours": "Mo-Su 08:00-23:00"
      },
      "geometry": {
        "type": "Point",
        "coordinates": [
          30.4463439,
          46.0591905
        ]
      },
      "id": "node/4305620290"
    },
    {
      "type": "Feature",
      "properties": {
        "@id": "node/4305632911",
        "addr:city": "Одеса",
        "addr:housenumber": "18",
        "addr:street": "Сегедська вулиця",
        "amenity": "restaurant",
        "name": "Sova",
        "name:uk": "Sova",
        "phone": "+380 66 507 4085",
        "website": "http://www.sova.rest"
      },
      "geometry": {
        "type": "Point",
        "coordinates": [
          30.742239,
          46.445757
        ]
      },
      "id": "node/4305632911"
    },
    {
      "type": "Feature",
      "properties": {
        "@id": "node/4305664096",
        "addr:housenumber": "96",
        "addr:street": "Приморська вулиця",
        "internet_access": "wlan",
        "name": "Hotel Geneva ",
        "name:uk": "Hotel Geneva ",
        "tourism": "hotel"
      },
      "geometry": {
        "type": "Point",
        "coordinates": [
          30.4465394,
          46.0593316
        ]
      },
      "id": "node/4305664096"
    },
    {
      "type": "Feature",
      "properties": {
        "@id": "node/4305754205",
        "amenity": "cafe",
        "name": "Espresso",
        "name:uk": "Espresso"
      },
      "geometry": {
        "type": "Point",
        "coordinates": [
          30.7430879,
          46.4456788
        ]
      },
      "id": "node/4305754205"
    },
    {
      "type": "Feature",
      "properties": {
        "@id": "node/4306085269",
        "amenity": "cafe"
      },
      "geometry": {
        "type": "Point",
        "coordinates": [
          30.6888297,
          46.3331081
        ]
      },
      "id": "node/4306085269"
    },
    {
      "type": "Feature",
      "properties": {
        "@id": "node/4306494166",
        "addr:city": "Odessa",
        "addr:housenumber": "15",
        "addr:street": "вулиця Ніни Строкатої",
        "amenity": "restaurant",
        "name": "Bernardazzi",
        "name:ru": "Бернардацци",
        "name:uk": "Bernardazzi",
        "opening_hours": "Su-Th 12:00-23:00; Fr-Sa 12:00-24:00"
      },
      "geometry": {
        "type": "Point",
        "coordinates": [
          30.7433372,
          46.4804503
        ]
      },
      "id": "node/4306494166"
    },
    {
      "type": "Feature",
      "properties": {
        "@id": "node/4307065370",
        "amenity": "restaurant",
        "internet_access": "wlan",
        "name": "Varadero",
        "name:ru": "Варадеро",
        "name:uk": "Varadero",
        "opening_hours": "Mo-Su 08:00-00:00",
        "phone": "+380 482 37 3406"
      },
      "geometry": {
        "type": "Point",
        "coordinates": [
          30.7546322,
          46.4729544
        ]
      },
      "id": "node/4307065370"
    },
    {
      "type": "Feature",
      "properties": {
        "@id": "node/4310341492",
        "amenity": "cafe",
        "name": "Капри",
        "name:uk": "Капри"
      },
      "geometry": {
        "type": "Point",
        "coordinates": [
          31.1055716,
          46.6233171
        ]
      },
      "id": "node/4310341492"
    },
    {
      "type": "Feature",
      "properties": {
        "@id": "node/4314110590",
        "amenity": "cafe",
        "cuisine": "grill;seafood",
        "internet_access": "no",
        "name": "Тераса",
        "name:en": "Terrace",
        "name:ru": "Терасса",
        "name:uk": "Тераса",
        "outdoor_seating": "yes"
      },
      "geometry": {
        "type": "Point",
        "coordinates": [
          30.30176,
          45.93684
        ]
      },
      "id": "node/4314110590"
    },
    {
      "type": "Feature",
      "properties": {
        "@id": "node/4314332989",
        "addr:housenumber": "8",
        "addr:street": "Дерибасівська вулиця",
        "amenity": "cafe",
        "name": "Алхімія",
        "name:en": "Alchemy",
        "name:ru": "Алхимия",
        "name:uk": "Алхімія"
      },
      "geometry": {
        "type": "Point",
        "coordinates": [
          30.742347,
          46.4839915
        ]
      },
      "id": "node/4314332989"
    },
    {
      "type": "Feature",
      "properties": {
        "@id": "node/4314399093",
        "addr:housenumber": "19",
        "addr:street": "Грецька вулиця",
        "amenity": "cafe",
        "name": "Молодость",
        "name:ru": "Молодость",
        "name:uk": "Молодість"
      },
      "geometry": {
        "type": "Point",
        "coordinates": [
          30.7412047,
          46.4823138
        ]
      },
      "id": "node/4314399093"
    },
    {
      "type": "Feature",
      "properties": {
        "@id": "node/4315638313",
        "internet_access": "wlan",
        "name": "Канатна хостел",
        "name:ru": "Канатная хостел",
        "name:uk": "Канатна хостел",
        "tourism": "hotel"
      },
      "geometry": {
        "type": "Point",
        "coordinates": [
          30.7471125,
          46.4689857
        ]
      },
      "id": "node/4315638313"
    },
    {
      "type": "Feature",
      "properties": {
        "@id": "node/4316095390",
        "addr:housenumber": "15",
        "addr:street": "Маячний провулок",
        "amenity": "restaurant",
        "cuisine": "french;georgian;greek;italian;spanish",
        "internet_access": "wlan",
        "name": "YUG",
        "name:en": "YUG",
        "name:ru": "YUG",
        "name:uk": "Юг",
        "opening_hours": "Mo-Su 10:00-00:00",
        "phone": "+380 68 504 5000",
        "website": "https://yug.in.ua/"
      },
      "geometry": {
        "type": "Point",
        "coordinates": [
          30.7499268,
          46.3815022
        ]
      },
      "id": "node/4316095390"
    },
    {
      "type": "Feature",
      "properties": {
        "@id": "node/4317297514",
        "historic": "monument",
        "name": "пам'ятник \"Військовим морякам\"",
        "name:ru": "памятник \"Военным морякам\"",
        "name:uk": "пам'ятник \"Військовим морякам\""
      },
      "geometry": {
        "type": "Point",
        "coordinates": [
          28.2763658,
          45.4530403
        ]
      },
      "id": "node/4317297514"
    },
    {
      "type": "Feature",
      "properties": {
        "@id": "node/4317298701",
        "historic": "monument",
        "name": "Пам’ятник Воїнам-інтернаціоналістам",
        "name:ru": "Памятник Воинам-интернационалистам",
        "name:uk": "Пам’ятник Воїнам-інтернаціоналістам"
      },
      "geometry": {
        "type": "Point",
        "coordinates": [
          28.2840757,
          45.4521747
        ]
      },
      "id": "node/4317298701"
    },
    {
      "type": "Feature",
      "properties": {
        "@id": "node/4317312299",
        "name": "Краєзнавчий музей",
        "name:ru": "Краеведческий музей",
        "name:uk": "Краєзнавчий музей",
        "tourism": "museum"
      },
      "geometry": {
        "type": "Point",
        "coordinates": [
          28.2838319,
          45.451707
        ]
      },
      "id": "node/4317312299"
    },
    {
      "type": "Feature",
      "properties": {
        "@id": "node/4317338191",
        "name": "Південний",
        "name:ru": "Южная",
        "name:uk": "Південний",
        "phone": "+380 97 301 7138",
        "tourism": "hotel"
      },
      "geometry": {
        "type": "Point",
        "coordinates": [
          28.2784778,
          45.4547476
        ]
      },
      "id": "node/4317338191"
    },
    {
      "type": "Feature",
      "properties": {
        "@id": "node/4317338590",
        "name": "\"Рів'єра\"",
        "name:uk": "\"Рів'єра\"",
        "tourism": "hotel"
      },
      "geometry": {
        "type": "Point",
        "coordinates": [
          28.2899662,
          45.4470516
        ]
      },
      "id": "node/4317338590"
    },
    {
      "type": "Feature",
      "properties": {
        "@id": "node/4317732838",
        "addr:housenumber": "50",
        "addr:street": "Грецька вулиця",
        "amenity": "cafe",
        "cuisine": "breakfast;coffee_shop",
        "internet_access": "wlan",
        "name": "Шико",
        "name:en": "Shiko",
        "name:ru": "Шико",
        "name:uk": "Шико",
        "opening_hours": "09:00-00:00",
        "phone": "+380 48 777 4747"
      },
      "geometry": {
        "type": "Point",
        "coordinates": [
          30.7333831,
          46.4831832
        ]
      },
      "id": "node/4317732838"
    },
    {
      "type": "Feature",
      "properties": {
        "@id": "node/4319632689",
        "name": "База відпочинку \"Океан\"",
        "name:uk": "База відпочинку \"Океан\"",
        "tourism": "hotel"
      },
      "geometry": {
        "type": "Point",
        "coordinates": [
          31.1678241,
          46.6277161
        ]
      },
      "id": "node/4319632689"
    },
    {
      "type": "Feature",
      "properties": {
        "@id": "node/4320498589",
        "amenity": "cafe",
        "name": "Mega Coffee",
        "name:ru": "Мега кафе",
        "name:uk": "Мега кафе"
      },
      "geometry": {
        "type": "Point",
        "coordinates": [
          30.7339152,
          46.4827937
        ]
      },
      "id": "node/4320498589"
    },
    {
      "type": "Feature",
      "properties": {
        "@id": "node/4320537570",
        "amenity": "cafe",
        "contact:email": "merryberry.whale@gmail.com",
        "contact:facebook": "https://www.facebook.com/ilovemerryberry/",
        "contact:instagram": "https://www.instagram.com/merry_berry_cafe/",
        "contact:phone": "+380 93 910 6574",
        "contact:website": "https://merry-berry.ua/ru/",
        "cuisine": "bagel;coffee_shop;sandwich",
        "internet_access": "wlan",
        "name": "Merry Berry",
        "name:uk": "Merry Berry",
        "opening_hours": "Mo-Fr 08:00-23:00;Sa-Su 09:00-23:00",
        "operator": "Меррі-Групп"
      },
      "geometry": {
        "type": "Point",
        "coordinates": [
          30.734695,
          46.4812891
        ]
      },
      "id": "node/4320537570"
    },
    {
      "type": "Feature",
      "properties": {
        "@id": "node/4320537574",
        "addr:housenumber": "42",
        "addr:street": "вулиця Ніни Строкатої",
        "amenity": "cafe",
        "cuisine": "international",
        "diet:vegetarian": "yes",
        "internet_access": "wlan",
        "level": "-1",
        "name": "Legend",
        "name:en": "Legend",
        "name:ru": "Легенда",
        "name:uk": "Legend",
        "opening_hours": "Mo-Su 11:00-23:00",
        "website": "https://restaurant-legend.com/"
      },
      "geometry": {
        "type": "Point",
        "coordinates": [
          30.7326363,
          46.4817176
        ]
      },
      "id": "node/4320537574"
    },
    {
      "type": "Feature",
      "properties": {
        "@id": "node/4323170590",
        "addr:housenumber": "27",
        "addr:street": "Приморська вулиця",
        "email": "info@barakuda-gribovka.com",
        "name": "База відпочинку «Баракуда»",
        "name:en": "Recreation center «Barakudа»",
        "name:ru": "База отдыха «Баракуда»",
        "name:uk": "База відпочинку «Баракуда»",
        "operator": "Andrei",
        "phone": "+380 94 932 2604",
        "tourism": "hotel",
        "website": "http://www.barakuda-gribovka.com/Live"
      },
      "geometry": {
        "type": "Point",
        "coordinates": [
          30.5733848,
          46.1836085
        ]
      },
      "id": "node/4323170590"
    },
    {
      "type": "Feature",
      "properties": {
        "@id": "node/4323578133",
        "name": "12th floor Apartaments",
        "name:uk": "12th floor Apartaments",
        "operator": "12th floor Apartaments",
        "tourism": "hotel"
      },
      "geometry": {
        "type": "Point",
        "coordinates": [
          30.7643392,
          46.4327781
        ]
      },
      "id": "node/4323578133"
    },
    {
      "type": "Feature",
      "properties": {
        "@id": "node/4326189390",
        "amenity": "cafe",
        "name": "Горох",
        "name:uk": "Горох"
      },
      "geometry": {
        "type": "Point",
        "coordinates": [
          30.7129343,
          46.382959
        ]
      },
      "id": "node/4326189390"
    },
    {
      "type": "Feature",
      "properties": {
        "@id": "node/4326476089",
        "name": "Смуглянка",
        "name:uk": "Смуглянка",
        "opening_hours": "24/7",
        "tourism": "hotel"
      },
      "geometry": {
        "type": "Point",
        "coordinates": [
          30.5077308,
          46.119275
        ]
      },
      "id": "node/4326476089"
    },
    {
      "type": "Feature",
      "properties": {
        "@id": "node/4326476189",
        "amenity": "cafe",
        "name": "Смуглянка",
        "name:uk": "Смуглянка"
      },
      "geometry": {
        "type": "Point",
        "coordinates": [
          30.507897,
          46.1199415
        ]
      },
      "id": "node/4326476189"
    },
    {
      "type": "Feature",
      "properties": {
        "@id": "node/4327022190",
        "addr:housenumber": "104",
        "addr:street": "проспект Князя Володимира Великого",
        "amenity": "cafe",
        "cuisine": "international;sushi",
        "internet_access": "wlan",
        "name": "Робін Бобін",
        "name:en": "Robin-Bobin",
        "name:ru": "Робин-Бобин",
        "name:uk": "Робін Бобін",
        "opening_hours": "Mo-Su 10:00-23:00",
        "website": "http://facebook.com/RobinBobin.cafe"
      },
      "geometry": {
        "type": "Point",
        "coordinates": [
          30.7885813,
          46.5841506
        ]
      },
      "id": "node/4327022190"
    },
    {
      "type": "Feature",
      "properties": {
        "@id": "node/4327056292",
        "addr:housenumber": "129",
        "addr:street": "проспект Князя Володимира Великого",
        "amenity": "restaurant",
        "cuisine": "italian_pizza",
        "internet_access": "wlan",
        "name": "Італійський квартал",
        "name:en": "Italiiskyi Kvartal",
        "name:ru": "Итальянский Квартал",
        "name:uk": "Італійський квартал",
        "opening_hours": "Mo-Su 11:00-00:00",
        "website": "https://pizza-kvartal.com/"
      },
      "geometry": {
        "type": "Point",
        "coordinates": [
          30.7901864,
          46.5866496
        ]
      },
      "id": "node/4327056292"
    },
    {
      "type": "Feature",
      "properties": {
        "@id": "node/4327495364",
        "internet_access": "wlan",
        "internet_access:fee": "no",
        "name": "Альянс",
        "name:uk": "Альянс",
        "phone": "+380 48 751 4181;+380 48 751 4182",
        "tourism": "hotel",
        "website": "http://alliance.od.ua/"
      },
      "geometry": {
        "type": "Point",
        "coordinates": [
          30.770908,
          46.5576117
        ]
      },
      "id": "node/4327495364"
    },
    {
      "type": "Feature",
      "properties": {
        "@id": "node/4329093794",
        "amenity": "cafe",
        "name": "Олімп",
        "name:ru": "Олимп",
        "name:uk": "Олімп",
        "opening_hours": "Mo-Su 08:00-23:00"
      },
      "geometry": {
        "type": "Point",
        "coordinates": [
          30.742007,
          46.474911
        ]
      },
      "id": "node/4329093794"
    },
    {
      "type": "Feature",
      "properties": {
        "@id": "node/4329628893",
        "addr:housenumber": "17",
        "addr:street": "Садова вулиця",
        "amenity": "restaurant",
        "cuisine": "seafood",
        "internet_access": "wlan",
        "name": "Котелок",
        "name:en": "Kotelok",
        "name:ru": "Котелок",
        "name:uk": "Котелок",
        "opening_hours": "Mo-Su 09:00-23:00"
      },
      "geometry": {
        "type": "Point",
        "coordinates": [
          30.7307636,
          46.4853256
        ]
      },
      "id": "node/4329628893"
    },
    {
      "type": "Feature",
      "properties": {
        "@id": "node/4330077589",
        "amenity": "restaurant",
        "name": "MONICA",
        "name:ru": "МОНИКА",
        "name:uk": "MONICA"
      },
      "geometry": {
        "type": "Point",
        "coordinates": [
          30.7389092,
          46.4829508
        ]
      },
      "id": "node/4330077589"
    },
    {
      "type": "Feature",
      "properties": {
        "@id": "node/4330077591",
        "amenity": "cafe",
        "name": "Пекарський двір",
        "name:ru": "Пекарский двор",
        "name:uk": "Пекарський двір"
      },
      "geometry": {
        "type": "Point",
        "coordinates": [
          30.7413903,
          46.4752468
        ]
      },
      "id": "node/4330077591"
    },
    {
      "type": "Feature",
      "properties": {
        "@id": "node/4330091191",
        "amenity": "cafe",
        "name": "A-la Pasta",
        "name:uk": "A-la Pasta",
        "opening_hours": "24/7"
      },
      "geometry": {
        "type": "Point",
        "coordinates": [
          30.8000441,
          46.5824317
        ]
      },
      "id": "node/4330091191"
    },
    {
      "type": "Feature",
      "properties": {
        "@id": "node/4330130602",
        "amenity": "restaurant",
        "cuisine": "japanese",
        "name": "Кобе",
        "name:en": "Kobe",
        "name:uk": "Кобе",
        "wheelchair": "yes"
      },
      "geometry": {
        "type": "Point",
        "coordinates": [
          30.7418559,
          46.4847658
        ]
      },
      "id": "node/4330130602"
    },
    {
      "type": "Feature",
      "properties": {
        "@id": "node/4332885910",
        "amenity": "cafe",
        "internet_access": "yes",
        "name": "Buffalo-99",
        "name:uk": "Buffalo-99",
        "website": "www.buffalo99.com.ua"
      },
      "geometry": {
        "type": "Point",
        "coordinates": [
          30.7410161,
          46.4829055
        ]
      },
      "id": "node/4332885910"
    },
    {
      "type": "Feature",
      "properties": {
        "@id": "node/4332885911",
        "addr:housenumber": "5",
        "addr:street": "Рішельєвська вулиця",
        "amenity": "restaurant",
        "cuisine": "pizza",
        "name": "Zara Pizzara",
        "name:uk": "Zara Pizzara",
        "opening_hours": "08:30-24:00",
        "website": "http://zarapizzara.com.ua/"
      },
      "geometry": {
        "type": "Point",
        "coordinates": [
          30.7411363,
          46.4836296
        ]
      },
      "id": "node/4332885911"
    },
    {
      "type": "Feature",
      "properties": {
        "@id": "node/4332900382",
        "addr:housenumber": "10",
        "addr:street": "Дерибасовская улица",
        "amenity": "restaurant",
        "name": "Цезарь",
        "name:en": "Caesar",
        "name:ru": "Цезарь",
        "name:uk": "Цезар",
        "opening_hours": "10:00-23:00"
      },
      "geometry": {
        "type": "Point",
        "coordinates": [
          30.7419193,
          46.4840058
        ]
      },
      "id": "node/4332900382"
    },
    {
      "type": "Feature",
      "properties": {
        "@id": "node/4332900383",
        "amenity": "cafe",
        "name": "Дерибас",
        "name:en": "Deribas",
        "name:uk": "Дерибас",
        "opening_hours": "10:00-17:00"
      },
      "geometry": {
        "type": "Point",
        "coordinates": [
          30.743774,
          46.4839043
        ]
      },
      "id": "node/4332900383"
    },
    {
      "type": "Feature",
      "properties": {
        "@id": "node/4332900384",
        "amenity": "restaurant",
        "name": "Casa Nova",
        "name:uk": "Casa Nova",
        "opening_hours": "12:00-24:00"
      },
      "geometry": {
        "type": "Point",
        "coordinates": [
          30.7440261,
          46.483885
        ]
      },
      "id": "node/4332900384"
    },
    {
      "type": "Feature",
      "properties": {
        "@id": "node/4335005089",
        "amenity": "restaurant",
        "description": "Вегетаріанська і сироїдська кухня. Не використовується цукор, борошно, білки тваринного походження і шкідливі добавки. Заклад розрахований на 60 місць.",
        "diet:vegetarian": "yes",
        "internet_access": "wlan",
        "name": "True",
        "name:uk": "True",
        "opening_hours": "Mo-Su 09:00-22:00",
        "phone": "+380 48 799 7797",
        "website": "http://true.org.ua"
      },
      "geometry": {
        "type": "Point",
        "coordinates": [
          30.7494583,
          46.4792566
        ]
      },
      "id": "node/4335005089"
    },
    {
      "type": "Feature",
      "properties": {
        "@id": "node/4343211634",
        "amenity": "cafe",
        "name": "Жарю-парю",
        "name:en": "Hariu-Pariu",
        "name:uk": "Жарю-парю",
        "takeaway": "yes"
      },
      "geometry": {
        "type": "Point",
        "coordinates": [
          30.733069,
          46.4702148
        ]
      },
      "id": "node/4343211634"
    },
    {
      "type": "Feature",
      "properties": {
        "@id": "node/4344481890",
        "amenity": "cafe",
        "cuisine": "american;friture;grill",
        "internet_access": "wlan",
        "name": "Горячі перці",
        "name:uk": "Горячі перці",
        "opening_hours": "Mo-Sa 11:00-22:00+"
      },
      "geometry": {
        "type": "Point",
        "coordinates": [
          30.6520212,
          46.3035699
        ]
      },
      "id": "node/4344481890"
    },
    {
      "type": "Feature",
      "properties": {
        "@id": "node/4345338792",
        "amenity": "cafe",
        "name": "Ласточка",
        "name:uk": "Ласточка"
      },
      "geometry": {
        "type": "Point",
        "coordinates": [
          30.3332064,
          46.189179
        ]
      },
      "id": "node/4345338792"
    },
    {
      "type": "Feature",
      "properties": {
        "@id": "node/4345353295",
        "amenity": "restaurant",
        "name": "Odessa",
        "name:uk": "Odessa"
      },
      "geometry": {
        "type": "Point",
        "coordinates": [
          30.3388166,
          46.1921238
        ]
      },
      "id": "node/4345353295"
    },
    {
      "type": "Feature",
      "properties": {
        "@id": "node/4349474196",
        "name": "Краєзнавчий музей",
        "name:uk": "Краєзнавчий музей",
        "tourism": "museum"
      },
      "geometry": {
        "type": "Point",
        "coordinates": [
          29.6170761,
          46.0030594
        ]
      },
      "id": "node/4349474196"
    },
    {
      "type": "Feature",
      "properties": {
        "@id": "node/4350833549",
        "man_made": "mineshaft",
        "name": "Таємниці підземної Одеси",
        "name:it": "I segreti di Odessa sotterranea",
        "name:ru": "Тайны подземной Одессы",
        "name:uk": "Таємниці підземної Одеси",
        "tourism": "museum"
      },
      "geometry": {
        "type": "Point",
        "coordinates": [
          30.7129053,
          46.4740574
        ]
      },
      "id": "node/4350833549"
    },
    {
      "type": "Feature",
      "properties": {
        "@id": "node/4351003113",
        "amenity": "cafe",
        "name": "Еллада",
        "name:en": "Ellada",
        "name:ru": "Эллада",
        "name:uk": "Еллада"
      },
      "geometry": {
        "type": "Point",
        "coordinates": [
          30.4446605,
          46.0579771
        ]
      },
      "id": "node/4351003113"
    },
    {
      "type": "Feature",
      "properties": {
        "@id": "node/4351781262",
        "amenity": "cafe",
        "name": "Сніжок",
        "name:en": "Snizhok",
        "name:uk": "Сніжок"
      },
      "geometry": {
        "type": "Point",
        "coordinates": [
          30.740011,
          46.4661794
        ]
      },
      "id": "node/4351781262"
    },
    {
      "type": "Feature",
      "properties": {
        "@id": "node/4352504889",
        "addr:street": "Приморська вулиця",
        "internet_access": "wlan",
        "name": "Світоч",
        "name:uk": "Світоч",
        "tourism": "hotel"
      },
      "geometry": {
        "type": "Point",
        "coordinates": [
          30.4482135,
          46.0595504
        ]
      },
      "id": "node/4352504889"
    },
    {
      "type": "Feature",
      "properties": {
        "@id": "node/4352849537",
        "internet_access": "wlan",
        "name": "Турбаза Катран",
        "name:uk": "Турбаза Катран",
        "tourism": "hotel"
      },
      "geometry": {
        "type": "Point",
        "coordinates": [
          29.6392208,
          45.5256768
        ]
      },
      "id": "node/4352849537"
    },
    {
      "type": "Feature",
      "properties": {
        "@id": "node/4354993590",
        "amenity": "cafe",
        "name": "Комплексні обіди",
        "name:ru": "Комплексные обеды",
        "name:uk": "Комплексні обіди"
      },
      "geometry": {
        "type": "Point",
        "coordinates": [
          30.7457561,
          46.4667285
        ]
      },
      "id": "node/4354993590"
    },
    {
      "type": "Feature",
      "properties": {
        "@id": "node/4355966394",
        "addr:housenumber": "5",
        "addr:street": "вулиця Золотий Берег",
        "email": "orel.3030@gmail.com",
        "internet_access": "wlan",
        "name": "Горний орел",
        "name:en": "Gorny Orel",
        "name:ru": "Горный Орёл",
        "name:uk": "Горний орел",
        "opening_hours": "24/7",
        "phone": "+380 97 715 3000",
        "tourism": "hotel",
        "website": "http://www.gorny-orel.com",
        "wheelchair": "limited"
      },
      "geometry": {
        "type": "Point",
        "coordinates": [
          30.5192719,
          46.1336136
        ]
      },
      "id": "node/4355966394"
    },
    {
      "type": "Feature",
      "properties": {
        "@id": "node/4356444295",
        "name": "Ковчeг",
        "name:uk": "Ковчeг",
        "tourism": "hotel"
      },
      "geometry": {
        "type": "Point",
        "coordinates": [
          30.5340973,
          46.1420607
        ]
      },
      "id": "node/4356444295"
    },
    {
      "type": "Feature",
      "properties": {
        "@id": "node/4359076689",
        "amenity": "cafe"
      },
      "geometry": {
        "type": "Point",
        "coordinates": [
          30.5813186,
          46.1977474
        ]
      },
      "id": "node/4359076689"
    },
    {
      "type": "Feature",
      "properties": {
        "@id": "node/4359307491",
        "internet_access": "wlan",
        "name": "База відпочинку Загар",
        "name:ru": "База отдыха «Загар»",
        "name:uk": "База відпочинку Загар",
        "tourism": "hotel",
        "website": "https://zagar-zatoka.od.ua/"
      },
      "geometry": {
        "type": "Point",
        "coordinates": [
          30.5167756,
          46.1294106
        ]
      },
      "id": "node/4359307491"
    },
    {
      "type": "Feature",
      "properties": {
        "@id": "node/4360186896",
        "amenity": "cafe",
        "cuisine": "tea;cake;coffee_shop",
        "internet_access": "wlan",
        "name": "Профітролі",
        "name:en": "Profitroli",
        "name:ru": "Профитроли",
        "name:uk": "Профітролі",
        "opening_hours": "Mo-Su 09:00-23:00",
        "website": "https://profitroli.od.ua/"
      },
      "geometry": {
        "type": "Point",
        "coordinates": [
          30.7534025,
          46.4528692
        ]
      },
      "id": "node/4360186896"
    },
    {
      "type": "Feature",
      "properties": {
        "@id": "node/4360338293",
        "addr:housenumber": "7",
        "addr:street": "Гаванна вулиця",
        "amenity": "restaurant",
        "cuisine": "savory_pancakes;regional;pancake",
        "diet:vegetarian": "yes",
        "internet_access": "wlan",
        "name": "Куманець",
        "name:ru": "Куманец",
        "name:uk": "Куманець"
      },
      "geometry": {
        "type": "Point",
        "coordinates": [
          30.7362024,
          46.4854136
        ]
      },
      "id": "node/4360338293"
    },
    {
      "type": "Feature",
      "properties": {
        "@id": "node/4360588534",
        "amenity": "cafe",
        "shop": "convenience"
      },
      "geometry": {
        "type": "Point",
        "coordinates": [
          29.6090609,
          45.5194873
        ]
      },
      "id": "node/4360588534"
    },
    {
      "type": "Feature",
      "properties": {
        "@id": "node/4360588966",
        "amenity": "cafe",
        "name": "Юрій",
        "name:ru": "Юрий",
        "name:uk": "Юрій",
        "shop": "convenience"
      },
      "geometry": {
        "type": "Point",
        "coordinates": [
          29.9195513,
          45.8714786
        ]
      },
      "id": "node/4360588966"
    },
    {
      "type": "Feature",
      "properties": {
        "@id": "node/4360903390",
        "amenity": "restaurant",
        "cuisine": "georgian;grill;burger;noodles;deli;coffee_shop;pancake;ice_cream;seafood;international;local;pizza;russian;regional;chicken;hot_dog",
        "name": "Піранья",
        "name:en": "Piranha",
        "name:ru": "Пиранья",
        "name:uk": "Піранья"
      },
      "geometry": {
        "type": "Point",
        "coordinates": [
          29.6334773,
          45.5194624
        ]
      },
      "id": "node/4360903390"
    },
    {
      "type": "Feature",
      "properties": {
        "@id": "node/4361601506",
        "amenity": "cafe",
        "cuisine": "tea;cake;coffee_shop",
        "internet_access": "wlan",
        "name": "Ательє. Дизайн і кава",
        "name:en": "Atelier. Design & Coffee",
        "name:uk": "Ательє. Дизайн і кава",
        "opening_hours": "Su-Th 09:00-22:00; Fr-Sa 09:00-23:00",
        "website": "http://facebook.com/atelierodessa"
      },
      "geometry": {
        "type": "Point",
        "coordinates": [
          30.7329425,
          46.4882298
        ]
      },
      "id": "node/4361601506"
    },
    {
      "type": "Feature",
      "properties": {
        "@id": "node/4361675189",
        "addr:housenumber": "8",
        "addr:street": "провулок Футуристів",
        "amenity": "cafe",
        "cuisine": "tea",
        "diet:vegan": "yes",
        "internet_access": "wlan",
        "name": "Prana",
        "name:en": "Prana",
        "name:ru": "Прана",
        "name:uk": "Prana",
        "opening_hours": "Mo-Su 09:00-21:00",
        "phone": "+380 97 322 2430"
      },
      "geometry": {
        "type": "Point",
        "coordinates": [
          30.7340638,
          46.4870703
        ]
      },
      "id": "node/4361675189"
    },
    {
      "type": "Feature",
      "properties": {
        "@id": "node/4363555492",
        "addr:street": "Лазурна вулиця",
        "amenity": "restaurant",
        "cuisine": "local",
        "name": "Рів'єра",
        "name:ru": "Ривьера",
        "name:uk": "Рів'єра"
      },
      "geometry": {
        "type": "Point",
        "coordinates": [
          30.4878178,
          46.0953102
        ]
      },
      "id": "node/4363555492"
    },
    {
      "type": "Feature",
      "properties": {
        "@id": "node/4364558090",
        "addr:street": "Лазурна вулиця",
        "amenity": "cafe",
        "internet_access": "wlan",
        "name": "Торнадо",
        "name:en": "Tornado",
        "name:ru": "Торнадо",
        "name:uk": "Чайка",
        "opening_hours": "Mo-Su 08:00-22:00"
      },
      "geometry": {
        "type": "Point",
        "coordinates": [
          30.4864273,
          46.0937386
        ]
      },
      "id": "node/4364558090"
    },
    {
      "type": "Feature",
      "properties": {
        "@id": "node/4364969801",
        "name": "Кристал",
        "name:ru": "Кристалл",
        "name:uk": "Кристал",
        "tourism": "hotel"
      },
      "geometry": {
        "type": "Point",
        "coordinates": [
          30.5770756,
          46.1924947
        ]
      },
      "id": "node/4364969801"
    },
    {
      "type": "Feature",
      "properties": {
        "@id": "node/4366418192",
        "amenity": "cafe",
        "name": "Якір",
        "name:ru": "Якорь",
        "name:uk": "Якір"
      },
      "geometry": {
        "type": "Point",
        "coordinates": [
          30.3541771,
          46.2010113
        ]
      },
      "id": "node/4366418192"
    },
    {
      "type": "Feature",
      "properties": {
        "@id": "node/4366883499",
        "amenity": "cafe",
        "takeaway": "only"
      },
      "geometry": {
        "type": "Point",
        "coordinates": [
          30.2593708,
          47.8358533
        ]
      },
      "id": "node/4366883499"
    },
    {
      "type": "Feature",
      "properties": {
        "@id": "node/4368179791",
        "addr:housenumber": "42",
        "addr:street": "Преображенська вулиця",
        "amenity": "restaurant",
        "cuisine": "pasta;italian;pizza;burger",
        "delivery": "yes",
        "internet_access": "wlan",
        "name": "Nonna",
        "name:en": "Nonna",
        "name:uk": "Nonna",
        "website": "https://nonna.com.ua/"
      },
      "geometry": {
        "type": "Point",
        "coordinates": [
          30.7324962,
          46.4818137
        ]
      },
      "id": "node/4368179791"
    },
    {
      "type": "Feature",
      "properties": {
        "@id": "node/4368724290",
        "amenity": "cafe",
        "name": "beach club",
        "name:uk": "beach club"
      },
      "geometry": {
        "type": "Point",
        "coordinates": [
          30.7654717,
          46.4772723
        ]
      },
      "id": "node/4368724290"
    },
    {
      "type": "Feature",
      "properties": {
        "@id": "node/4371185590",
        "amenity": "restaurant",
        "cuisine": "pizza",
        "name": "Ресто-Престо",
        "name:en": "Resto-Presto",
        "name:ru": "Ресто-Престо",
        "name:uk": "Ресто-Престо",
        "opening_hours": "Mo-Su 10:00-22:00",
        "website": "https://resto-presto.com.ua/"
      },
      "geometry": {
        "type": "Point",
        "coordinates": [
          30.8017778,
          46.5825702
        ]
      },
      "id": "node/4371185590"
    },
    {
      "type": "Feature",
      "properties": {
        "@id": "node/4379146294",
        "addr:housenumber": "23",
        "addr:postcode": "65009",
        "addr:street": "вулиця Чорноморського Козацтва",
        "email": "info@hotelmarenero.com",
        "internet_access": "wlan",
        "name": "Marenero Hotel",
        "name:uk": "Marenero Hotel",
        "opening_hours": "24/7",
        "phone": "+380 48 729 9151;+380 63 127 1148",
        "tourism": "hotel",
        "website": "https://www.hotelmarenero.com/"
      },
      "geometry": {
        "type": "Point",
        "coordinates": [
          30.7245855,
          46.5025062
        ]
      },
      "id": "node/4379146294"
    },
    {
      "type": "Feature",
      "properties": {
        "@id": "node/4382451891",
        "amenity": "cafe",
        "cuisine": "japanese;thai;sushi",
        "internet_access": "wlan",
        "name": "Штрудель",
        "name:en": "Mango",
        "name:uk": "Штрудель",
        "wheelchair": "limited"
      },
      "geometry": {
        "type": "Point",
        "coordinates": [
          30.7535697,
          46.4658921
        ]
      },
      "id": "node/4382451891"
    },
    {
      "type": "Feature",
      "properties": {
        "@id": "node/4382669418",
        "historic": "monument",
        "name": "Дошка пошани",
        "name:ru": "Доска почета",
        "name:uk": "Дошка пошани"
      },
      "geometry": {
        "type": "Point",
        "coordinates": [
          30.7414839,
          46.4844134
        ]
      },
      "id": "node/4382669418"
    },
    {
      "type": "Feature",
      "properties": {
        "@id": "node/4382669419",
        "historic": "monument",
        "name": "Дошка пошани",
        "name:ru": "Доска почета",
        "name:uk": "Дошка пошани"
      },
      "geometry": {
        "type": "Point",
        "coordinates": [
          30.740687,
          46.4844587
        ]
      },
      "id": "node/4382669419"
    },
    {
      "type": "Feature",
      "properties": {
        "@id": "node/4382736406",
        "addr:housenumber": "36",
        "addr:street": "вулиця Академіка Сахарова",
        "amenity": "restaurant",
        "cuisine": "international",
        "name": "Смарагдовий сад",
        "name:en": "Izumrudnyi Sad",
        "name:ru": "Изумрудный сад",
        "name:uk": "Смарагдовий сад",
        "website": "https://garden.od.ua/"
      },
      "geometry": {
        "type": "Point",
        "coordinates": [
          30.8065765,
          46.5771558
        ]
      },
      "id": "node/4382736406"
    },
    {
      "type": "Feature",
      "properties": {
        "@id": "node/4385988094",
        "amenity": "restaurant",
        "cuisine": "pizza",
        "name": "Pizza City",
        "name:en": "Pizza City",
        "name:uk": "Pizza City"
      },
      "geometry": {
        "type": "Point",
        "coordinates": [
          30.7383255,
          46.4828073
        ]
      },
      "id": "node/4385988094"
    },
    {
      "type": "Feature",
      "properties": {
        "@id": "node/4385989191",
        "amenity": "cafe",
        "internet_access": "yes",
        "name": "Traveler's Coffee",
        "name:en": "Traveler's Coffee",
        "name:uk": "Traveler's Coffee"
      },
      "geometry": {
        "type": "Point",
        "coordinates": [
          30.7399947,
          46.4841281
        ]
      },
      "id": "node/4385989191"
    },
    {
      "type": "Feature",
      "properties": {
        "@id": "node/4385996800",
        "addr:housenumber": "12",
        "addr:street": "Дерибасівська вулиця",
        "amenity": "restaurant",
        "name": "Bistekka",
        "name:en": "Bistekka",
        "name:ru": "Бистекка",
        "name:uk": "Bistekka"
      },
      "geometry": {
        "type": "Point",
        "coordinates": [
          30.7403484,
          46.4840924
        ]
      },
      "id": "node/4385996800"
    },
    {
      "type": "Feature",
      "properties": {
        "@id": "node/4385996801",
        "amenity": "restaurant",
        "name": "Циплята Табака",
        "name:ru": "Цыплята Табака",
        "name:uk": "Циплята Табака"
      },
      "geometry": {
        "type": "Point",
        "coordinates": [
          30.740224,
          46.4841086
        ]
      },
      "id": "node/4385996801"
    },
    {
      "type": "Feature",
      "properties": {
        "@id": "node/4385997394",
        "amenity": "cafe",
        "cuisine": "waffle",
        "name": "Top Waffle",
        "name:en": "Top Waffle",
        "name:ru": "Топ Вафли",
        "name:uk": "Top Waffle",
        "opening_hours": "Mo-Su 10:00-23:00"
      },
      "geometry": {
        "type": "Point",
        "coordinates": [
          30.739777,
          46.4841422
        ]
      },
      "id": "node/4385997394"
    },
    {
      "type": "Feature",
      "properties": {
        "@id": "node/4392680194",
        "addr:housenumber": "2",
        "addr:street": "Соборна площа",
        "amenity": "restaurant",
        "contact:instagram": "https://www.instagram.com/buonocafe.od/",
        "name": "Buono",
        "name:uk": "Buono"
      },
      "geometry": {
        "type": "Point",
        "coordinates": [
          30.7309144,
          46.4845938
        ]
      },
      "id": "node/4392680194"
    },
    {
      "type": "Feature",
      "properties": {
        "@id": "node/4392680601",
        "amenity": "cafe",
        "name": "Fashion Cafe IT",
        "name:en": "Fashion Cafe IT",
        "name:uk": "Fashion Cafe IT"
      },
      "geometry": {
        "type": "Point",
        "coordinates": [
          30.7309916,
          46.4846841
        ]
      },
      "id": "node/4392680601"
    },
    {
      "type": "Feature",
      "properties": {
        "@id": "node/4392709600",
        "amenity": "cafe",
        "cuisine": "cake;coffee_shop",
        "internet_access": "wlan",
        "name": "Coffee Shot",
        "name:en": "Coffee Shot",
        "name:uk": "Coffee Shot",
        "opening_hours": "Mo-Sa 09:00-22:00; Su 10:00-22:00"
      },
      "geometry": {
        "type": "Point",
        "coordinates": [
          30.7297039,
          46.4859066
        ]
      },
      "id": "node/4392709600"
    },
    {
      "type": "Feature",
      "properties": {
        "@id": "node/4392742596",
        "amenity": "cafe",
        "name": "Феймус Бургер",
        "name:en": "Famous Burger",
        "name:ru": "Феймус Бургер",
        "name:uk": "Феймус Бургер"
      },
      "geometry": {
        "type": "Point",
        "coordinates": [
          30.7300814,
          46.4853415
        ]
      },
      "id": "node/4392742596"
    },
    {
      "type": "Feature",
      "properties": {
        "@id": "node/4392742694",
        "amenity": "cafe",
        "name": "Жасмiн",
        "name:en": "Jasmine",
        "name:ru": "Жасмин",
        "name:uk": "Жасмiн"
      },
      "geometry": {
        "type": "Point",
        "coordinates": [
          30.730283,
          46.4852384
        ]
      },
      "id": "node/4392742694"
    },
    {
      "type": "Feature",
      "properties": {
        "@id": "node/4392905618",
        "amenity": "cafe",
        "name": "Братья Гриль",
        "name:ru": "Братья Гриль",
        "name:uk": "Братья Гриль"
      },
      "geometry": {
        "type": "Point",
        "coordinates": [
          30.7382908,
          46.4839611
        ]
      },
      "id": "node/4392905618"
    },
    {
      "type": "Feature",
      "properties": {
        "@id": "node/4392905620",
        "addr:housenumber": "22",
        "addr:street": "Дерибасівська вулиця",
        "amenity": "cafe",
        "cuisine": "regional;breakfast;international;cake",
        "diet:vegetarian": "yes",
        "internet_access": "wlan",
        "internet_access:fee": "no",
        "level": "1",
        "name": "Уточ-Кіно",
        "name:en": "Utoch-Kino",
        "name:ru": "Уточ-Кино",
        "name:uk": "Уточ-Кіно",
        "outdoor_seating": "yes",
        "website": "https://stolovaya.com.ua/utoch-kino",
        "wheelchair": "limited"
      },
      "geometry": {
        "type": "Point",
        "coordinates": [
          30.7352937,
          46.484526
        ]
      },
      "id": "node/4392905620"
    },
    {
      "type": "Feature",
      "properties": {
        "@id": "node/4394677925",
        "addr:housenumber": "62",
        "addr:street": "Преображенська вулиця",
        "amenity": "restaurant",
        "cuisine": "italian_pizza",
        "internet_access": "wlan",
        "name": "Італійський квартал",
        "name:ru": "Итальянский Квартал",
        "name:uk": "Італійський квартал",
        "opening_hours": "10:00-00:00",
        "website": "https://pizza-kvartal.com/"
      },
      "geometry": {
        "type": "Point",
        "coordinates": [
          30.7319314,
          46.4777349
        ]
      },
      "id": "node/4394677925"
    },
    {
      "type": "Feature",
      "properties": {
        "@id": "node/4397747196",
        "amenity": "cafe"
      },
      "geometry": {
        "type": "Point",
        "coordinates": [
          30.7316274,
          46.4909643
        ]
      },
      "id": "node/4397747196"
    },
    {
      "type": "Feature",
      "properties": {
        "@id": "node/4397747200",
        "amenity": "cafe",
        "name": "У Ангелових",
        "name:en": "U Anhelovykh",
        "name:ru": "У Ангеловых",
        "name:uk": "У Ангелових"
      },
      "geometry": {
        "type": "Point",
        "coordinates": [
          30.7340403,
          46.4801714
        ]
      },
      "id": "node/4397747200"
    },
    {
      "type": "Feature",
      "properties": {
        "@id": "node/4397748095",
        "amenity": "cafe",
        "cuisine": "georgian",
        "name": "Грузинська Кухня",
        "name:ru": "Грузинская Кухня",
        "name:uk": "Грузинська Кухня"
      },
      "geometry": {
        "type": "Point",
        "coordinates": [
          30.7343926,
          46.4774305
        ]
      },
      "id": "node/4397748095"
    },
    {
      "type": "Feature",
      "properties": {
        "@id": "node/4397748096",
        "amenity": "cafe",
        "name": "Just Buy Coffee",
        "name:en": "Just Buy Coffee",
        "name:uk": "Just Buy Coffee"
      },
      "geometry": {
        "type": "Point",
        "coordinates": [
          30.7375656,
          46.4795712
        ]
      },
      "id": "node/4397748096"
    },
    {
      "type": "Feature",
      "properties": {
        "@id": "node/4397888792",
        "amenity": "cafe",
        "cuisine": "international",
        "internet_access": "wlan",
        "name": "Халва",
        "name:en": "Khalva",
        "name:uk": "Халва",
        "opening_hours": "Mo-Fr 10:00-00:00; Sa-Su 11:00-00:00"
      },
      "geometry": {
        "type": "Point",
        "coordinates": [
          30.729767,
          46.4865105
        ]
      },
      "id": "node/4397888792"
    },
    {
      "type": "Feature",
      "properties": {
        "@id": "node/4397888796",
        "addr:postcode": "65045",
        "amenity": "cafe",
        "brand": "Aroma Kava",
        "brand:wikidata": "Q102175745",
        "cuisine": "coffee_shop",
        "internet_access": "wlan",
        "name": "Aroma Kava",
        "name:en": "Aroma Kava",
        "name:uk": "Арома Кава",
        "opening_hours": "24/7",
        "takeaway": "yes",
        "website": "https://aromakava.ua/"
      },
      "geometry": {
        "type": "Point",
        "coordinates": [
          30.7346923,
          46.4796551
        ]
      },
      "id": "node/4397888796"
    },
    {
      "type": "Feature",
      "properties": {
        "@id": "node/4397916999",
        "amenity": "cafe",
        "name": "Апельсин",
        "name:uk": "Апельсин"
      },
      "geometry": {
        "type": "Point",
        "coordinates": [
          30.7343982,
          46.4777017
        ]
      },
      "id": "node/4397916999"
    },
    {
      "type": "Feature",
      "properties": {
        "@id": "node/4397917494",
        "amenity": "cafe",
        "name": "Форшмак",
        "name:uk": "Форшмак"
      },
      "geometry": {
        "type": "Point",
        "coordinates": [
          30.7293487,
          46.4878288
        ]
      },
      "id": "node/4397917494"
    },
    {
      "type": "Feature",
      "properties": {
        "@id": "node/4397936295",
        "amenity": "cafe",
        "name": "Boom Berry",
        "name:en": "Boom Berry",
        "name:uk": "Boom Berry"
      },
      "geometry": {
        "type": "Point",
        "coordinates": [
          30.732539,
          46.4802803
        ]
      },
      "id": "node/4397936295"
    },
    {
      "type": "Feature",
      "properties": {
        "@id": "node/4397936298",
        "addr:housenumber": "30",
        "addr:street": "Європейська вулиця",
        "amenity": "restaurant",
        "name": "Рібай",
        "name:ru": "Рыбай",
        "name:uk": "Рібай",
        "opening_hours": "09:00-00:00",
        "website": "https://www.ribeye.od.ua/"
      },
      "geometry": {
        "type": "Point",
        "coordinates": [
          30.7381209,
          46.4803287
        ]
      },
      "id": "node/4397936298"
    },
    {
      "type": "Feature",
      "properties": {
        "@id": "node/4397963297",
        "amenity": "restaurant",
        "cuisine": "italian",
        "internet_access": "wlan",
        "name": "Італійський квартал",
        "name:ru": "Итальянский Квартал",
        "name:uk": "Італійський квартал"
      },
      "geometry": {
        "type": "Point",
        "coordinates": [
          30.7368823,
          46.4795993
        ]
      },
      "id": "node/4397963297"
    },
    {
      "type": "Feature",
      "properties": {
        "@id": "node/4397963896",
        "addr:housenumber": "29",
        "addr:street": "вулиця Ніни Строкатої",
        "amenity": "cafe",
        "contact:facebook": "OneGogi",
        "contact:instagram": "theonegogi",
        "contact:phone": "+380 67 113 3633;+380 66 408 2789",
        "cuisine": "georgian",
        "internet_access": "wlan",
        "name": "One Gogi",
        "name:de": "One Gogi",
        "name:en": "One Gogi",
        "name:uk": "One Gogi",
        "website": "https://onegogi.com/"
      },
      "geometry": {
        "type": "Point",
        "coordinates": [
          30.7370357,
          46.4811344
        ]
      },
      "id": "node/4397963896"
    },
    {
      "type": "Feature",
      "properties": {
        "@id": "node/4397964197",
        "amenity": "restaurant",
        "name": "Cellini",
        "name:en": "Cellini",
        "name:uk": "Cellini",
        "opening_hours": "Mo-Su 11:00-23:00",
        "wheelchair": "yes"
      },
      "geometry": {
        "type": "Point",
        "coordinates": [
          30.7344856,
          46.4783485
        ]
      },
      "id": "node/4397964197"
    },
    {
      "type": "Feature",
      "properties": {
        "@id": "node/4397964992",
        "amenity": "cafe",
        "name": "Хибарка",
        "name:uk": "Хибарка"
      },
      "geometry": {
        "type": "Point",
        "coordinates": [
          30.7277816,
          46.4890754
        ]
      },
      "id": "node/4397964992"
    },
    {
      "type": "Feature",
      "properties": {
        "@id": "node/4400433812",
        "amenity": "cafe",
        "name": "Поверх",
        "name:ru": "Этаж",
        "name:uk": "Поверх"
      },
      "geometry": {
        "type": "Point",
        "coordinates": [
          30.714087,
          46.414329
        ]
      },
      "id": "node/4400433812"
    },
    {
      "type": "Feature",
      "properties": {
        "@id": "node/4400433813",
        "addr:housenumber": "2",
        "addr:street": "проспект Небесної Сотні",
        "amenity": "restaurant",
        "cuisine": "pizza",
        "internet_access": "wlan",
        "level": "1",
        "name": "Pomodoro",
        "name:en": "pomodoro.od.ua",
        "name:uk": "Pomodoro",
        "opening_hours": "Mo-Su 10:00-23:00",
        "website": "https://pomodoro.od.ua/"
      },
      "geometry": {
        "type": "Point",
        "coordinates": [
          30.7124698,
          46.4159386
        ]
      },
      "id": "node/4400433813"
    },
    {
      "type": "Feature",
      "properties": {
        "@id": "node/4400433814",
        "amenity": "cafe",
        "cuisine": "sushi",
        "name": "Sushi 360",
        "name:ru": "Суши 360",
        "name:uk": "Sushi 360"
      },
      "geometry": {
        "type": "Point",
        "coordinates": [
          30.7124159,
          46.4157121
        ]
      },
      "id": "node/4400433814"
    },
    {
      "type": "Feature",
      "properties": {
        "@id": "node/4400433815",
        "addr:housenumber": "2",
        "addr:street": "проспект Небесної Сотні",
        "amenity": "cafe",
        "cuisine": "burger",
        "name": "City Burger",
        "name:ru": "Сити бургер",
        "name:uk": "City Burger",
        "opening_hours": "Mo-Su 10:00-23:00",
        "website": "http://cityburger.od.ua/"
      },
      "geometry": {
        "type": "Point",
        "coordinates": [
          30.7123175,
          46.4156362
        ]
      },
      "id": "node/4400433815"
    },
    {
      "type": "Feature",
      "properties": {
        "@id": "node/4400433817",
        "addr:housenumber": "2",
        "addr:street": "проспект Небесної Сотні",
        "amenity": "cafe",
        "internet_access": "wlan",
        "level": "1",
        "name": "Компот",
        "name:en": "Kompot",
        "name:ru": "Компот",
        "name:uk": "Компот",
        "opening_hours": "Mo-Su 08:00-23:00"
      },
      "geometry": {
        "type": "Point",
        "coordinates": [
          30.7094475,
          46.4162844
        ]
      },
      "id": "node/4400433817"
    },
    {
      "type": "Feature",
      "properties": {
        "@id": "node/4400433818",
        "addr:housenumber": "2",
        "addr:street": "проспект Небесної Сотні",
        "amenity": "cafe",
        "contact:email": "merryberry.whale@gmail.com",
        "contact:facebook": "https://www.facebook.com/ilovemerryberry/",
        "contact:instagram": "https://www.instagram.com/merry_berry_cafe/",
        "contact:phone": "+380 93 717 3926",
        "contact:website": "https://merry-berry.ua/ru/",
        "cuisine": "coffee_shop",
        "internet_access": "wlan",
        "name": "Merry Berry",
        "name:en": "Merry Berry",
        "name:ru": "Мерри Берри",
        "name:uk": "Merry Berry",
        "opening_hours": "Fr-Su 09:30-22:30;Mo-Th 09:30-22:00",
        "operator": "Меррі-Групп"
      },
      "geometry": {
        "type": "Point",
        "coordinates": [
          30.7094811,
          46.4162175
        ]
      },
      "id": "node/4400433818"
    },
    {
      "type": "Feature",
      "properties": {
        "@id": "node/4401294590",
        "amenity": "restaurant"
      },
      "geometry": {
        "type": "Point",
        "coordinates": [
          30.7390295,
          46.4728498
        ]
      },
      "id": "node/4401294590"
    },
    {
      "type": "Feature",
      "properties": {
        "@id": "node/4401495394",
        "amenity": "cafe",
        "name": "Лайт кафе",
        "name:en": "Lite Cafe",
        "name:uk": "Лайт кафе"
      },
      "geometry": {
        "type": "Point",
        "coordinates": [
          30.7351321,
          46.4757364
        ]
      },
      "id": "node/4401495394"
    },
    {
      "type": "Feature",
      "properties": {
        "@id": "node/4401894947",
        "addr:housenumber": "14",
        "addr:street": "Європейська вулиця",
        "amenity": "cafe",
        "name": "Львiвськi Пляцки",
        "name:ru": "Львовские Пляцки",
        "name:uk": "Львiвськi Пляцки",
        "website": "https://www.pliacky.lviv.ua/"
      },
      "geometry": {
        "type": "Point",
        "coordinates": [
          30.7386409,
          46.4843979
        ]
      },
      "id": "node/4401894947"
    },
    {
      "type": "Feature",
      "properties": {
        "@id": "node/4401894960",
        "amenity": "restaurant",
        "name": "Di Mare",
        "name:uk": "Di Mare",
        "website": "https://dimare.od.ua/"
      },
      "geometry": {
        "type": "Point",
        "coordinates": [
          30.7484854,
          46.4922689
        ]
      },
      "id": "node/4401894960"
    },
    {
      "type": "Feature",
      "properties": {
        "@id": "node/4403537246",
        "addr:housenumber": "8",
        "addr:street": "провулок Футуристів",
        "amenity": "cafe",
        "cuisine": "coffee_shop",
        "name": "San Michele",
        "name:uk": "Сан Мішель"
      },
      "geometry": {
        "type": "Point",
        "coordinates": [
          30.7341949,
          46.4870673
        ]
      },
      "id": "node/4403537246"
    },
    {
      "type": "Feature",
      "properties": {
        "@id": "node/4404068478",
        "amenity": "cafe",
        "cuisine": "indian",
        "name": "Indian Tandori",
        "name:en": "Indian Tandoori",
        "name:uk": "Indian Tandori"
      },
      "geometry": {
        "type": "Point",
        "coordinates": [
          30.7357413,
          46.4858997
        ]
      },
      "id": "node/4404068478"
    },
    {
      "type": "Feature",
      "properties": {
        "@id": "node/4404398492",
        "addr:housenumber": "11",
        "addr:street": "проспект Лесі Українки",
        "amenity": "cafe",
        "cuisine": "sushi",
        "name": "Kami",
        "name:en": "Kami",
        "name:uk": "Kami",
        "opening_hours": "10:00-00:00"
      },
      "geometry": {
        "type": "Point",
        "coordinates": [
          30.7520023,
          46.4572408
        ]
      },
      "id": "node/4404398492"
    },
    {
      "type": "Feature",
      "properties": {
        "@id": "node/4404431990",
        "addr:housenumber": "11а",
        "addr:street": "проспект Шевченка",
        "amenity": "cafe",
        "cuisine": "coffee",
        "internet_access": "wlan",
        "name": "My Coffee",
        "name:en": "My Coffee",
        "name:uk": "My Coffee",
        "opening_hours": "09:00-23:00",
        "website": "https://mycoffee.bz/"
      },
      "geometry": {
        "type": "Point",
        "coordinates": [
          30.7522694,
          46.4554252
        ]
      },
      "id": "node/4404431990"
    },
    {
      "type": "Feature",
      "properties": {
        "@id": "node/4404946190",
        "amenity": "cafe",
        "contact:email": "merryberry.whale@gmail.com",
        "contact:facebook": "https://www.facebook.com/ilovemerryberry/",
        "contact:instagram": "https://www.instagram.com/merry_berry_cafe/",
        "contact:phone": "+380 93 257 7042",
        "contact:website": "https://merry-berry.ua/ru/",
        "cuisine": "bagel;coffee_shop",
        "internet_access": "wlan",
        "name": "Весела ягода",
        "name:en": "Merry Berry",
        "name:uk": "Весела ягода",
        "opening_hours": "Mo-Su 10:00-22:00",
        "operator": "Меррі-Групп"
      },
      "geometry": {
        "type": "Point",
        "coordinates": [
          30.7247358,
          46.398041
        ]
      },
      "id": "node/4404946190"
    },
    {
      "type": "Feature",
      "properties": {
        "@id": "node/4404946191",
        "amenity": "cafe",
        "cuisine": "sushi",
        "name": "Суші",
        "name:uk": "Суші"
      },
      "geometry": {
        "type": "Point",
        "coordinates": [
          30.7247187,
          46.3979411
        ]
      },
      "id": "node/4404946191"
    },
    {
      "type": "Feature",
      "properties": {
        "@id": "node/4406267039",
        "amenity": "cafe",
        "name": "Алькор",
        "name:uk": "Алькор"
      },
      "geometry": {
        "type": "Point",
        "coordinates": [
          30.7926102,
          46.5702184
        ]
      },
      "id": "node/4406267039"
    },
    {
      "type": "Feature",
      "properties": {
        "@id": "node/4406864904",
        "addr:housenumber": "27",
        "addr:street": "Європейська вулиця",
        "amenity": "cafe",
        "name": "Kadorr Cafe",
        "name:en": "Kadorr Cafe",
        "name:uk": "Kadorr Cafe",
        "opening_hours": "10:00-21:00"
      },
      "geometry": {
        "type": "Point",
        "coordinates": [
          30.739353,
          46.481934
        ]
      },
      "id": "node/4406864904"
    },
    {
      "type": "Feature",
      "properties": {
        "@id": "node/4406864905",
        "addr:floor": "1",
        "addr:housenumber": "24",
        "addr:street": "вулиця Ніни Строкатої",
        "amenity": "restaurant",
        "check_date": "2026-01-02",
        "cuisine": "french",
        "email": "restaurant@grandprix.ua",
        "internet_access": "wlan",
        "level": "0",
        "name": "Grand Prix",
        "name:en": "Grand Prix",
        "name:ru": "Гранд При",
        "opening_hours": "10:00-00:00",
        "phone": "+380 94 924 5910;+380 95 101 0701",
        "website": "http://grandprix.ua"
      },
      "geometry": {
        "type": "Point",
        "coordinates": [
          30.7392653,
          46.4812945
        ]
      },
      "id": "node/4406864905"
    },
    {
      "type": "Feature",
      "properties": {
        "@id": "node/4407056127",
        "addr:street": "Привокзальна площа",
        "amenity": "cafe",
        "cuisine": "coffee",
        "internet_access": "wlan",
        "name": "Aroma Kava",
        "name:en": "Aroma Kava",
        "name:uk": "Aroma Kava",
        "not:brand:wikidata": "Q102175745",
        "opening_hours": "24/7"
      },
      "geometry": {
        "type": "Point",
        "coordinates": [
          30.74166,
          46.4690306
        ]
      },
      "id": "node/4407056127"
    },
    {
      "type": "Feature",
      "properties": {
        "@id": "node/4407316706",
        "addr:housenumber": "8",
        "addr:street": "Італійський бульвар",
        "amenity": "cafe",
        "name": "Смак Тайм",
        "name:ru": "Смак Тайм",
        "name:uk": "Смак Тайм"
      },
      "geometry": {
        "type": "Point",
        "coordinates": [
          30.7424555,
          46.4683595
        ]
      },
      "id": "node/4407316706"
    },
    {
      "type": "Feature",
      "properties": {
        "@id": "node/4408663914",
        "addr:housenumber": "8/3",
        "addr:street": "проспект Шевченка",
        "amenity": "cafe",
        "cuisine": "international",
        "name": "Belleville",
        "name:en": "Belleville",
        "name:uk": "Belleville",
        "opening_hours": "09:00-23:00"
      },
      "geometry": {
        "type": "Point",
        "coordinates": [
          30.7524465,
          46.4540564
        ]
      },
      "id": "node/4408663914"
    },
    {
      "type": "Feature",
      "properties": {
        "@id": "node/4408769689",
        "amenity": "restaurant",
        "name": "Челентано",
        "name:ru": "Челентано",
        "name:uk": "Челентано",
        "wheelchair": "no"
      },
      "geometry": {
        "type": "Point",
        "coordinates": [
          28.8354408,
          45.3429718
        ]
      },
      "id": "node/4408769689"
    },
    {
      "type": "Feature",
      "properties": {
        "@id": "node/4409357795",
        "addr:street": "проспект Миру",
        "amenity": "restaurant",
        "name": "Картопляна Хата",
        "name:ru": "Картопляна Хата",
        "name:uk": "Картопляна Хата"
      },
      "geometry": {
        "type": "Point",
        "coordinates": [
          28.8293422,
          45.3544119
        ]
      },
      "id": "node/4409357795"
    },
    {
      "type": "Feature",
      "properties": {
        "@id": "node/4411314196",
        "amenity": "restaurant",
        "name": "The Ложка",
        "name:en": "Backpacker Food Oasis",
        "name:uk": "The Ложка",
        "wheelchair": "limited"
      },
      "geometry": {
        "type": "Point",
        "coordinates": [
          30.7438997,
          46.4754842
        ]
      },
      "id": "node/4411314196"
    },
    {
      "type": "Feature",
      "properties": {
        "@id": "node/4411941092",
        "amenity": "cafe",
        "cuisine": "ice_cream",
        "name": "Б'єлла Кафе",
        "name:en": "Biella Caffe",
        "name:uk": "Б'єлла Кафе"
      },
      "geometry": {
        "type": "Point",
        "coordinates": [
          30.7388419,
          46.4854796
        ]
      },
      "id": "node/4411941092"
    },
    {
      "type": "Feature",
      "properties": {
        "@id": "node/4412059192",
        "amenity": "cafe",
        "name": "Великий куш",
        "name:ru": "Большой Куш",
        "name:uk": "Великий куш"
      },
      "geometry": {
        "type": "Point",
        "coordinates": [
          30.7374113,
          46.4729459
        ]
      },
      "id": "node/4412059192"
    },
    {
      "type": "Feature",
      "properties": {
        "@id": "node/4412377191",
        "amenity": "cafe",
        "name": "Дис",
        "name:en": "Dis",
        "name:uk": "Дис"
      },
      "geometry": {
        "type": "Point",
        "coordinates": [
          30.7873069,
          46.5734519
        ]
      },
      "id": "node/4412377191"
    },
    {
      "type": "Feature",
      "properties": {
        "@id": "node/4413502793",
        "amenity": "cafe",
        "cuisine": "chinese",
        "internet_access": "wlan",
        "name": "Юн",
        "name:en": "Yong",
        "name:uk": "Юн",
        "opening_hours": "Mo-Su 10:00-22:00",
        "website": "https://yong.od.ua/"
      },
      "geometry": {
        "type": "Point",
        "coordinates": [
          30.7533383,
          46.4536528
        ]
      },
      "id": "node/4413502793"
    },
    {
      "type": "Feature",
      "properties": {
        "@id": "node/4413610190",
        "addr:housenumber": "1",
        "addr:street": "Адміральський проспект",
        "amenity": "cafe",
        "cuisine": "breakfast;international",
        "internet_access": "wlan",
        "name": "Компот",
        "name:en": "Kompot",
        "name:ru": "Компот",
        "name:uk": "Компот",
        "opening_hours": "Mo-Su 08:00-23:00",
        "website": "http://kompot.ua"
      },
      "geometry": {
        "type": "Point",
        "coordinates": [
          30.7452161,
          46.4372566
        ]
      },
      "id": "node/4413610190"
    },
    {
      "type": "Feature",
      "properties": {
        "@id": "node/4413616789",
        "amenity": "cafe",
        "cuisine": "breakfast;international",
        "internet_access": "wlan",
        "name": "19.53",
        "name:en": "19.53",
        "name:uk": "19.53",
        "opening_hours": "24/7",
        "phone": "+380 482 68 2939",
        "wheelchair": "yes"
      },
      "geometry": {
        "type": "Point",
        "coordinates": [
          30.7532958,
          46.4537162
        ]
      },
      "id": "node/4413616789"
    },
    {
      "type": "Feature",
      "properties": {
        "@id": "node/4413616889",
        "amenity": "cafe",
        "cuisine": "cake;tea;coffee_shop",
        "internet_access": "wlan",
        "name": "Штрудель",
        "name:en": "Shtrudel",
        "name:ru": "Штрудель",
        "name:uk": "Штрудель",
        "opening_hours": "Mo-Su 08:00-23:00"
      },
      "geometry": {
        "type": "Point",
        "coordinates": [
          30.7498315,
          46.4420406
        ]
      },
      "id": "node/4413616889"
    },
    {
      "type": "Feature",
      "properties": {
        "@id": "node/4413933946",
        "amenity": "restaurant",
        "cuisine": "pizza"
      },
      "geometry": {
        "type": "Point",
        "coordinates": [
          29.271585,
          45.4364777
        ]
      },
      "id": "node/4413933946"
    },
    {
      "type": "Feature",
      "properties": {
        "@id": "node/4415323902",
        "amenity": "cafe",
        "name": "Феруз",
        "name:ru": "Феруз",
        "name:uk": "Феруз"
      },
      "geometry": {
        "type": "Point",
        "coordinates": [
          30.7195252,
          46.4859179
        ]
      },
      "id": "node/4415323902"
    },
    {
      "type": "Feature",
      "properties": {
        "@id": "node/4416176912",
        "amenity": "cafe",
        "cuisine": "grill",
        "name": "Чіко",
        "name:en": "Chico",
        "name:uk": "Чіко"
      },
      "geometry": {
        "type": "Point",
        "coordinates": [
          30.7205435,
          46.4813246
        ]
      },
      "id": "node/4416176912"
    },
    {
      "type": "Feature",
      "properties": {
        "@id": "node/4416210003",
        "amenity": "cafe",
        "name": "Тираспольський",
        "name:uk": "Тираспольський"
      },
      "geometry": {
        "type": "Point",
        "coordinates": [
          30.7259671,
          46.4764307
        ]
      },
      "id": "node/4416210003"
    },
    {
      "type": "Feature",
      "properties": {
        "@id": "node/4416228140",
        "amenity": "cafe",
        "name": "Бамбук",
        "name:en": "Bamboo",
        "name:uk": "Бамбук"
      },
      "geometry": {
        "type": "Point",
        "coordinates": [
          30.7139404,
          46.4305014
        ]
      },
      "id": "node/4416228140"
    },
    {
      "type": "Feature",
      "properties": {
        "@id": "node/4416676767",
        "amenity": "cafe"
      },
      "geometry": {
        "type": "Point",
        "coordinates": [
          30.7195182,
          46.4833019
        ]
      },
      "id": "node/4416676767"
    },
    {
      "type": "Feature",
      "properties": {
        "@id": "node/4419081392",
        "amenity": "cafe",
        "name": "Кухоль",
        "name:uk": "Кухоль"
      },
      "geometry": {
        "type": "Point",
        "coordinates": [
          30.7263533,
          46.4814014
        ]
      },
      "id": "node/4419081392"
    },
    {
      "type": "Feature",
      "properties": {
        "@id": "node/4419213294",
        "amenity": "cafe",
        "name": "Вкусняшка",
        "name:ru": "Вкусняшка",
        "name:uk": "Вкусняшка"
      },
      "geometry": {
        "type": "Point",
        "coordinates": [
          30.7318531,
          46.486327
        ]
      },
      "id": "node/4419213294"
    },
    {
      "type": "Feature",
      "properties": {
        "@id": "node/4419222091",
        "amenity": "cafe",
        "name": "Сейлор Джек",
        "name:en": "Sailor Jack",
        "name:uk": "Сейлор Джек"
      },
      "geometry": {
        "type": "Point",
        "coordinates": [
          30.7323648,
          46.4859554
        ]
      },
      "id": "node/4419222091"
    },
    {
      "type": "Feature",
      "properties": {
        "@id": "node/4419222992",
        "amenity": "cafe",
        "name": "Кришталевий будинок",
        "name:en": "Crystal House",
        "name:uk": "Кришталевий будинок"
      },
      "geometry": {
        "type": "Point",
        "coordinates": [
          30.732249,
          46.4855335
        ]
      },
      "id": "node/4419222992"
    },
    {
      "type": "Feature",
      "properties": {
        "@id": "node/4420403871",
        "amenity": "cafe",
        "cuisine": "cake;coffee_shop",
        "internet_access": "wlan",
        "name": "Львівська мануфактура кави",
        "name:en": "Lviv Coffee Manufacture",
        "name:ru": "Львовская мануфактура кофе",
        "name:uk": "Львівська мануфактура кави",
        "opening_hours": "Mo-Su 10:00-22:00"
      },
      "geometry": {
        "type": "Point",
        "coordinates": [
          30.7354141,
          46.4844746
        ]
      },
      "id": "node/4420403871"
    },
    {
      "type": "Feature",
      "properties": {
        "@id": "node/4420403874",
        "addr:housenumber": "14",
        "addr:postcode": "65026",
        "addr:street": "Ланжеронівська вулиця",
        "amenity": "restaurant",
        "cuisine": "italian",
        "name": "COMO Italy bistro",
        "name:en": "COMO Italy bistro",
        "name:uk": "COMO Italy bistro",
        "opening_hours": "Mo-Su 09:00-22:00",
        "phone": "+38 073 095 09 60",
        "website": "https://como.choiceqr.com/"
      },
      "geometry": {
        "type": "Point",
        "coordinates": [
          30.7399831,
          46.4851147
        ]
      },
      "id": "node/4420403874"
    },
    {
      "type": "Feature",
      "properties": {
        "@id": "node/4420403875",
        "addr:housenumber": "17",
        "addr:street": "Ланжеронівська вулиця",
        "amenity": "cafe",
        "name": "Віденський штрудель",
        "name:ru": "Венский Штрудель",
        "name:uk": "Віденський штрудель"
      },
      "geometry": {
        "type": "Point",
        "coordinates": [
          30.7377905,
          46.4850531
        ]
      },
      "id": "node/4420403875"
    },
    {
      "type": "Feature",
      "properties": {
        "@id": "node/4425024195",
        "addr:housenumber": "5",
        "addr:street": "вулиця Кіри Муратової",
        "amenity": "cafe",
        "cuisine": "italian;local",
        "internet_access": "wlan",
        "name": "Аптека Лейбензона",
        "name:ru": "Друзья",
        "name:uk": "Друзі",
        "opening_hours": "Mo-Su 09:00-21:00"
      },
      "geometry": {
        "type": "Point",
        "coordinates": [
          30.7281387,
          46.4819878
        ]
      },
      "id": "node/4425024195"
    },
    {
      "type": "Feature",
      "properties": {
        "@id": "node/4425033389",
        "amenity": "cafe",
        "name": "Патефон",
        "name:en": "Patefon",
        "name:ru": "Патефон",
        "name:uk": "Патефон"
      },
      "geometry": {
        "type": "Point",
        "coordinates": [
          30.7259078,
          46.4728847
        ]
      },
      "id": "node/4425033389"
    },
    {
      "type": "Feature",
      "properties": {
        "@id": "node/4426509219",
        "amenity": "cafe",
        "cuisine": "coffee",
        "name": "Тишина",
        "name:en": "Silence",
        "name:ru": "Тишина",
        "name:uk": "Тишина",
        "wheelchair": "limited"
      },
      "geometry": {
        "type": "Point",
        "coordinates": [
          30.7471608,
          46.481862
        ]
      },
      "id": "node/4426509219"
    },
    {
      "type": "Feature",
      "properties": {
        "@id": "node/4431655192",
        "amenity": "cafe",
        "name": "Моксі",
        "name:en": "Moxie",
        "name:ru": "Мокси",
        "name:uk": "Моксі",
        "opening_hours": "Mo-Su 09:00-23:00",
        "outdoor_seating": "yes"
      },
      "geometry": {
        "type": "Point",
        "coordinates": [
          30.7713451,
          46.4423493
        ]
      },
      "id": "node/4431655192"
    },
    {
      "type": "Feature",
      "properties": {
        "@id": "node/4434061790",
        "historic": "monument",
        "name": "Татарбунарського повстання",
        "name:ru": "Татарбунарскому востанию",
        "name:uk": "Татарбунарського повстання"
      },
      "geometry": {
        "type": "Point",
        "coordinates": [
          29.6207466,
          45.8365451
        ]
      },
      "id": "node/4434061790"
    },
    {
      "type": "Feature",
      "properties": {
        "@id": "node/4434061792",
        "historic": "monument",
        "name": "А. С. Пушкіну",
        "name:ru": "А. С. Пушкину",
        "name:uk": "А. С. Пушкіну"
      },
      "geometry": {
        "type": "Point",
        "coordinates": [
          29.6148537,
          45.8321654
        ]
      },
      "id": "node/4434061792"
    },
    {
      "type": "Feature",
      "properties": {
        "@id": "node/4434121389",
        "historic": "monument",
        "name": "Невідомому солдатові",
        "name:ru": "Неизвестному солдату",
        "name:uk": "Невідомому солдатові"
      },
      "geometry": {
        "type": "Point",
        "coordinates": [
          29.6132042,
          45.8374499
        ]
      },
      "id": "node/4434121389"
    },
    {
      "type": "Feature",
      "properties": {
        "@id": "node/4434809389",
        "addr:housenumber": "68",
        "addr:street": "Приморська вулиця",
        "internet_access": "wlan",
        "opening_hours": "24/7",
        "operator": "Прохор",
        "phone": "+380 67 946 1377",
        "tourism": "hotel"
      },
      "geometry": {
        "type": "Point",
        "coordinates": [
          30.4522464,
          46.0638291
        ]
      },
      "id": "node/4434809389"
    },
    {
      "type": "Feature",
      "properties": {
        "@id": "node/4436875450",
        "name": "Colorito",
        "name:uk": "Colorito",
        "tourism": "theme_park"
      },
      "geometry": {
        "type": "Point",
        "coordinates": [
          30.7937386,
          46.5843536
        ]
      },
      "id": "node/4436875450"
    },
    {
      "type": "Feature",
      "properties": {
        "@id": "node/4436906389",
        "addr:housenumber": "20/1",
        "addr:postcode": "68000",
        "addr:street": "проспект Миру",
        "email": "fontanhotel@gcn.ua",
        "internet_access": "wlan",
        "name": "Фонтан",
        "name:en": "Fontain",
        "name:ru": "Фонтан",
        "name:uk": "Фонтан",
        "opening_hours": "24/7",
        "phone": "+380 97 996 5549",
        "tourism": "hotel"
      },
      "geometry": {
        "type": "Point",
        "coordinates": [
          30.6542541,
          46.3016955
        ]
      },
      "id": "node/4436906389"
    },
    {
      "type": "Feature",
      "properties": {
        "@id": "node/4438181003",
        "amenity": "cafe",
        "cuisine": "cake;ice_cream;coffee_shop",
        "internet_access": "wlan",
        "name": "Мока-Лока",
        "name:en": "Moka-Loka",
        "name:ru": "Мока-Лока",
        "name:uk": "Мока-Лока",
        "opening_hours": "Mo-Su 10:00-21:00",
        "phone": "+380 482 35 5871"
      },
      "geometry": {
        "type": "Point",
        "coordinates": [
          30.7075904,
          46.4311111
        ]
      },
      "id": "node/4438181003"
    },
    {
      "type": "Feature",
      "properties": {
        "@id": "node/4438222899",
        "amenity": "cafe",
        "cuisine": "cake;coffee_shop;ice_cream",
        "internet_access": "wlan",
        "name": "Мока-Лока",
        "name:en": "Moka-Loka",
        "name:ru": "Мока-Лока",
        "name:uk": "Мока-Лока",
        "opening_hours": "Mo-Su 09:00-21:00",
        "phone": "+380 482 32 5367"
      },
      "geometry": {
        "type": "Point",
        "coordinates": [
          30.7500426,
          46.4304237
        ]
      },
      "id": "node/4438222899"
    },
    {
      "type": "Feature",
      "properties": {
        "@id": "node/4441376489",
        "name": "Привал странника",
        "name:ru": "Привал странника",
        "name:uk": "Привал странника",
        "tourism": "hotel"
      },
      "geometry": {
        "type": "Point",
        "coordinates": [
          31.0847726,
          46.6293386
        ]
      },
      "id": "node/4441376489"
    },
    {
      "type": "Feature",
      "properties": {
        "@id": "node/4441376589",
        "name": "Апельсин",
        "name:ru": "Апельсин",
        "name:uk": "Апельсин",
        "phone": "+380 97 212 1859",
        "tourism": "hotel",
        "website": "http://apelsin-m.com.ua/"
      },
      "geometry": {
        "type": "Point",
        "coordinates": [
          31.0882496,
          46.6286902
        ]
      },
      "id": "node/4441376589"
    },
    {
      "type": "Feature",
      "properties": {
        "@id": "node/4448076171",
        "amenity": "restaurant",
        "name": "Рандеву",
        "name:uk": "Рандеву"
      },
      "geometry": {
        "type": "Point",
        "coordinates": [
          28.6121471,
          45.6812651
        ]
      },
      "id": "node/4448076171"
    },
    {
      "type": "Feature",
      "properties": {
        "@id": "node/4451966082",
        "tourism": "hotel"
      },
      "geometry": {
        "type": "Point",
        "coordinates": [
          30.4555476,
          46.2579192
        ]
      },
      "id": "node/4451966082"
    },
    {
      "type": "Feature",
      "properties": {
        "@id": "node/4455082494",
        "amenity": "restaurant",
        "check_date": "2023-08-09",
        "name": "Avenue 25",
        "name:en": "Avenue 25",
        "name:ru": "Украина",
        "opening_hours": "10:00-24:00",
        "wheelchair": "no"
      },
      "geometry": {
        "type": "Point",
        "coordinates": [
          28.8304637,
          45.3540231
        ]
      },
      "id": "node/4455082494"
    },
    {
      "type": "Feature",
      "properties": {
        "@id": "node/4455167090",
        "addr:housenumber": "2-А",
        "amenity": "restaurant",
        "check_date": "2025-04-16",
        "name": "Царське",
        "name:ru": "Царское",
        "name:uk": "Царське",
        "opening_hours": "PH,Mo-Su 10:00-22:00"
      },
      "geometry": {
        "type": "Point",
        "coordinates": [
          28.8147192,
          45.3520373
        ]
      },
      "id": "node/4455167090"
    },
    {
      "type": "Feature",
      "properties": {
        "@id": "node/4455170489",
        "amenity": "cafe",
        "name": "Картопляна Хата",
        "name:en": "Kartopliana xata",
        "name:ru": "Картопляна Хата",
        "name:uk": "Картопляна Хата"
      },
      "geometry": {
        "type": "Point",
        "coordinates": [
          28.8292644,
          45.3544356
        ]
      },
      "id": "node/4455170489"
    },
    {
      "type": "Feature",
      "properties": {
        "@id": "node/4461757990",
        "amenity": "cafe",
        "cuisine": "mexican",
        "name": "Starline",
        "name:en": "Uno Momento",
        "name:uk": "Starline"
      },
      "geometry": {
        "type": "Point",
        "coordinates": [
          30.738365,
          46.4676291
        ]
      },
      "id": "node/4461757990"
    },
    {
      "type": "Feature",
      "properties": {
        "@id": "node/4461833992",
        "amenity": "cafe",
        "name": "Lviv Croissants",
        "name:en": "Lviv Croissants",
        "name:uk": "Lviv Croissants",
        "opening_hours": "Mo-Su 08:00-20:00"
      },
      "geometry": {
        "type": "Point",
        "coordinates": [
          30.7389545,
          46.4672307
        ]
      },
      "id": "node/4461833992"
    },
    {
      "type": "Feature",
      "properties": {
        "@id": "node/4461833993",
        "amenity": "cafe",
        "cuisine": "sandwich",
        "internet_access": "wlan",
        "name": "Fresh Line",
        "name:en": "Fresh Line",
        "name:uk": "Fresh Line",
        "opening_hours": "24/7",
        "website": "https://www.freshline.name/"
      },
      "geometry": {
        "type": "Point",
        "coordinates": [
          30.7387602,
          46.4669456
        ]
      },
      "id": "node/4461833993"
    },
    {
      "type": "Feature",
      "properties": {
        "@id": "node/4464367296",
        "amenity": "restaurant",
        "name": "Столова",
        "name:en": "stolova",
        "name:ru": "Столовая",
        "name:uk": "Столова",
        "opening_hours": "Mo-Fr 08:00-09:00, 12:00-14:00, 19:00-20:00"
      },
      "geometry": {
        "type": "Point",
        "coordinates": [
          31.0921845,
          46.6224864
        ]
      },
      "id": "node/4464367296"
    },
    {
      "type": "Feature",
      "properties": {
        "@id": "node/4466903093",
        "addr:housenumber": "36/1",
        "addr:street": "проспект Князя Ярослава Мудрого",
        "amenity": "restaurant",
        "cuisine": "georgian",
        "name": "Hayat",
        "name:uk": "Hayat",
        "opening_hours": "Mo-Su 10:00-00:00",
        "phone": "+380 73 322 0202",
        "website": "https://www.instagram.com/hayat_restaurant_od/"
      },
      "geometry": {
        "type": "Point",
        "coordinates": [
          30.7103426,
          46.3982052
        ]
      },
      "id": "node/4466903093"
    },
    {
      "type": "Feature",
      "properties": {
        "@id": "node/4468564773",
        "amenity": "cafe"
      },
      "geometry": {
        "type": "Point",
        "coordinates": [
          30.7400286,
          46.4672823
        ]
      },
      "id": "node/4468564773"
    },
    {
      "type": "Feature",
      "properties": {
        "@id": "node/4468626618",
        "name": "Villa Lavanda",
        "name:uk": "Villa Lavanda",
        "tourism": "hotel"
      },
      "geometry": {
        "type": "Point",
        "coordinates": [
          30.8918956,
          46.5699584
        ]
      },
      "id": "node/4468626618"
    },
    {
      "type": "Feature",
      "properties": {
        "@id": "node/4470042649",
        "addr:housenumber": "2а",
        "addr:street": "вулиця Макаренка",
        "amenity": "cafe",
        "cuisine": "coffee",
        "internet_access": "wlan",
        "name": "Штрудель",
        "name:en": "Shtrudel",
        "name:ru": "Штрудель",
        "name:uk": "Штрудель",
        "opening_hours": "Mo-Su 08:00-23:00"
      },
      "geometry": {
        "type": "Point",
        "coordinates": [
          30.7416674,
          46.4007902
        ]
      },
      "id": "node/4470042649"
    },
    {
      "type": "Feature",
      "properties": {
        "@id": "node/4486165992",
        "internet_access": "yes",
        "internet_access:fee": "no",
        "name": "Апартаменти \"Дерибас\"",
        "name:ru": "Апартаменты \"Дерибас\"",
        "name:uk": "Апартаменти \"Дерибас\"",
        "phone": "+380 48 700 0521;+380 67 875 2323",
        "tourism": "hotel",
        "website": "https://www.hotel-deribas.com/"
      },
      "geometry": {
        "type": "Point",
        "coordinates": [
          30.7355176,
          46.4840229
        ]
      },
      "id": "node/4486165992"
    },
    {
      "type": "Feature",
      "properties": {
        "@id": "node/4487443291",
        "amenity": "cafe",
        "internet_access": "wlan",
        "name": "Будинок",
        "name:ru": "дом",
        "name:uk": "Будинок"
      },
      "geometry": {
        "type": "Point",
        "coordinates": [
          30.7233379,
          46.4072304
        ]
      },
      "id": "node/4487443291"
    },
    {
      "type": "Feature",
      "properties": {
        "@id": "node/4494875273",
        "amenity": "cafe",
        "name": "Lex",
        "name:uk": "Lex"
      },
      "geometry": {
        "type": "Point",
        "coordinates": [
          30.7450788,
          46.4417751
        ]
      },
      "id": "node/4494875273"
    },
    {
      "type": "Feature",
      "properties": {
        "@id": "node/4500377997",
        "amenity": "cafe",
        "name": "Варенична",
        "name:en": "Varenychna",
        "name:uk": "Варенична"
      },
      "geometry": {
        "type": "Point",
        "coordinates": [
          30.7400848,
          46.4665874
        ]
      },
      "id": "node/4500377997"
    },
    {
      "type": "Feature",
      "properties": {
        "@id": "node/4500659989",
        "amenity": "cafe"
      },
      "geometry": {
        "type": "Point",
        "coordinates": [
          30.740884,
          46.4677341
        ]
      },
      "id": "node/4500659989"
    },
    {
      "type": "Feature",
      "properties": {
        "@id": "node/4501283958",
        "amenity": "cafe",
        "name": "БлинОК",
        "name:ru": "Наш Блинок",
        "name:uk": "БлинОК"
      },
      "geometry": {
        "type": "Point",
        "coordinates": [
          30.7388517,
          46.46756
        ]
      },
      "id": "node/4501283958"
    },
    {
      "type": "Feature",
      "properties": {
        "@id": "node/4510242389",
        "amenity": "cafe",
        "name": "На здоров'я",
        "name:ru": "На здоровье",
        "name:uk": "На здоров'я"
      },
      "geometry": {
        "type": "Point",
        "coordinates": [
          30.7902016,
          46.5812608
        ]
      },
      "id": "node/4510242389"
    },
    {
      "type": "Feature",
      "properties": {
        "@id": "node/4511226890",
        "amenity": "cafe",
        "name": "Вимпіл",
        "name:ru": "Вымпел",
        "name:uk": "Вимпіл"
      },
      "geometry": {
        "type": "Point",
        "coordinates": [
          30.7314781,
          46.436884
        ]
      },
      "id": "node/4511226890"
    },
    {
      "type": "Feature",
      "properties": {
        "@id": "node/4511419721",
        "amenity": "cafe",
        "check_date": "2024-01-07"
      },
      "geometry": {
        "type": "Point",
        "coordinates": [
          30.7478467,
          46.4343896
        ]
      },
      "id": "node/4511419721"
    },
    {
      "type": "Feature",
      "properties": {
        "@id": "node/4513830389",
        "amenity": "cafe",
        "cuisine": "coffee_shop",
        "level": "1",
        "name": "Капучіно",
        "name:en": "Cappuccino",
        "name:uk": "Капучіно"
      },
      "geometry": {
        "type": "Point",
        "coordinates": [
          30.7937803,
          46.5834601
        ]
      },
      "id": "node/4513830389"
    },
    {
      "type": "Feature",
      "properties": {
        "@id": "node/4513839899",
        "addr:housenumber": "1",
        "addr:street": "Аркадійська алея",
        "amenity": "cafe",
        "name": "FreshLine",
        "name:uk": "FreshLine",
        "website": "https://www.freshline.name/"
      },
      "geometry": {
        "type": "Point",
        "coordinates": [
          30.7653256,
          46.4288559
        ]
      },
      "id": "node/4513839899"
    },
    {
      "type": "Feature",
      "properties": {
        "@id": "node/4545311549",
        "amenity": "cafe",
        "name": "Express lounge",
        "name:uk": "Express lounge"
      },
      "geometry": {
        "type": "Point",
        "coordinates": [
          30.7083101,
          46.4767363
        ]
      },
      "id": "node/4545311549"
    },
    {
      "type": "Feature",
      "properties": {
        "@id": "node/4545312596",
        "amenity": "cafe",
        "name": "Stop & Go",
        "name:uk": "Stop & Go"
      },
      "geometry": {
        "type": "Point",
        "coordinates": [
          30.708581,
          46.4770601
        ]
      },
      "id": "node/4545312596"
    },
    {
      "type": "Feature",
      "properties": {
        "@id": "node/4556945691",
        "addr:housenumber": "9",
        "addr:street": "Троїцька вулиця",
        "amenity": "cafe",
        "check_date": "2023-12-03",
        "cuisine": "chinese;chicken;friture;asian",
        "name": "Схiд",
        "name:uk": "Схiд",
        "opening_hours": "11:00-22:00",
        "toilets": "yes"
      },
      "geometry": {
        "type": "Point",
        "coordinates": [
          30.7478678,
          46.4759583
        ]
      },
      "id": "node/4556945691"
    },
    {
      "type": "Feature",
      "properties": {
        "@id": "node/4556963291",
        "amenity": "cafe",
        "cuisine": "chicken;local;coffee_shop;friture",
        "internet_access": "wlan",
        "name": "Патiфон",
        "name:en": "PartyFon",
        "name:ru": "Патифон",
        "name:uk": "Патiфон",
        "opening_hours": "24/7"
      },
      "geometry": {
        "type": "Point",
        "coordinates": [
          30.7469036,
          46.4734353
        ]
      },
      "id": "node/4556963291"
    },
    {
      "type": "Feature",
      "properties": {
        "@id": "node/4560146989",
        "addr:housenumber": "17д/1",
        "addr:postcode": "65065",
        "addr:street": "Космонавтов",
        "amenity": "cafe",
        "cuisine": "coffee_shop",
        "internet_access": "wlan",
        "mobile": "+380930087000",
        "name": "Solo",
        "name:ru": "Solo",
        "name:uk": "Solo",
        "opening_hours": "Mo-Su 10:00-22:00",
        "website": "https://instagram.com/soloodessa"
      },
      "geometry": {
        "type": "Point",
        "coordinates": [
          30.7177385,
          46.4300411
        ]
      },
      "id": "node/4560146989"
    },
    {
      "type": "Feature",
      "properties": {
        "@id": "node/4582556091",
        "addr:postcode": "65026",
        "amenity": "restaurant",
        "cuisine": "sushi",
        "internet_access": "wlan",
        "name": "СушіЯ",
        "name:ru": "СушиЯ",
        "name:uk": "СушиЯ",
        "opening_hours": "Mo-Su 11:00-22:00",
        "phone": "+380 67 447 4630",
        "website": "https://sushiya.ua/"
      },
      "geometry": {
        "type": "Point",
        "coordinates": [
          30.7376514,
          46.4839867
        ]
      },
      "id": "node/4582556091"
    },
    {
      "type": "Feature",
      "properties": {
        "@id": "node/4585592801",
        "amenity": "cafe",
        "cuisine": "coffee_shop",
        "name": "Карамель",
        "name:ru": "Карамель",
        "name:uk": "Карамель"
      },
      "geometry": {
        "type": "Point",
        "coordinates": [
          30.3517065,
          46.192027
        ]
      },
      "id": "node/4585592801"
    },
    {
      "type": "Feature",
      "properties": {
        "@id": "node/4585639191",
        "amenity": "cafe",
        "name": "Їдальня №1",
        "name:ru": "Столовая № 1",
        "name:uk": "Їдальня №1",
        "opening_hours": "Mo-Fr 09:00-15:00"
      },
      "geometry": {
        "type": "Point",
        "coordinates": [
          30.3508419,
          46.1913093
        ]
      },
      "id": "node/4585639191"
    },
    {
      "type": "Feature",
      "properties": {
        "@id": "node/4589710298",
        "tourism": "hotel"
      },
      "geometry": {
        "type": "Point",
        "coordinates": [
          29.5318672,
          47.7537317
        ]
      },
      "id": "node/4589710298"
    },
    {
      "type": "Feature",
      "properties": {
        "@id": "node/4608351291",
        "addr:housenumber": "5",
        "addr:street": "Транспортна вулиця",
        "amenity": "cafe",
        "cuisine": "regional;international;coffee_shop",
        "delivery": "no",
        "internet_access": "no",
        "name": "Веста",
        "name:en": "Vesta",
        "name:ru": "Веста",
        "name:uk": "Веста",
        "opening_hours": "Mo-Fr 09:00-19:00; Sa 10:00-14:00",
        "operator": "Бизнес центр Веста",
        "outdoor_seating": "no",
        "payment:cash": "yes",
        "payment:credit_cards": "no",
        "payment:debit_cards": "no",
        "smoking": "no",
        "takeaway": "yes"
      },
      "geometry": {
        "type": "Point",
        "coordinates": [
          30.731328,
          46.4531686
        ]
      },
      "id": "node/4608351291"
    },
    {
      "type": "Feature",
      "properties": {
        "@id": "node/4618697928",
        "addr:housenumber": "84",
        "addr:street": "Лазурна вулиця",
        "email": "romashuk70@gmail.com",
        "internet_access": "wlan",
        "internet_access:fee": "no",
        "name": "Аквамарин",
        "name:en": "Aquamarine",
        "name:ru": "Аквамарин",
        "name:uk": "Аквамарін",
        "opening_hours": "May 1-Sep 10:Mo-Su 8:00-22:00",
        "phone": "+380 50 652 5280",
        "tourism": "hotel",
        "website": "https://www.instagram.com/aquamarine5zatoka/",
        "wheelchair": "no"
      },
      "geometry": {
        "type": "Point",
        "coordinates": [
          30.477535,
          46.0836682
        ]
      },
      "id": "node/4618697928"
    },
    {
      "type": "Feature",
      "properties": {
        "@id": "node/4622398410",
        "name": "Ника 2",
        "name:uk": "Ника 2",
        "tourism": "hotel"
      },
      "geometry": {
        "type": "Point",
        "coordinates": [
          30.4139592,
          46.0343533
        ]
      },
      "id": "node/4622398410"
    },
    {
      "type": "Feature",
      "properties": {
        "@id": "node/4625198382",
        "name": "Ольга та Валентина",
        "name:uk": "Ольга та Валентина",
        "tourism": "hotel"
      },
      "geometry": {
        "type": "Point",
        "coordinates": [
          30.453157,
          46.0636497
        ]
      },
      "id": "node/4625198382"
    },
    {
      "type": "Feature",
      "properties": {
        "@id": "node/4625318539",
        "name": "Metro hotel apartments",
        "name:uk": "Metro hotel apartments",
        "tourism": "hotel",
        "website": "metrohotelapartments.com"
      },
      "geometry": {
        "type": "Point",
        "coordinates": [
          30.7424786,
          46.4818546
        ]
      },
      "id": "node/4625318539"
    },
    {
      "type": "Feature",
      "properties": {
        "@id": "node/4625452991",
        "amenity": "cafe",
        "name": "Лаунж-кафе KARE",
        "name:uk": "Лаунж-кафе KARE"
      },
      "geometry": {
        "type": "Point",
        "coordinates": [
          30.7468471,
          46.483717
        ]
      },
      "id": "node/4625452991"
    },
    {
      "type": "Feature",
      "properties": {
        "@id": "node/4628552375",
        "amenity": "restaurant",
        "description": "Открыто с 12:00 до 23:00 каждый день.",
        "name": "У Ангелових",
        "name:ru": "У Ангеловых",
        "name:uk": "У Ангелових",
        "smoking": "outside"
      },
      "geometry": {
        "type": "Point",
        "coordinates": [
          30.7488228,
          46.4713479
        ]
      },
      "id": "node/4628552375"
    },
    {
      "type": "Feature",
      "properties": {
        "@id": "node/4630850750",
        "addr:housenumber": "13",
        "addr:postcode": "65026",
        "name": "Frapolli",
        "name:ru": "Отель \"Frapolli\"",
        "name:uk": "Frapolli",
        "phone": "+380 482 35 6800;+380 482 35 6809",
        "tourism": "hotel",
        "website": "https://frapolli-hotel.com/"
      },
      "geometry": {
        "type": "Point",
        "coordinates": [
          30.7395985,
          46.4838459
        ]
      },
      "id": "node/4630850750"
    },
    {
      "type": "Feature",
      "properties": {
        "@id": "node/4643990590",
        "addr:housenumber": "8",
        "addr:postcode": "67700",
        "addr:street": "вулиця Сергія Файнблата",
        "amenity": "cafe",
        "cuisine": "pizza",
        "internet_access": "wlan",
        "name": "Mama Mia pizza",
        "name:uk": "Mama Mia pizza",
        "opening_hours": "Mo-Su 10:00-23:00",
        "phone": "+380 98 610 5462",
        "website": "https://vk.com/bdmamamia"
      },
      "geometry": {
        "type": "Point",
        "coordinates": [
          30.3437038,
          46.1913645
        ]
      },
      "id": "node/4643990590"
    },
    {
      "type": "Feature",
      "properties": {
        "@id": "node/4644412717",
        "name": "Готель «Bless Village»",
        "name:ru": "Отель «Bless Village»",
        "name:uk": "Готель «Bless Village»",
        "tourism": "hotel"
      },
      "geometry": {
        "type": "Point",
        "coordinates": [
          30.5450784,
          46.1536648
        ]
      },
      "id": "node/4644412717"
    },
    {
      "type": "Feature",
      "properties": {
        "@id": "node/4644442734",
        "name": "Villa Valencia",
        "name:uk": "Villa Valencia",
        "tourism": "hotel"
      },
      "geometry": {
        "type": "Point",
        "coordinates": [
          30.5483453,
          46.1544043
        ]
      },
      "id": "node/4644442734"
    },
    {
      "type": "Feature",
      "properties": {
        "@id": "node/4648795492",
        "amenity": "cafe",
        "name": "Визит",
        "name:en": "Vizit",
        "name:ru": "Визит",
        "name:uk": "Визит"
      },
      "geometry": {
        "type": "Point",
        "coordinates": [
          30.7953283,
          46.5906659
        ]
      },
      "id": "node/4648795492"
    },
    {
      "type": "Feature",
      "properties": {
        "@id": "node/4650298389",
        "amenity": "restaurant"
      },
      "geometry": {
        "type": "Point",
        "coordinates": [
          30.0517253,
          46.1748648
        ]
      },
      "id": "node/4650298389"
    },
    {
      "type": "Feature",
      "properties": {
        "@id": "node/4656704799",
        "amenity": "cafe"
      },
      "geometry": {
        "type": "Point",
        "coordinates": [
          30.707055,
          46.4011375
        ]
      },
      "id": "node/4656704799"
    },
    {
      "type": "Feature",
      "properties": {
        "@id": "node/4674827000",
        "addr:city": "Одеса",
        "addr:housenumber": "3",
        "addr:postcode": "65016",
        "addr:street": "Ванний провулок",
        "amenity": "restaurant",
        "capacity": "100",
        "cuisine": "regional",
        "delivery": "yes",
        "name": "Restaurant \"Stella Residence Club\"",
        "name:ru": "Ресторан \"Стелла Резиденс Клаб\"",
        "name:uk": "Restaurant \"Stella Residence Club\"",
        "outdoor_seating": "yes",
        "smoking": "outside",
        "takeaway": "yes"
      },
      "geometry": {
        "type": "Point",
        "coordinates": [
          30.7597572,
          46.4128903
        ]
      },
      "id": "node/4674827000"
    },
    {
      "type": "Feature",
      "properties": {
        "@id": "node/4674827001",
        "addr:city": "Одеса",
        "addr:housenumber": "3",
        "addr:postcode": "65016",
        "addr:street": "Ванний провулок",
        "internet_access": "yes",
        "name": "Hotel \"Stella Residence Club\"",
        "name:ru": "Гостиница \"Стелла Резиденс Клаб\"",
        "name:uk": "Hotel \"Stella Residence Club\"",
        "rooms": "15",
        "smoking": "outside",
        "tourism": "hotel"
      },
      "geometry": {
        "type": "Point",
        "coordinates": [
          30.7596129,
          46.4130199
        ]
      },
      "id": "node/4674827001"
    },
    {
      "type": "Feature",
      "properties": {
        "@id": "node/4681224602",
        "addr:city:en": "Odessa",
        "addr:city:ru": "Одеса",
        "addr:city:uk": "Одеса",
        "addr:housenumber": "13",
        "addr:postcode": "65003",
        "addr:street:uk": "Чорноморського козацтва",
        "amenity": "cafe",
        "name": "\"Варіон\". Їдальня для малозабезпечених",
        "name:en": "\"Varion\". Dining for low-income",
        "name:ru": "\"Варион\". Столовая для малообеспеченных",
        "name:uk": "\"Варіон\". Їдальня для малозабезпечених",
        "opening_hours:ru": "Mo-Fr 11:00-15:00"
      },
      "geometry": {
        "type": "Point",
        "coordinates": [
          30.7240263,
          46.5001936
        ]
      },
      "id": "node/4681224602"
    },
    {
      "type": "Feature",
      "properties": {
        "@id": "node/4696357867",
        "amenity": "restaurant",
        "cuisine": "european;italian",
        "name": "Трактир на Михайловской",
        "name:ru": "Трактир на Михайловской",
        "name:uk": "Трактир на Михайловской",
        "wheelchair": "limited"
      },
      "geometry": {
        "type": "Point",
        "coordinates": [
          30.350003,
          46.1944161
        ]
      },
      "id": "node/4696357867"
    },
    {
      "type": "Feature",
      "properties": {
        "@id": "node/4699252392",
        "amenity": "cafe",
        "cuisine": "coffee_shop",
        "name": "Кофан Кофанич",
        "name:en": "Coffee shop take away only",
        "name:ru": "Кофан Кофаныч",
        "name:uk": "Кофан Кофанич",
        "opening_hours": "Mo-Fr 10:00-17:00"
      },
      "geometry": {
        "type": "Point",
        "coordinates": [
          30.7357939,
          46.4716193
        ]
      },
      "id": "node/4699252392"
    },
    {
      "type": "Feature",
      "properties": {
        "@id": "node/4710075157",
        "addr:city": "Одеса",
        "addr:housenumber": "9",
        "addr:street": "13-я Станция Большого Фонтана пляж",
        "amenity": "restaurant",
        "name": "Ікра",
        "name:ru": "Икра",
        "name:uk": "Ікра"
      },
      "geometry": {
        "type": "Point",
        "coordinates": [
          30.7540421,
          46.3993536
        ]
      },
      "id": "node/4710075157"
    },
    {
      "type": "Feature",
      "properties": {
        "@id": "node/4717835391",
        "internet_access": "wlan",
        "name": "Одеса Комфорт Хаус",
        "name:en": "Odesa Comfort House",
        "name:ru": "Одесса Комфорт Хаус",
        "name:uk": "Одеса Комфорт Хаус",
        "opening_hours": "24/7",
        "phone": "+380 63 443 7534",
        "tourism": "hotel"
      },
      "geometry": {
        "type": "Point",
        "coordinates": [
          30.7463937,
          46.4785928
        ]
      },
      "id": "node/4717835391"
    },
    {
      "type": "Feature",
      "properties": {
        "@id": "node/4722043190",
        "addr:housenumber": "126а",
        "addr:street": "проспект Князя Володимира Великого",
        "air_conditioning": "yes",
        "amenity": "restaurant",
        "cuisine": "barbecue;coffee_shop;friture;grill;ice_cream;local",
        "internet_access": "wlan",
        "name": "Сканди",
        "name:en": "Skandi",
        "name:ru": "Сканди",
        "name:uk": "Сканди",
        "opening_hours": "Mo-Su 12:00-01:00",
        "payment:mastercard": "yes",
        "payment:visa": "yes",
        "phone": "+380 68 819 1997",
        "website": "https://skandi.od.ua"
      },
      "geometry": {
        "type": "Point",
        "coordinates": [
          30.8004121,
          46.5931808
        ]
      },
      "id": "node/4722043190"
    },
    {
      "type": "Feature",
      "properties": {
        "@id": "node/4722101189",
        "addr:housenumber": "155а",
        "addr:street": "проспект Князя Володимира Великого",
        "amenity": "cafe",
        "name": "Вікторія",
        "name:en": "Viktoria",
        "name:ru": "Виктория",
        "name:uk": "Вікторія"
      },
      "geometry": {
        "type": "Point",
        "coordinates": [
          30.7983335,
          46.5939685
        ]
      },
      "id": "node/4722101189"
    },
    {
      "type": "Feature",
      "properties": {
        "@id": "node/4728490641",
        "amenity": "cafe",
        "name": "Їдальня №8",
        "name:en": "Dining room №8",
        "name:ru": "Столовая №8",
        "name:uk": "Їдальня №8"
      },
      "geometry": {
        "type": "Point",
        "coordinates": [
          30.7242177,
          46.4995046
        ]
      },
      "id": "node/4728490641"
    },
    {
      "type": "Feature",
      "properties": {
        "@id": "node/4729884816",
        "amenity": "cafe",
        "name": "Кафе",
        "name:en": "Coffee",
        "name:uk": "Кафе"
      },
      "geometry": {
        "type": "Point",
        "coordinates": [
          30.7240625,
          46.4991067
        ]
      },
      "id": "node/4729884816"
    },
    {
      "type": "Feature",
      "properties": {
        "@id": "node/4756055324",
        "addr:housenumber": "52",
        "addr:street": "Французький бульвар",
        "tourism": "hotel"
      },
      "geometry": {
        "type": "Point",
        "coordinates": [
          30.7622479,
          46.4469557
        ]
      },
      "id": "node/4756055324"
    },
    {
      "type": "Feature",
      "properties": {
        "@id": "node/4758401811",
        "amenity": "cafe",
        "name": "Style",
        "name:uk": "Style"
      },
      "geometry": {
        "type": "Point",
        "coordinates": [
          29.2656857,
          45.4366779
        ]
      },
      "id": "node/4758401811"
    },
    {
      "type": "Feature",
      "properties": {
        "@id": "node/4758401812",
        "addr:street": "вулиця Осипенка",
        "amenity": "cafe",
        "operator": "Чумаченко"
      },
      "geometry": {
        "type": "Point",
        "coordinates": [
          29.2645377,
          45.4405098
        ]
      },
      "id": "node/4758401812"
    },
    {
      "type": "Feature",
      "properties": {
        "@id": "node/4758401989",
        "amenity": "cafe"
      },
      "geometry": {
        "type": "Point",
        "coordinates": [
          29.59491,
          45.3964961
        ]
      },
      "id": "node/4758401989"
    },
    {
      "type": "Feature",
      "properties": {
        "@id": "node/4763894221",
        "amenity": "cafe"
      },
      "geometry": {
        "type": "Point",
        "coordinates": [
          29.3794314,
          45.8263366
        ]
      },
      "id": "node/4763894221"
    },
    {
      "type": "Feature",
      "properties": {
        "@id": "node/4767926963",
        "name": "Сонячна дача",
        "name:uk": "Сонячна дача",
        "tourism": "hotel"
      },
      "geometry": {
        "type": "Point",
        "coordinates": [
          30.4810548,
          46.0913763
        ]
      },
      "id": "node/4767926963"
    },
    {
      "type": "Feature",
      "properties": {
        "@id": "node/4775029552",
        "name": "Апартаменти Мізенцевих",
        "name:uk": "Апартаменти Мізенцевих",
        "tourism": "hotel"
      },
      "geometry": {
        "type": "Point",
        "coordinates": [
          30.4585324,
          46.0714211
        ]
      },
      "id": "node/4775029552"
    },
    {
      "type": "Feature",
      "properties": {
        "@id": "node/4775030355",
        "name": "Жемчужина Затоки",
        "name:uk": "Жемчужина Затоки",
        "tourism": "hotel"
      },
      "geometry": {
        "type": "Point",
        "coordinates": [
          30.4593746,
          46.0708294
        ]
      },
      "id": "node/4775030355"
    },
    {
      "type": "Feature",
      "properties": {
        "@id": "node/4775039752",
        "name": "База відпочинку \"Дача\"",
        "name:uk": "База відпочинку \"Дача\"",
        "tourism": "hotel"
      },
      "geometry": {
        "type": "Point",
        "coordinates": [
          30.4524772,
          46.071413
        ]
      },
      "id": "node/4775039752"
    },
    {
      "type": "Feature",
      "properties": {
        "@id": "node/4775039780",
        "addr:housenumber": "18",
        "addr:street": "Лиманська вулиця",
        "internet_access": "wlan",
        "name": "База відпочинку \"Хуторок\"",
        "name:uk": "База відпочинку \"Хуторок\"",
        "tourism": "hotel"
      },
      "geometry": {
        "type": "Point",
        "coordinates": [
          30.4511576,
          46.070263
        ]
      },
      "id": "node/4775039780"
    },
    {
      "type": "Feature",
      "properties": {
        "@id": "node/4777531625",
        "amenity": "restaurant",
        "name": "Шаурма.",
        "name:ru": "Шаурма.",
        "name:uk": "Шаурма."
      },
      "geometry": {
        "type": "Point",
        "coordinates": [
          30.7235587,
          46.3982156
        ]
      },
      "id": "node/4777531625"
    },
    {
      "type": "Feature",
      "properties": {
        "@id": "node/4777531626",
        "amenity": "restaurant",
        "name": "Піцерія Sanapolino",
        "name:ru": "Пиццерия Sanapolino",
        "name:uk": "Піцерія Sanapolino"
      },
      "geometry": {
        "type": "Point",
        "coordinates": [
          30.7234748,
          46.3983152
        ]
      },
      "id": "node/4777531626"
    },
    {
      "type": "Feature",
      "properties": {
        "@id": "node/4784156622",
        "addr:housenumber": "301",
        "addr:street": "Миколаївська дорога",
        "amenity": "cafe",
        "name": "Майстерня Смаку",
        "name:en": "Workshop of Taste",
        "name:ru": "Мастерская Вкуса",
        "name:uk": "Майстерня Смаку"
      },
      "geometry": {
        "type": "Point",
        "coordinates": [
          30.7625205,
          46.5545211
        ]
      },
      "id": "node/4784156622"
    },
    {
      "type": "Feature",
      "properties": {
        "@id": "node/4786831856",
        "amenity": "cafe",
        "name": "Буфет",
        "name:uk": "Буфет"
      },
      "geometry": {
        "type": "Point",
        "coordinates": [
          30.8224979,
          46.6105279
        ]
      },
      "id": "node/4786831856"
    },
    {
      "type": "Feature",
      "properties": {
        "@id": "node/4788286621",
        "amenity": "restaurant",
        "cuisine": "sushi",
        "name": "Суши-бар",
        "name:ru": "Суши-бар",
        "name:uk": "Суші-бар"
      },
      "geometry": {
        "type": "Point",
        "coordinates": [
          30.3392743,
          46.1933027
        ]
      },
      "id": "node/4788286621"
    },
    {
      "type": "Feature",
      "properties": {
        "@id": "node/4789443821",
        "amenity": "restaurant",
        "name": "Grill House",
        "name:en": "Grill House",
        "name:uk": "Grill House",
        "opening_hours": "Mo-Su 10:00-23:00"
      },
      "geometry": {
        "type": "Point",
        "coordinates": [
          30.7314935,
          46.4749003
        ]
      },
      "id": "node/4789443821"
    },
    {
      "type": "Feature",
      "properties": {
        "@id": "node/4796151521",
        "amenity": "cafe",
        "name": "Віктор",
        "name:ru": "Виктор",
        "name:uk": "Віктор"
      },
      "geometry": {
        "type": "Point",
        "coordinates": [
          30.3424336,
          46.1933476
        ]
      },
      "id": "node/4796151521"
    },
    {
      "type": "Feature",
      "properties": {
        "@id": "node/4796171130",
        "amenity": "cafe",
        "brand": "Coffee Time",
        "brand:wikidata": "Q5140932",
        "cuisine": "coffee_shop",
        "name": "Coffee Time",
        "name:uk": "Coffee time",
        "takeaway": "yes"
      },
      "geometry": {
        "type": "Point",
        "coordinates": [
          30.3409786,
          46.1924238
        ]
      },
      "id": "node/4796171130"
    },
    {
      "type": "Feature",
      "properties": {
        "@id": "node/4796171132",
        "amenity": "cafe",
        "name": "Французькі млинці",
        "name:ru": "Французские блинчики",
        "name:uk": "Французькі млинці"
      },
      "geometry": {
        "type": "Point",
        "coordinates": [
          30.3405796,
          46.1923923
        ]
      },
      "id": "node/4796171132"
    },
    {
      "type": "Feature",
      "properties": {
        "@id": "node/4796171133",
        "amenity": "cafe",
        "cuisine": "pizza",
        "name": "Mama Mia pizza",
        "name:uk": "Mama Mia pizza"
      },
      "geometry": {
        "type": "Point",
        "coordinates": [
          30.3409837,
          46.1921405
        ]
      },
      "id": "node/4796171133"
    },
    {
      "type": "Feature",
      "properties": {
        "@id": "node/4796208021",
        "amenity": "cafe",
        "name": "Кекс",
        "name:ru": "Кекс",
        "name:uk": "Кекс"
      },
      "geometry": {
        "type": "Point",
        "coordinates": [
          30.3446427,
          46.1908003
        ]
      },
      "id": "node/4796208021"
    },
    {
      "type": "Feature",
      "properties": {
        "@id": "node/4799379233",
        "tourism": "hotel"
      },
      "geometry": {
        "type": "Point",
        "coordinates": [
          30.1522618,
          45.8285839
        ]
      },
      "id": "node/4799379233"
    },
    {
      "type": "Feature",
      "properties": {
        "@id": "node/4803029321",
        "amenity": "cafe",
        "name": "Бон Чибо",
        "name:ru": "Бон Чибо",
        "name:uk": "Бон Чибо"
      },
      "geometry": {
        "type": "Point",
        "coordinates": [
          30.7306364,
          46.4717213
        ]
      },
      "id": "node/4803029321"
    },
    {
      "type": "Feature",
      "properties": {
        "@id": "node/4806248126",
        "amenity": "cafe",
        "name": "Замок",
        "name:ru": "Замок",
        "name:uk": "Замок",
        "opening_hours": "Mo-Su 08:00-21:00+"
      },
      "geometry": {
        "type": "Point",
        "coordinates": [
          30.3587104,
          46.1975171
        ]
      },
      "id": "node/4806248126"
    },
    {
      "type": "Feature",
      "properties": {
        "@id": "node/4809561525",
        "amenity": "cafe",
        "name": "Романтик",
        "name:ru": "Романтик",
        "name:uk": "Романтик"
      },
      "geometry": {
        "type": "Point",
        "coordinates": [
          30.7375648,
          46.4765924
        ]
      },
      "id": "node/4809561525"
    },
    {
      "type": "Feature",
      "properties": {
        "@id": "node/4809622121",
        "amenity": "cafe",
        "name": "Chicken Company",
        "name:en": "Chicken Company",
        "name:uk": "Chicken Company",
        "opening_hours": "Mo-Su 10:00-23:00"
      },
      "geometry": {
        "type": "Point",
        "coordinates": [
          30.7374839,
          46.4760626
        ]
      },
      "id": "node/4809622121"
    },
    {
      "type": "Feature",
      "properties": {
        "@id": "node/4809702925",
        "amenity": "cafe",
        "name": "Кетрін",
        "name:ru": "Кэтрин",
        "name:uk": "Кетрін"
      },
      "geometry": {
        "type": "Point",
        "coordinates": [
          30.7376324,
          46.4770317
        ]
      },
      "id": "node/4809702925"
    },
    {
      "type": "Feature",
      "properties": {
        "@id": "node/4809739321",
        "amenity": "cafe",
        "name": "Кампанія",
        "name:en": "Campania",
        "name:uk": "Кампанія"
      },
      "geometry": {
        "type": "Point",
        "coordinates": [
          30.7372115,
          46.4799456
        ]
      },
      "id": "node/4809739321"
    },
    {
      "type": "Feature",
      "properties": {
        "@id": "node/4809747023",
        "amenity": "restaurant",
        "name": "Budapest",
        "name:en": "Budapest",
        "name:ru": "Будапешт",
        "name:uk": "Budapest",
        "opening_hours": "Mo-Su 09:00-23:00",
        "wheelchair": "yes"
      },
      "geometry": {
        "type": "Point",
        "coordinates": [
          30.7365183,
          46.4799978
        ]
      },
      "id": "node/4809747023"
    },
    {
      "type": "Feature",
      "properties": {
        "@id": "node/4809767824",
        "amenity": "cafe",
        "cuisine": "coffee_shop",
        "name": "Chicago",
        "name:en": "Chicago",
        "name:uk": "Chicago"
      },
      "geometry": {
        "type": "Point",
        "coordinates": [
          30.7332581,
          46.4773081
        ]
      },
      "id": "node/4809767824"
    },
    {
      "type": "Feature",
      "properties": {
        "@id": "node/4809767826",
        "addr:housenumber": "56",
        "addr:postcode": "65045",
        "addr:street": "Троїцька вулиця",
        "amenity": "cafe",
        "contact:instagram": "wildxsandwich",
        "cuisine": "asian;burger;lebanese;sandwich",
        "diet:vegan": "yes",
        "diet:vegetarian": "yes",
        "internet_access": "wlan",
        "internet_access:fee": "no",
        "internet_access:ssid": "Wild Sandwich",
        "name": "Wild Sandwich",
        "name:en": "Wild Sandwich",
        "name:uk": "Wild Sandwich",
        "opening_hours": "Mo-Su 11:00-21:00",
        "phone": "+380 63 986 9655"
      },
      "geometry": {
        "type": "Point",
        "coordinates": [
          30.732509,
          46.4773589
        ]
      },
      "id": "node/4809767826"
    },
    {
      "type": "Feature",
      "properties": {
        "@id": "node/4809769522",
        "amenity": "cafe",
        "name": "Gatsby",
        "name:en": "Gatsby",
        "name:uk": "Gatsby"
      },
      "geometry": {
        "type": "Point",
        "coordinates": [
          30.7335888,
          46.4770086
        ]
      },
      "id": "node/4809769522"
    },
    {
      "type": "Feature",
      "properties": {
        "@id": "node/4809786537",
        "amenity": "cafe",
        "name": "Top Sandwich",
        "name:en": "Top Sandwich",
        "name:uk": "Top Sandwich"
      },
      "geometry": {
        "type": "Point",
        "coordinates": [
          30.735156,
          46.4696565
        ]
      },
      "id": "node/4809786537"
    },
    {
      "type": "Feature",
      "properties": {
        "@id": "node/4809806823",
        "amenity": "cafe",
        "name": "Чайна симфонія",
        "name:ru": "Чайная симфония",
        "name:uk": "Чайна симфонія",
        "wheelchair": "limited"
      },
      "geometry": {
        "type": "Point",
        "coordinates": [
          30.7340113,
          46.4701261
        ]
      },
      "id": "node/4809806823"
    },
    {
      "type": "Feature",
      "properties": {
        "@id": "node/4809816733",
        "amenity": "cafe",
        "cuisine": "pizza",
        "name": "Maestro",
        "name:en": "Maestro",
        "name:uk": "Maestro"
      },
      "geometry": {
        "type": "Point",
        "coordinates": [
          30.7370346,
          46.4686854
        ]
      },
      "id": "node/4809816733"
    },
    {
      "type": "Feature",
      "properties": {
        "@id": "node/4809826321",
        "amenity": "cafe",
        "name": "Шоколад",
        "name:ru": "Шоколад",
        "name:uk": "Шоколад"
      },
      "geometry": {
        "type": "Point",
        "coordinates": [
          30.7346309,
          46.4697231
        ]
      },
      "id": "node/4809826321"
    },
    {
      "type": "Feature",
      "properties": {
        "@id": "node/4809864625",
        "amenity": "cafe",
        "brand": "Aroma Kava",
        "brand:wikidata": "Q102175745",
        "cuisine": "coffee_shop",
        "name": "Aroma Kava",
        "name:en": "Aroma Kava",
        "name:uk": "Аромат Кава",
        "opening_hours": "Mo-Su 23:00-07:00",
        "takeaway": "yes"
      },
      "geometry": {
        "type": "Point",
        "coordinates": [
          30.7383359,
          46.4670149
        ]
      },
      "id": "node/4809864625"
    },
    {
      "type": "Feature",
      "properties": {
        "@id": "node/4809867923",
        "amenity": "cafe",
        "name": "Ташкент",
        "name:ru": "Ташкент",
        "name:uk": "Ташкент"
      },
      "geometry": {
        "type": "Point",
        "coordinates": [
          30.7373394,
          46.4669164
        ]
      },
      "id": "node/4809867923"
    },
    {
      "type": "Feature",
      "properties": {
        "@id": "node/4815301022",
        "addr:housenumber": "21д",
        "addr:postcode": "68004",
        "addr:street": "вулиця Героїв Сталінграду",
        "amenity": "restaurant",
        "cuisine": "pizza",
        "internet_access": "wlan",
        "name": "Онлайн ресторан Topfood",
        "name:ru": "Онлайн ресторан Topfood",
        "name:uk": "Онлайн ресторан Topfood",
        "phone": "+380 93 460 8554",
        "website": "http://www.topfood.ua"
      },
      "geometry": {
        "type": "Point",
        "coordinates": [
          30.6417976,
          46.2993418
        ]
      },
      "id": "node/4815301022"
    },
    {
      "type": "Feature",
      "properties": {
        "@id": "node/4825592423",
        "amenity": "cafe",
        "name": "Лепешка",
        "name:ru": "Лепешка",
        "name:uk": "Лепешка"
      },
      "geometry": {
        "type": "Point",
        "coordinates": [
          30.7320351,
          46.4783608
        ]
      },
      "id": "node/4825592423"
    },
    {
      "type": "Feature",
      "properties": {
        "@id": "node/4836969821",
        "addr:housenumber": "70а",
        "addr:street": "Лазурна вулиця",
        "internet_access": "wlan",
        "internet_access:fee": "no",
        "name": "Міні-готель Лілія",
        "name:en": "mini-hotel Liliya",
        "name:ru": "мини-отель Лилия",
        "name:uk": "Міні-готель Лілія",
        "opening_hours": "May 1-Sep 30:Mo-Su 7:00-23:59",
        "phone": "+380 97 259 9715",
        "tourism": "hotel",
        "website": "https://instagram.com/minihotelliliya/",
        "wheelchair": "yes"
      },
      "geometry": {
        "type": "Point",
        "coordinates": [
          30.4802682,
          46.0844532
        ]
      },
      "id": "node/4836969821"
    },
    {
      "type": "Feature",
      "properties": {
        "@id": "node/4839322003",
        "amenity": "restaurant",
        "cuisine": "regional",
        "name": "Пальма",
        "name:uk": "Пальма"
      },
      "geometry": {
        "type": "Point",
        "coordinates": [
          30.764033,
          46.4710506
        ]
      },
      "id": "node/4839322003"
    },
    {
      "type": "Feature",
      "properties": {
        "@id": "node/4849038821",
        "amenity": "cafe",
        "name": "Дом Кофе",
        "name:ru": "Дом Кофе",
        "name:uk": "Дом Кофе",
        "opening_hours": "Mo-Su 10:00-19:00"
      },
      "geometry": {
        "type": "Point",
        "coordinates": [
          30.7354076,
          46.4891782
        ]
      },
      "id": "node/4849038821"
    },
    {
      "type": "Feature",
      "properties": {
        "@id": "node/4862298422",
        "amenity": "cafe",
        "name": "Панорама",
        "name:en": "Panorama",
        "name:ru": "Панорама",
        "name:uk": "Панорама"
      },
      "geometry": {
        "type": "Point",
        "coordinates": [
          30.8033384,
          46.5828487
        ]
      },
      "id": "node/4862298422"
    },
    {
      "type": "Feature",
      "properties": {
        "@id": "node/4873540338",
        "tourism": "hotel"
      },
      "geometry": {
        "type": "Point",
        "coordinates": [
          29.6259726,
          47.9416464
        ]
      },
      "id": "node/4873540338"
    },
    {
      "type": "Feature",
      "properties": {
        "@id": "node/4873540339",
        "tourism": "hotel"
      },
      "geometry": {
        "type": "Point",
        "coordinates": [
          29.6268884,
          47.935415
        ]
      },
      "id": "node/4873540339"
    },
    {
      "type": "Feature",
      "properties": {
        "@id": "node/4892581324",
        "addr:housenumber": "23",
        "addr:street": "вулиця Островського",
        "amenity": "cafe",
        "internet_access": "wlan",
        "name": "OffShore",
        "name:ru": "OffShore",
        "name:uk": "OffShore"
      },
      "geometry": {
        "type": "Point",
        "coordinates": [
          28.28793,
          45.4481648
        ]
      },
      "id": "node/4892581324"
    },
    {
      "type": "Feature",
      "properties": {
        "@id": "node/4916056822",
        "addr:housenumber": "135",
        "addr:street": "Фонтанська дорога",
        "email": "dgoyman@mail.ua",
        "internet_access": "wlan",
        "name": "Апарт-готель \"Гостинний двір\"",
        "name:ru": "Апарт-отель \"Гостиный двор\"",
        "name:uk": "Апарт-готель \"Гостинний двір\"",
        "phone": "+380 66 903 2583",
        "tourism": "hotel",
        "website": "https://fontan135.weebly.com/"
      },
      "geometry": {
        "type": "Point",
        "coordinates": [
          30.754075,
          46.4117786
        ]
      },
      "id": "node/4916056822"
    },
    {
      "type": "Feature",
      "properties": {
        "@id": "node/4922142122",
        "addr:housenumber": "624",
        "addr:postcode": "67772",
        "addr:street": "Солнечная улица",
        "email": "zatoka_lyubavushka@gmail.com",
        "internet_access": "wlan",
        "name": "Міні-готель \"Любавушка\"",
        "name:en": "Lyubavushka",
        "name:ru": "Мини-отель \"Любавушка\"",
        "name:uk": "Міні-готель \"Любавушка\"",
        "opening_hours": "24/7",
        "operator": "Игорь",
        "phone": "+380 50 505 0905",
        "tourism": "hotel",
        "website": "http://vk.com/zatoka_lyubavushka"
      },
      "geometry": {
        "type": "Point",
        "coordinates": [
          30.4886059,
          46.0973373
        ]
      },
      "id": "node/4922142122"
    },
    {
      "type": "Feature",
      "properties": {
        "@id": "node/4927402622",
        "addr:postcode": "65074",
        "amenity": "cafe",
        "cuisine": "beef_bowl;chinese;coffee_shop;japanese;soba;sushi",
        "email": "sushiwokodessa@mail.ru",
        "internet_access": "wlan",
        "name": "Суши Wok",
        "name:en": "BUDUSUSHI",
        "name:ru": "BUDUSUSHI",
        "name:uk": "BUDUSUSHI",
        "opening_hours": "Mo-Su 11:00-23:00",
        "phone": "+380 48 700 4646",
        "website": "http://BUDUSUSHI.UA"
      },
      "geometry": {
        "type": "Point",
        "coordinates": [
          30.7093101,
          46.4403801
        ]
      },
      "id": "node/4927402622"
    },
    {
      "type": "Feature",
      "properties": {
        "@id": "node/4927445623",
        "addr:housenumber": "56",
        "addr:postcode": "65059",
        "addr:street": "Люстдорфська дорога",
        "amenity": "cafe",
        "cuisine": "beef_bowl;chinese;coffee_shop;soba;sushi",
        "email": "budusushi@gmail.com",
        "internet_access": "wlan",
        "name": "Суши Wok",
        "name:en": "BUDUSUSHI",
        "name:ru": "BUDUSUSHI",
        "name:uk": "BUDUSUSHI",
        "opening_hours": "Mo-Su 11:00-23:00",
        "phone": "+380 48 700 4646",
        "website": "http://BUDUSUSHI.UA"
      },
      "geometry": {
        "type": "Point",
        "coordinates": [
          30.7266821,
          46.4349717
        ]
      },
      "id": "node/4927445623"
    },
    {
      "type": "Feature",
      "properties": {
        "@id": "node/4927445721",
        "addr:postcode": "65110",
        "amenity": "cafe",
        "cuisine": "sushi;soba;beef_bowl;coffee_shop;chinese",
        "email": "sushiwokodessa@mail.ru",
        "internet_access": "wlan",
        "name": "Суши Wok",
        "name:en": "Sushi Wok",
        "name:ru": "Суши Wok",
        "name:uk": "Суши Wok",
        "opening_hours": "Mo-Su 10:00-23:00",
        "phone": "+380 48 700 4646",
        "website": "https://sushiwok.ua/ode/"
      },
      "geometry": {
        "type": "Point",
        "coordinates": [
          30.7124913,
          46.4911022
        ]
      },
      "id": "node/4927445721"
    },
    {
      "type": "Feature",
      "properties": {
        "@id": "node/4930298321",
        "amenity": "cafe",
        "name": "Hатко",
        "name:uk": "Hатко",
        "opening_hours": "Mo-Su 06:00-02:00"
      },
      "geometry": {
        "type": "Point",
        "coordinates": [
          30.2965466,
          47.8420409
        ]
      },
      "id": "node/4930298321"
    },
    {
      "type": "Feature",
      "properties": {
        "@id": "node/4936536992",
        "amenity": "restaurant",
        "name": "Українські страви",
        "name:uk": "Українські страви"
      },
      "geometry": {
        "type": "Point",
        "coordinates": [
          30.7314641,
          46.4696125
        ]
      },
      "id": "node/4936536992"
    },
    {
      "type": "Feature",
      "properties": {
        "@id": "node/4941018722",
        "addr:housenumber": "58",
        "addr:street": "Южанка",
        "email": "white.house.zatoka@gmail.com",
        "internet_access": "wlan",
        "name": "Білий будинок",
        "name:en": "White House",
        "name:uk": "Білий будинок",
        "opening_hours": "Mo-Su 10:00-22:00",
        "operator": "Светлана",
        "phone": "+380 67 730 6163",
        "tourism": "hotel"
      },
      "geometry": {
        "type": "Point",
        "coordinates": [
          30.4764864,
          46.0787384
        ]
      },
      "id": "node/4941018722"
    },
    {
      "type": "Feature",
      "properties": {
        "@id": "node/4941506621",
        "amenity": "cafe",
        "internet_access": "wlan",
        "name": "Чайка",
        "name:en": "Chaika",
        "name:ru": "Чайка",
        "name:uk": "Чайка",
        "opening_hours": "Mo-Su 08:00-22:00"
      },
      "geometry": {
        "type": "Point",
        "coordinates": [
          30.4871689,
          46.0942607
        ]
      },
      "id": "node/4941506621"
    },
    {
      "type": "Feature",
      "properties": {
        "@id": "node/4941506622",
        "amenity": "cafe",
        "internet_access": "wlan",
        "name": "Веранда",
        "name:en": "Veranda",
        "name:ru": "Веранда",
        "name:uk": "Веранда",
        "opening_hours": "Mo-Su 08:00-22:00"
      },
      "geometry": {
        "type": "Point",
        "coordinates": [
          30.4812806,
          46.0857643
        ]
      },
      "id": "node/4941506622"
    },
    {
      "type": "Feature",
      "properties": {
        "@id": "node/4941506721",
        "amenity": "cafe",
        "internet_access": "wlan",
        "name": "Міні",
        "name:en": "Mini",
        "name:ru": "Мини",
        "name:uk": "Міні",
        "opening_hours": "Mo-Su 08:00-23:00"
      },
      "geometry": {
        "type": "Point",
        "coordinates": [
          30.4822761,
          46.0853845
        ]
      },
      "id": "node/4941506721"
    },
    {
      "type": "Feature",
      "properties": {
        "@id": "node/4942783121",
        "addr:street": "Лазурна вулиця",
        "amenity": "cafe",
        "cuisine": "breakfast;local;grill",
        "internet_access": "wlan",
        "name": "Прибій",
        "name:ru": "Прибой",
        "name:uk": "Прибій",
        "opening_hours": "Mo-Su 09:00-00:00"
      },
      "geometry": {
        "type": "Point",
        "coordinates": [
          30.4842762,
          46.0912042
        ]
      },
      "id": "node/4942783121"
    },
    {
      "type": "Feature",
      "properties": {
        "@id": "node/4950547721",
        "amenity": "restaurant",
        "name": "ЧаЧа",
        "name:en": "ChaCha",
        "name:uk": "ЧаЧа",
        "opening_hours": "Mo-Su 11:00-23:00"
      },
      "geometry": {
        "type": "Point",
        "coordinates": [
          30.7552531,
          46.4718629
        ]
      },
      "id": "node/4950547721"
    },
    {
      "type": "Feature",
      "properties": {
        "@id": "node/4956143859",
        "amenity": "cafe",
        "name": "Арина",
        "name:uk": "Арина"
      },
      "geometry": {
        "type": "Point",
        "coordinates": [
          30.7670383,
          46.4283655
        ]
      },
      "id": "node/4956143859"
    },
    {
      "type": "Feature",
      "properties": {
        "@id": "node/4962419197",
        "amenity": "restaurant",
        "name": "Їдальня поліклініки санаторія \"Куяльник\"",
        "name:ru": "Столовая поликлиники санатория \"Куяльник\"",
        "name:uk": "Їдальня поліклініки санаторія \"Куяльник\""
      },
      "geometry": {
        "type": "Point",
        "coordinates": [
          30.7282917,
          46.5585284
        ]
      },
      "id": "node/4962419197"
    },
    {
      "type": "Feature",
      "properties": {
        "@id": "node/4966116621",
        "amenity": "cafe",
        "name": "Ч/п Залівський В",
        "name:ru": "ч/п Залевский В",
        "name:uk": "Ч/п Залівський В"
      },
      "geometry": {
        "type": "Point",
        "coordinates": [
          29.4767535,
          47.5308032
        ]
      },
      "id": "node/4966116621"
    },
    {
      "type": "Feature",
      "properties": {
        "@id": "node/4971232421",
        "name": "Міні-готель \"Море\"",
        "name:en": "mini-hotel \"Sea\"",
        "name:ru": "мини-гостиница \"Море\"",
        "name:uk": "Міні-готель \"Море\"",
        "opening_hours": "24/7",
        "tourism": "hotel"
      },
      "geometry": {
        "type": "Point",
        "coordinates": [
          30.3874748,
          46.0112332
        ]
      },
      "id": "node/4971232421"
    },
    {
      "type": "Feature",
      "properties": {
        "@id": "node/4973964321",
        "addr:housenumber": "2",
        "addr:postcode": "65102",
        "addr:street": "переулок Векслера",
        "amenity": "restaurant",
        "cuisine": "coffee_shop;local;seafood;pasta;pizza;sushi;breakfast;grill",
        "email": "nnn.com777@gmail.com",
        "internet_access": "wlan",
        "name": "Альтанка",
        "name:ru": "Беседка",
        "name:uk": "Альтанка",
        "opening_hours": "Su-Th 11:00-01:30; Fr 11:00-02:00; Sa 11:00-02:30",
        "phone": "+380 63 013 6884"
      },
      "geometry": {
        "type": "Point",
        "coordinates": [
          30.7539584,
          46.546873
        ]
      },
      "id": "node/4973964321"
    },
    {
      "type": "Feature",
      "properties": {
        "@id": "node/4986677221",
        "addr:street": "Приморська вулиця",
        "internet_access": "wlan",
        "name": "Чорноморський",
        "name:en": "Chernomorsky",
        "name:ru": "Черноморский",
        "name:uk": "Чорноморський",
        "phone": "+380 97 324 3951",
        "tourism": "hotel"
      },
      "geometry": {
        "type": "Point",
        "coordinates": [
          30.4159743,
          46.0361267
        ]
      },
      "id": "node/4986677221"
    },
    {
      "type": "Feature",
      "properties": {
        "@id": "node/4987099523",
        "amenity": "cafe",
        "cuisine": "american;italian",
        "internet_access": "wlan",
        "name": "Хата Гриль",
        "name:ru": "Hata Grill",
        "name:uk": "Хата Гриль"
      },
      "geometry": {
        "type": "Point",
        "coordinates": [
          30.4195836,
          46.0387255
        ]
      },
      "id": "node/4987099523"
    },
    {
      "type": "Feature",
      "properties": {
        "@id": "node/4997596401",
        "addr:housenumber": "1/2",
        "addr:postcode": "65058",
        "addr:street": "вулиця Добровольців",
        "amenity": "cafe",
        "name": "Сулико",
        "name:en": "Suliko",
        "name:uk": "Сулико",
        "opening_hours": "Mo-Su 10:00-22:00",
        "outdoor_seating": "no"
      },
      "geometry": {
        "type": "Point",
        "coordinates": [
          30.7458769,
          46.4516175
        ]
      },
      "id": "node/4997596401"
    },
    {
      "type": "Feature",
      "properties": {
        "@id": "node/5006512122",
        "amenity": "cafe",
        "name": "Large Plate",
        "name:uk": "Large Plate"
      },
      "geometry": {
        "type": "Point",
        "coordinates": [
          30.2983847,
          45.9365305
        ]
      },
      "id": "node/5006512122"
    },
    {
      "type": "Feature",
      "properties": {
        "@id": "node/5014286047",
        "amenity": "cafe",
        "name": "Смак",
        "name:uk": "Смак"
      },
      "geometry": {
        "type": "Point",
        "coordinates": [
          30.3410203,
          46.1941238
        ]
      },
      "id": "node/5014286047"
    },
    {
      "type": "Feature",
      "properties": {
        "@id": "node/5016006726",
        "amenity": "cafe",
        "cuisine": "american;breakfast",
        "internet_access": "wlan",
        "name": "Whoopie",
        "name:uk": "Whoopie",
        "opening_hours": "Mo-Fr 8:30-22:00;Sa-Su 9:00-22:00",
        "phone": "+380 68 905 3049",
        "website": "https://facebook.com/whoopieodessa"
      },
      "geometry": {
        "type": "Point",
        "coordinates": [
          30.7423967,
          46.4777928
        ]
      },
      "id": "node/5016006726"
    },
    {
      "type": "Feature",
      "properties": {
        "@id": "node/5026302521",
        "addr:housenumber": "5",
        "addr:street": "Європейська площа",
        "amenity": "cafe",
        "name": "Restoran Dizyngoff",
        "name:en": "Dizyngoff",
        "name:ru": "Дизунгов",
        "name:uk": "Restoran Dizyngoff"
      },
      "geometry": {
        "type": "Point",
        "coordinates": [
          30.7396367,
          46.4870555
        ]
      },
      "id": "node/5026302521"
    },
    {
      "type": "Feature",
      "properties": {
        "@id": "node/5028698213",
        "amenity": "cafe",
        "name": "Мандарин",
        "name:uk": "Мандарин"
      },
      "geometry": {
        "type": "Point",
        "coordinates": [
          30.3466201,
          46.1966005
        ]
      },
      "id": "node/5028698213"
    },
    {
      "type": "Feature",
      "properties": {
        "@id": "node/5028698220",
        "amenity": "cafe",
        "name": "Фієста",
        "name:ru": "Фиеста",
        "name:uk": "Фієста"
      },
      "geometry": {
        "type": "Point",
        "coordinates": [
          30.3494183,
          46.1958408
        ]
      },
      "id": "node/5028698220"
    },
    {
      "type": "Feature",
      "properties": {
        "@id": "node/5028698433",
        "amenity": "cafe",
        "outdoor_seating": "yes"
      },
      "geometry": {
        "type": "Point",
        "coordinates": [
          30.351789,
          46.1910809
        ]
      },
      "id": "node/5028698433"
    },
    {
      "type": "Feature",
      "properties": {
        "@id": "node/5032399421",
        "amenity": "cafe",
        "name": "WOG кафе",
        "name:en": "WOG cafe",
        "name:ru": "вог кафе",
        "name:uk": "WOG кафе"
      },
      "geometry": {
        "type": "Point",
        "coordinates": [
          30.6099749,
          46.5282488
        ]
      },
      "id": "node/5032399421"
    },
    {
      "type": "Feature",
      "properties": {
        "@id": "node/5032818230",
        "tourism": "hotel"
      },
      "geometry": {
        "type": "Point",
        "coordinates": [
          30.7491249,
          46.4173321
        ]
      },
      "id": "node/5032818230"
    },
    {
      "type": "Feature",
      "properties": {
        "@id": "node/5034660025",
        "amenity": "cafe",
        "name": "Молдовський дворик",
        "name:ru": "Молдавский дворик",
        "name:uk": "Молдовський дворик"
      },
      "geometry": {
        "type": "Point",
        "coordinates": [
          30.3397437,
          46.1934859
        ]
      },
      "id": "node/5034660025"
    },
    {
      "type": "Feature",
      "properties": {
        "@id": "node/5035629438",
        "amenity": "cafe"
      },
      "geometry": {
        "type": "Point",
        "coordinates": [
          30.3404908,
          46.1922607
        ]
      },
      "id": "node/5035629438"
    },
    {
      "type": "Feature",
      "properties": {
        "@id": "node/5037550723",
        "amenity": "restaurant",
        "name": "ЮГ",
        "name:ru": "ЮГ",
        "name:uk": "ЮГ"
      },
      "geometry": {
        "type": "Point",
        "coordinates": [
          28.2787033,
          45.4546629
        ]
      },
      "id": "node/5037550723"
    },
    {
      "type": "Feature",
      "properties": {
        "@id": "node/5041770920",
        "addr:housenumber": "9/1",
        "addr:street": "Аркадіївський провулок",
        "amenity": "cafe",
        "internet_access": "yes",
        "name": "Бекерай SDOBA",
        "name:uk": "Бекерай SDOBA",
        "opening_hours": "Mo-Su 08:00-21:00",
        "outdoor_seating": "no"
      },
      "geometry": {
        "type": "Point",
        "coordinates": [
          30.7573787,
          46.4265376
        ]
      },
      "id": "node/5041770920"
    },
    {
      "type": "Feature",
      "properties": {
        "@id": "node/5043005774",
        "amenity": "cafe",
        "internet_access": "wlan",
        "name": "Морська чайка",
        "name:uk": "Морська чайка"
      },
      "geometry": {
        "type": "Point",
        "coordinates": [
          30.2940864,
          45.9293517
        ]
      },
      "id": "node/5043005774"
    },
    {
      "type": "Feature",
      "properties": {
        "@id": "node/5043005808",
        "amenity": "cafe",
        "name": "Кафе-їдальня",
        "name:uk": "Кафе-їдальня"
      },
      "geometry": {
        "type": "Point",
        "coordinates": [
          30.3096627,
          45.944784
        ]
      },
      "id": "node/5043005808"
    },
    {
      "type": "Feature",
      "properties": {
        "@id": "node/5043008934",
        "amenity": "cafe",
        "name": "Їдальня",
        "name:uk": "Їдальня"
      },
      "geometry": {
        "type": "Point",
        "coordinates": [
          30.311079,
          45.9458888
        ]
      },
      "id": "node/5043008934"
    },
    {
      "type": "Feature",
      "properties": {
        "@id": "node/5043983121",
        "addr:postcode": "65490",
        "air_conditioning": "yes",
        "amenity": "restaurant",
        "bar": "yes",
        "cuisine": "regional;pizza;italian;international;seafood",
        "delivery": "yes",
        "name": "Family",
        "name:en": "Family",
        "name:ru": "Фэмили",
        "name:uk": "Фемілі",
        "outdoor_seating": "yes",
        "phone": "+380 67 011 0191",
        "takeaway": "yes"
      },
      "geometry": {
        "type": "Point",
        "coordinates": [
          30.3247051,
          46.504434
        ]
      },
      "id": "node/5043983121"
    },
    {
      "type": "Feature",
      "properties": {
        "@id": "node/5043983137",
        "amenity": "restaurant",
        "name": "Міланж",
        "name:en": "Milang",
        "name:ru": "Миланж",
        "name:uk": "Міланж"
      },
      "geometry": {
        "type": "Point",
        "coordinates": [
          30.3201008,
          46.5062454
        ]
      },
      "id": "node/5043983137"
    },
    {
      "type": "Feature",
      "properties": {
        "@id": "node/5050361723",
        "addr:housenumber": "23",
        "addr:street": "Маячна",
        "name": "База у тітки Віри",
        "name:ru": "База у тетки Веры",
        "name:uk": "База у тітки Віри",
        "tourism": "hotel"
      },
      "geometry": {
        "type": "Point",
        "coordinates": [
          30.6119809,
          46.2333957
        ]
      },
      "id": "node/5050361723"
    },
    {
      "type": "Feature",
      "properties": {
        "@id": "node/5060442721",
        "amenity": "cafe",
        "name": "Прованс",
        "name:uk": "Прованс"
      },
      "geometry": {
        "type": "Point",
        "coordinates": [
          30.7825106,
          46.588659
        ]
      },
      "id": "node/5060442721"
    },
    {
      "type": "Feature",
      "properties": {
        "@id": "node/5064472422",
        "amenity": "cafe",
        "cuisine": "cake;coffee_shop",
        "name": "Катя Кейк",
        "name:en": "Katia Cake",
        "name:ru": "Катя Кейк",
        "name:uk": "Катя Кейк"
      },
      "geometry": {
        "type": "Point",
        "coordinates": [
          30.7265581,
          46.517844
        ]
      },
      "id": "node/5064472422"
    },
    {
      "type": "Feature",
      "properties": {
        "@id": "node/5066587212",
        "name": "Чорне море",
        "name:uk": "Чорне море",
        "tourism": "hotel"
      },
      "geometry": {
        "type": "Point",
        "coordinates": [
          30.5642883,
          46.16776
        ]
      },
      "id": "node/5066587212"
    },
    {
      "type": "Feature",
      "properties": {
        "@id": "node/5066587359",
        "name": "Влад",
        "name:uk": "Влад",
        "tourism": "hotel"
      },
      "geometry": {
        "type": "Point",
        "coordinates": [
          30.5477166,
          46.1570433
        ]
      },
      "id": "node/5066587359"
    },
    {
      "type": "Feature",
      "properties": {
        "@id": "node/5066587360",
        "amenity": "cafe",
        "name": "Влад",
        "name:uk": "Влад"
      },
      "geometry": {
        "type": "Point",
        "coordinates": [
          30.5477081,
          46.1569491
        ]
      },
      "id": "node/5066587360"
    },
    {
      "type": "Feature",
      "properties": {
        "@id": "node/5071072522",
        "addr:street": "Пролетарська вулиця",
        "name": "Light House",
        "name:ru": "Light House",
        "name:uk": "Light House",
        "tourism": "hotel"
      },
      "geometry": {
        "type": "Point",
        "coordinates": [
          28.2775117,
          45.4544891
        ]
      },
      "id": "node/5071072522"
    },
    {
      "type": "Feature",
      "properties": {
        "@id": "node/5071079524",
        "amenity": "cafe",
        "name": "Лайт Кафе",
        "name:en": "Light Cafe",
        "name:ru": "Лайт Кафе",
        "name:uk": "Лайт Кафе"
      },
      "geometry": {
        "type": "Point",
        "coordinates": [
          28.2834964,
          45.4519307
        ]
      },
      "id": "node/5071079524"
    },
    {
      "type": "Feature",
      "properties": {
        "@id": "node/5071081623",
        "name": "Колибри",
        "name:ru": "Колибри",
        "name:uk": "Колібрі",
        "tourism": "hotel"
      },
      "geometry": {
        "type": "Point",
        "coordinates": [
          28.2847954,
          45.4533524
        ]
      },
      "id": "node/5071081623"
    },
    {
      "type": "Feature",
      "properties": {
        "@id": "node/5071081722",
        "amenity": "cafe",
        "name": "Ностальжи",
        "name:ru": "Ностальжи",
        "name:uk": "Ностальжи"
      },
      "geometry": {
        "type": "Point",
        "coordinates": [
          28.2804323,
          45.4536703
        ]
      },
      "id": "node/5071081722"
    },
    {
      "type": "Feature",
      "properties": {
        "@id": "node/5071470577",
        "amenity": "cafe"
      },
      "geometry": {
        "type": "Point",
        "coordinates": [
          28.2293217,
          45.4819945
        ]
      },
      "id": "node/5071470577"
    },
    {
      "type": "Feature",
      "properties": {
        "@id": "node/5075239402",
        "amenity": "cafe"
      },
      "geometry": {
        "type": "Point",
        "coordinates": [
          30.3503023,
          46.2000267
        ]
      },
      "id": "node/5075239402"
    },
    {
      "type": "Feature",
      "properties": {
        "@id": "node/5075239411",
        "amenity": "cafe"
      },
      "geometry": {
        "type": "Point",
        "coordinates": [
          30.3504409,
          46.2003141
        ]
      },
      "id": "node/5075239411"
    },
    {
      "type": "Feature",
      "properties": {
        "@id": "node/5075240336",
        "amenity": "cafe",
        "cuisine": "medieval",
        "description": "Середньовічна кухня",
        "name": "Корчма",
        "name:uk": "Корчма",
        "outdoor_seating": "yes"
      },
      "geometry": {
        "type": "Point",
        "coordinates": [
          30.3489842,
          46.2004317
        ]
      },
      "id": "node/5075240336"
    },
    {
      "type": "Feature",
      "properties": {
        "@id": "node/5077398021",
        "amenity": "cafe",
        "name": "Чашка",
        "name:uk": "Чашка",
        "opening_hours": "Mo-Fr 08:30-19:30; Sa-Su 09:30-18:30"
      },
      "geometry": {
        "type": "Point",
        "coordinates": [
          30.7490812,
          46.4793035
        ]
      },
      "id": "node/5077398021"
    },
    {
      "type": "Feature",
      "properties": {
        "@id": "node/5077398023",
        "amenity": "cafe",
        "name": "Шоколадний будинок",
        "name:en": "Shokoladnyi Dom",
        "name:ru": "Шоколадный дом",
        "name:uk": "Шоколадний будинок",
        "opening_hours": "Mo-Su 09:00-20:00"
      },
      "geometry": {
        "type": "Point",
        "coordinates": [
          30.7497678,
          46.4792707
        ]
      },
      "id": "node/5077398023"
    },
    {
      "type": "Feature",
      "properties": {
        "@id": "node/5078593224",
        "amenity": "cafe"
      },
      "geometry": {
        "type": "Point",
        "coordinates": [
          30.7232163,
          46.4763257
        ]
      },
      "id": "node/5078593224"
    },
    {
      "type": "Feature",
      "properties": {
        "@id": "node/5090399922",
        "addr:housenumber": "28",
        "addr:street": "Приморська вулиця",
        "internet_access": "wlan",
        "name": "ФОРОМ",
        "name:en": "FOROOM",
        "name:uk": "ФОРОМ",
        "tourism": "hotel"
      },
      "geometry": {
        "type": "Point",
        "coordinates": [
          30.4551934,
          46.0662913
        ]
      },
      "id": "node/5090399922"
    },
    {
      "type": "Feature",
      "properties": {
        "@id": "node/5095102724",
        "amenity": "cafe",
        "name": "В кругу друзей",
        "name:ru": "В кругу друзей",
        "name:uk": "В кругу друзей"
      },
      "geometry": {
        "type": "Point",
        "coordinates": [
          30.7993495,
          46.5846841
        ]
      },
      "id": "node/5095102724"
    },
    {
      "type": "Feature",
      "properties": {
        "@id": "node/5100099929",
        "amenity": "cafe",
        "name": "Pomodoro",
        "name:en": "Pomodoro",
        "name:uk": "Pomodoro"
      },
      "geometry": {
        "type": "Point",
        "coordinates": [
          30.766036,
          46.4285315
        ]
      },
      "id": "node/5100099929"
    },
    {
      "type": "Feature",
      "properties": {
        "@id": "node/5101187228",
        "amenity": "cafe",
        "cuisine": "coffee_shop",
        "name": "RedCaf",
        "name:en": "RedCaf",
        "name:uk": "RedCaf",
        "wheelchair": "limited"
      },
      "geometry": {
        "type": "Point",
        "coordinates": [
          30.7429088,
          46.4707864
        ]
      },
      "id": "node/5101187228"
    },
    {
      "type": "Feature",
      "properties": {
        "@id": "node/5101215623",
        "amenity": "restaurant",
        "name": "МарМара",
        "name:en": "MarMara",
        "name:uk": "МарМара"
      },
      "geometry": {
        "type": "Point",
        "coordinates": [
          30.7445943,
          46.4709719
        ]
      },
      "id": "node/5101215623"
    },
    {
      "type": "Feature",
      "properties": {
        "@id": "node/5101648640",
        "internet_access": "wlan",
        "name": "Прибій",
        "name:ru": "Прибой",
        "name:uk": "Прибій",
        "tourism": "hotel"
      },
      "geometry": {
        "type": "Point",
        "coordinates": [
          30.4438132,
          46.0566882
        ]
      },
      "id": "node/5101648640"
    },
    {
      "type": "Feature",
      "properties": {
        "@id": "node/5101648641",
        "internet_access": "wlan",
        "name": "Бригантина",
        "name:ru": "Бригантина",
        "name:uk": "Бригантина",
        "tourism": "hotel"
      },
      "geometry": {
        "type": "Point",
        "coordinates": [
          30.4432447,
          46.0561137
        ]
      },
      "id": "node/5101648641"
    },
    {
      "type": "Feature",
      "properties": {
        "@id": "node/5117348221",
        "tourism": "hotel"
      },
      "geometry": {
        "type": "Point",
        "coordinates": [
          30.6893025,
          46.3348246
        ]
      },
      "id": "node/5117348221"
    },
    {
      "type": "Feature",
      "properties": {
        "@id": "node/5132377323",
        "tourism": "hotel"
      },
      "geometry": {
        "type": "Point",
        "coordinates": [
          30.5195015,
          46.1312912
        ]
      },
      "id": "node/5132377323"
    },
    {
      "type": "Feature",
      "properties": {
        "@id": "node/5134007479",
        "historic": "monument"
      },
      "geometry": {
        "type": "Point",
        "coordinates": [
          29.4880537,
          45.4616552
        ]
      },
      "id": "node/5134007479"
    },
    {
      "type": "Feature",
      "properties": {
        "@id": "node/5137663351",
        "artwork_type": "sculpture",
        "historic": "monument",
        "name": "Атланти",
        "name:en": "Atlas",
        "name:uk": "Атланти",
        "tourism": "artwork",
        "wikidata": "Q331327",
        "wikipedia": "uk:Теламон"
      },
      "geometry": {
        "type": "Point",
        "coordinates": [
          30.7356939,
          46.489734
        ]
      },
      "id": "node/5137663351"
    },
    {
      "type": "Feature",
      "properties": {
        "@id": "node/5142443123",
        "amenity": "cafe",
        "name": "Кафе",
        "name:uk": "Кафе"
      },
      "geometry": {
        "type": "Point",
        "coordinates": [
          30.3857659,
          46.1296814
        ]
      },
      "id": "node/5142443123"
    },
    {
      "type": "Feature",
      "properties": {
        "@id": "node/5169901021",
        "addr:street": "Зелена вулиця",
        "amenity": "cafe",
        "cuisine": "burger;sushi;pizza;coffee_shop",
        "internet_access": "wlan",
        "name": "Евріка",
        "name:uk": "Евріка",
        "opening_hours": "Mo-Su 11:00-23:00",
        "phone": "+380 73 793 1807",
        "website": "https://vk.com/eurika_nati"
      },
      "geometry": {
        "type": "Point",
        "coordinates": [
          30.6487512,
          46.5542581
        ]
      },
      "id": "node/5169901021"
    },
    {
      "type": "Feature",
      "properties": {
        "@id": "node/5180749621",
        "amenity": "restaurant",
        "name": "Арсенал",
        "name:ru": "Арсенал",
        "name:uk": "Арсенал",
        "opening_hours": "Mo-Fr 13:00-24:00; Sa,Su 11:00-24:00"
      },
      "geometry": {
        "type": "Point",
        "coordinates": [
          30.6504267,
          46.294473
        ]
      },
      "id": "node/5180749621"
    },
    {
      "type": "Feature",
      "properties": {
        "@id": "node/5181647492",
        "amenity": "cafe",
        "name": "Маяк",
        "name:uk": "Маяк"
      },
      "geometry": {
        "type": "Point",
        "coordinates": [
          30.7242349,
          46.4885207
        ]
      },
      "id": "node/5181647492"
    },
    {
      "type": "Feature",
      "properties": {
        "@id": "node/5181647493",
        "amenity": "cafe",
        "cuisine": "regional"
      },
      "geometry": {
        "type": "Point",
        "coordinates": [
          30.7245205,
          46.4881292
        ]
      },
      "id": "node/5181647493"
    },
    {
      "type": "Feature",
      "properties": {
        "@id": "node/5202802442",
        "amenity": "cafe",
        "cuisine": "burger;закуски;regional",
        "description": "Спиртное, закуски, макароны, тушенка, чай, кофе, квас",
        "internet_access": "no",
        "name": "Ригалівка",
        "name:ru": "Наливайка",
        "name:uk": "Ригалівка",
        "outdoor_seating": "yes"
      },
      "geometry": {
        "type": "Point",
        "coordinates": [
          30.6289252,
          46.3344591
        ]
      },
      "id": "node/5202802442"
    },
    {
      "type": "Feature",
      "properties": {
        "@id": "node/5202972429",
        "amenity": "cafe"
      },
      "geometry": {
        "type": "Point",
        "coordinates": [
          30.6728498,
          46.4791197
        ]
      },
      "id": "node/5202972429"
    },
    {
      "type": "Feature",
      "properties": {
        "@id": "node/5205081586",
        "addr:housenumber": "30",
        "addr:postcode": "65082",
        "addr:street": "вулиця Ніни Строкатої",
        "amenity": "restaurant",
        "cuisine": "georgean",
        "name": "Хінкальня",
        "name:uk": "Хінкальня"
      },
      "geometry": {
        "type": "Point",
        "coordinates": [
          30.7362351,
          46.4815084
        ]
      },
      "id": "node/5205081586"
    },
    {
      "type": "Feature",
      "properties": {
        "@id": "node/5214303024",
        "amenity": "restaurant",
        "cuisine": "regional",
        "internet_access": "wlan",
        "name": "Трюм",
        "name:en": "Trum",
        "name:uk": "Трюм",
        "opening_hours": "24/7",
        "phone": "+380 48 777 8886"
      },
      "geometry": {
        "type": "Point",
        "coordinates": [
          30.751363,
          46.4745033
        ]
      },
      "id": "node/5214303024"
    },
    {
      "type": "Feature",
      "properties": {
        "@id": "node/5237850192",
        "amenity": "cafe",
        "name": "Їдальня",
        "name:uk": "Їдальня"
      },
      "geometry": {
        "type": "Point",
        "coordinates": [
          30.7157564,
          46.500882
        ]
      },
      "id": "node/5237850192"
    },
    {
      "type": "Feature",
      "properties": {
        "@id": "node/5238459409",
        "amenity": "restaurant",
        "name": "Узбечка",
        "name:uk": "Узбечка"
      },
      "geometry": {
        "type": "Point",
        "coordinates": [
          31.0917571,
          46.6228662
        ]
      },
      "id": "node/5238459409"
    },
    {
      "type": "Feature",
      "properties": {
        "@id": "node/5243827831",
        "amenity": "cafe",
        "name": "Смайлфуд",
        "name:en": "Smilefood",
        "name:ru": "Смайлфуд",
        "name:uk": "Смайлфуд"
      },
      "geometry": {
        "type": "Point",
        "coordinates": [
          30.7231711,
          46.4907165
        ]
      },
      "id": "node/5243827831"
    },
    {
      "type": "Feature",
      "properties": {
        "@id": "node/5246338606",
        "addr:housenumber": "1Б",
        "name": "В Олі",
        "name:uk": "В Олі",
        "tourism": "hotel"
      },
      "geometry": {
        "type": "Point",
        "coordinates": [
          30.2094241,
          46.4910069
        ]
      },
      "id": "node/5246338606"
    },
    {
      "type": "Feature",
      "properties": {
        "@id": "node/5271324180",
        "tourism": "hotel"
      },
      "geometry": {
        "type": "Point",
        "coordinates": [
          30.7496508,
          46.4628023
        ]
      },
      "id": "node/5271324180"
    },
    {
      "type": "Feature",
      "properties": {
        "@id": "node/5271331438",
        "amenity": "restaurant"
      },
      "geometry": {
        "type": "Point",
        "coordinates": [
          30.7498346,
          46.4628633
        ]
      },
      "id": "node/5271331438"
    },
    {
      "type": "Feature",
      "properties": {
        "@id": "node/5279672722",
        "addr:housenumber": "22в",
        "addr:postcode": "65058",
        "addr:street": "Французький бульвар",
        "amenity": "cafe",
        "cuisine": "sandwich;tea;cake;coffee_shop",
        "internet_access": "wlan",
        "name": "Арома Кава",
        "name:en": "Aroma Kava",
        "name:uk": "Арома Кава",
        "opening_hours": "24/7",
        "website": "https://aromakava.ua/"
      },
      "geometry": {
        "type": "Point",
        "coordinates": [
          30.7592608,
          46.456007
        ]
      },
      "id": "node/5279672722"
    },
    {
      "type": "Feature",
      "properties": {
        "@id": "node/5294038422",
        "amenity": "cafe"
      },
      "geometry": {
        "type": "Point",
        "coordinates": [
          30.7349604,
          46.4834181
        ]
      },
      "id": "node/5294038422"
    },
    {
      "type": "Feature",
      "properties": {
        "@id": "node/5294038521",
        "amenity": "cafe",
        "name": "Шалений француз",
        "name:en": "Beshenyi Frantsuz",
        "name:ru": "Бешеный француз",
        "name:uk": "Шалений француз"
      },
      "geometry": {
        "type": "Point",
        "coordinates": [
          30.7349877,
          46.4836603
        ]
      },
      "id": "node/5294038521"
    },
    {
      "type": "Feature",
      "properties": {
        "@id": "node/5294054621",
        "amenity": "cafe",
        "name": "Хабібі",
        "name:en": "Khabibi",
        "name:ru": "Хабиби",
        "name:uk": "Хабібі"
      },
      "geometry": {
        "type": "Point",
        "coordinates": [
          30.7350103,
          46.4838779
        ]
      },
      "id": "node/5294054621"
    },
    {
      "type": "Feature",
      "properties": {
        "@id": "node/5299088921",
        "amenity": "restaurant",
        "internet_access": "wlan",
        "name": "Givi to me",
        "name:uk": "Givi to me"
      },
      "geometry": {
        "type": "Point",
        "coordinates": [
          30.740878,
          46.4820402
        ]
      },
      "id": "node/5299088921"
    },
    {
      "type": "Feature",
      "properties": {
        "@id": "node/5303391221",
        "amenity": "cafe",
        "name": "Вітрило",
        "name:ru": "Парус",
        "name:uk": "Вітрило"
      },
      "geometry": {
        "type": "Point",
        "coordinates": [
          30.7026607,
          46.3498294
        ]
      },
      "id": "node/5303391221"
    },
    {
      "type": "Feature",
      "properties": {
        "@id": "node/5305228378",
        "addr:housenumber": "12а",
        "addr:street": "вулиця 8 Березня",
        "name": "Апартаменти",
        "name:ru": "Апартаменты",
        "name:uk": "Апартаменти",
        "tourism": "hotel",
        "wheelchair": "no"
      },
      "geometry": {
        "type": "Point",
        "coordinates": [
          29.5322615,
          47.7538397
        ]
      },
      "id": "node/5305228378"
    },
    {
      "type": "Feature",
      "properties": {
        "@id": "node/5312113822",
        "amenity": "restaurant",
        "name": "Михайлівський",
        "name:ru": "Михайловский",
        "name:uk": "Михайлівський",
        "opening_hours": "Mo-Su 11:00-00:00"
      },
      "geometry": {
        "type": "Point",
        "coordinates": [
          30.3485732,
          46.194052
        ]
      },
      "id": "node/5312113822"
    },
    {
      "type": "Feature",
      "properties": {
        "@id": "node/5415928128",
        "amenity": "cafe",
        "name": "Харчевня - кафе",
        "name:uk": "Харчевня - кафе"
      },
      "geometry": {
        "type": "Point",
        "coordinates": [
          30.6727965,
          46.4790335
        ]
      },
      "id": "node/5415928128"
    },
    {
      "type": "Feature",
      "properties": {
        "@id": "node/5467310729",
        "addr:street": "Гаванна вулиця",
        "amenity": "restaurant",
        "name": "Фіш І Кіш",
        "name:en": "Fish and Kish",
        "name:ru": "Фиш и Киш",
        "name:uk": "Фіш І Кіш"
      },
      "geometry": {
        "type": "Point",
        "coordinates": [
          30.7357502,
          46.4866524
        ]
      },
      "id": "node/5467310729"
    },
    {
      "type": "Feature",
      "properties": {
        "@id": "node/5467908421",
        "amenity": "restaurant",
        "cuisine": "chinese;asian",
        "name": "Момояма",
        "name:en": "Momoyama",
        "name:uk": "Момояма",
        "wheelchair": "yes"
      },
      "geometry": {
        "type": "Point",
        "coordinates": [
          30.7444259,
          46.4809227
        ]
      },
      "id": "node/5467908421"
    },
    {
      "type": "Feature",
      "properties": {
        "@id": "node/5467908521",
        "amenity": "cafe",
        "name": "Молоко Бар",
        "name:en": "Milk Bar",
        "name:uk": "Молоко Бар"
      },
      "geometry": {
        "type": "Point",
        "coordinates": [
          30.7371565,
          46.4853188
        ]
      },
      "id": "node/5467908521"
    },
    {
      "type": "Feature",
      "properties": {
        "@id": "node/5471843321",
        "amenity": "restaurant",
        "cuisine": "international;seafood;pizza;regional;sushi",
        "delivery": "yes",
        "internet_access": "wlan",
        "name": "Pizza Grill",
        "name:uk": "Pizza Grill",
        "phone": "+380 99 728 4428"
      },
      "geometry": {
        "type": "Point",
        "coordinates": [
          30.6107479,
          46.5136826
        ]
      },
      "id": "node/5471843321"
    },
    {
      "type": "Feature",
      "properties": {
        "@id": "node/5471919530",
        "historic": "monument",
        "name": "Куб",
        "name:uk": "Куб"
      },
      "geometry": {
        "type": "Point",
        "coordinates": [
          30.7623717,
          46.5555738
        ]
      },
      "id": "node/5471919530"
    },
    {
      "type": "Feature",
      "properties": {
        "@id": "node/5489619843",
        "amenity": "cafe"
      },
      "geometry": {
        "type": "Point",
        "coordinates": [
          30.7242913,
          46.499663
        ]
      },
      "id": "node/5489619843"
    },
    {
      "type": "Feature",
      "properties": {
        "@id": "node/5522596310",
        "amenity": "restaurant",
        "cuisine": "regional",
        "name": "Качка",
        "name:en": "Kachka",
        "name:uk": "Качка",
        "website": "http://www.alpina.od.ua/"
      },
      "geometry": {
        "type": "Point",
        "coordinates": [
          30.7550412,
          46.4732933
        ]
      },
      "id": "node/5522596310"
    },
    {
      "type": "Feature",
      "properties": {
        "@id": "node/5577202121",
        "addr:housenumber": "216",
        "addr:street": "виноградная",
        "amenity": "internet_cafe",
        "email": "venupani.gkg@gmail.com",
        "name": "Прасад",
        "name:en": "Prasad",
        "name:uk": "Прасад",
        "opening_hours": "Mo-Su 09:00-20:00",
        "operator": "Венупани дас",
        "phone": "+380 95 189 2045",
        "website": "https://gopigita.wixsite.com/prasad/online"
      },
      "geometry": {
        "type": "Point",
        "coordinates": [
          30.6337026,
          46.4071367
        ]
      },
      "id": "node/5577202121"
    },
    {
      "type": "Feature",
      "properties": {
        "@id": "node/5592834623",
        "amenity": "cafe",
        "cuisine": "turkish",
        "internet_access": "wlan",
        "name": "Бейти",
        "name:en": "Beyti",
        "name:tr": "Beyti",
        "name:uk": "Бейти",
        "opening_hours": "Mo-Su 09:00-23:30",
        "operator": "ZAZA"
      },
      "geometry": {
        "type": "Point",
        "coordinates": [
          30.7371706,
          46.4746077
        ]
      },
      "id": "node/5592834623"
    },
    {
      "type": "Feature",
      "properties": {
        "@id": "node/5667223730",
        "name": "Kolibri",
        "name:uk": "Kolibri",
        "tourism": "hotel"
      },
      "geometry": {
        "type": "Point",
        "coordinates": [
          30.7338219,
          46.4628542
        ]
      },
      "id": "node/5667223730"
    },
    {
      "type": "Feature",
      "properties": {
        "@id": "node/5670460521",
        "addr:housenumber": "83б",
        "addr:street": "Приморська вулиця",
        "email": "sokyran@ukr.net",
        "internet_access": "wlan",
        "name": "BIKTOPIЯ",
        "name:en": "Hotel Victoria",
        "name:ru": "Отель Виктория",
        "name:uk": "BIKTOPIЯ",
        "opening_hours": "24/7",
        "phone": "+380 50 867 4244",
        "tourism": "hotel",
        "website": "http://www.victoria-zatoka.com.ua"
      },
      "geometry": {
        "type": "Point",
        "coordinates": [
          30.4500081,
          46.0605767
        ]
      },
      "id": "node/5670460521"
    },
    {
      "type": "Feature",
      "properties": {
        "@id": "node/5673146021",
        "addr:postcode": "65009",
        "amenity": "restaurant",
        "internet_access": "wlan",
        "name": "Бузбар",
        "name:en": "Boozebar",
        "name:uk": "Бузбар",
        "opening_hours": "Mo-Su 10:00-00:00",
        "phone": "+380 96 636 5766",
        "website": "http://boozebar.com.ua"
      },
      "geometry": {
        "type": "Point",
        "coordinates": [
          30.756039,
          46.4404615
        ]
      },
      "id": "node/5673146021"
    },
    {
      "type": "Feature",
      "properties": {
        "@id": "node/5700432223",
        "amenity": "cafe",
        "cuisine": "cake;coffee_shop",
        "internet_access": "wlan",
        "name": "Make My Cake Cafe",
        "name:en": "Make My Cake Cafe",
        "name:uk": "Make My Cake Cafe"
      },
      "geometry": {
        "type": "Point",
        "coordinates": [
          30.7387013,
          46.478017
        ]
      },
      "id": "node/5700432223"
    },
    {
      "type": "Feature",
      "properties": {
        "@id": "node/5723062321",
        "amenity": "cafe"
      },
      "geometry": {
        "type": "Point",
        "coordinates": [
          30.6502019,
          46.3645483
        ]
      },
      "id": "node/5723062321"
    },
    {
      "type": "Feature",
      "properties": {
        "@id": "node/5734050821",
        "amenity": "cafe"
      },
      "geometry": {
        "type": "Point",
        "coordinates": [
          30.7576941,
          46.4616501
        ]
      },
      "id": "node/5734050821"
    },
    {
      "type": "Feature",
      "properties": {
        "@id": "node/5739276256",
        "addr:housenumber": "19б",
        "addr:street": "Шабська вулиця",
        "name": "елітний комплекс \"Горний орел\"",
        "name:ru": "элитный комплекс \"Горный орёл\"",
        "name:uk": "елітний комплекс \"Горний орел\"",
        "tourism": "hotel",
        "wheelchair": "limited"
      },
      "geometry": {
        "type": "Point",
        "coordinates": [
          30.3373318,
          46.1593752
        ]
      },
      "id": "node/5739276256"
    },
    {
      "type": "Feature",
      "properties": {
        "@id": "node/5749644525",
        "amenity": "restaurant",
        "name": "Риба і киш",
        "name:uk": "Риба і киш"
      },
      "geometry": {
        "type": "Point",
        "coordinates": [
          30.7354335,
          46.486689
        ]
      },
      "id": "node/5749644525"
    },
    {
      "type": "Feature",
      "properties": {
        "@id": "node/5771473742",
        "internet_access": "wlan",
        "internet_access:fee": "no",
        "name": "Здоров'я пляж",
        "name:ru": "Здоровье пляж",
        "name:uk": "Здоров'я пляж",
        "phone": "+380 67 267 4293",
        "tourism": "hotel",
        "website": "https://www.instagram.com/zdoroviazatoka/",
        "wheelchair": "limited"
      },
      "geometry": {
        "type": "Point",
        "coordinates": [
          30.4158331,
          46.0349521
        ]
      },
      "id": "node/5771473742"
    },
    {
      "type": "Feature",
      "properties": {
        "@id": "node/5775811286",
        "addr:housenumber": "107",
        "addr:street": "Мала Арнаутська вулиця",
        "email": "terra7@mail.ua",
        "name": "Терра 7+",
        "name:en": "Terra 7+",
        "name:ru": "Терра 7+",
        "name:uk": "Терра 7+",
        "opening_hours": "24/7",
        "phone": "+380 48 777 7797",
        "tourism": "hotel",
        "website": "http://terra7.od.ua/",
        "wheelchair": "limited"
      },
      "geometry": {
        "type": "Point",
        "coordinates": [
          30.7334137,
          46.4714778
        ]
      },
      "id": "node/5775811286"
    },
    {
      "type": "Feature",
      "properties": {
        "@id": "node/5776700053",
        "name": "Катерина",
        "name:uk": "Катерина",
        "tourism": "hotel"
      },
      "geometry": {
        "type": "Point",
        "coordinates": [
          30.4557381,
          46.068271
        ]
      },
      "id": "node/5776700053"
    },
    {
      "type": "Feature",
      "properties": {
        "@id": "node/5776768660",
        "amenity": "cafe",
        "name": "Їдальня",
        "name:uk": "Їдальня",
        "opening_hours": "Mo-Su 08:00-21:00"
      },
      "geometry": {
        "type": "Point",
        "coordinates": [
          30.4777425,
          46.0799436
        ]
      },
      "id": "node/5776768660"
    },
    {
      "type": "Feature",
      "properties": {
        "@id": "node/5814226453",
        "amenity": "cafe",
        "internet_access": "wlan",
        "name": "Буфет-їдальня «Гараж»",
        "name:ru": "Буфет-столовая «Гараж»",
        "name:uk": "Буфет-їдальня «Гараж»",
        "opening_hours": "Mo-Su 09:00-22:00",
        "phone": "+380 68 997 7977",
        "website": "https://stolovaya.com.ua/garazh/"
      },
      "geometry": {
        "type": "Point",
        "coordinates": [
          30.7356038,
          46.4771845
        ]
      },
      "id": "node/5814226453"
    },
    {
      "type": "Feature",
      "properties": {
        "@id": "node/5824579653",
        "addr:street": "Приморська вулиця",
        "amenity": "cafe",
        "name": "Тераса",
        "name:uk": "Тераса"
      },
      "geometry": {
        "type": "Point",
        "coordinates": [
          30.4213316,
          46.0399768
        ]
      },
      "id": "node/5824579653"
    },
    {
      "type": "Feature",
      "properties": {
        "@id": "node/5838025648",
        "internet_access": "wlan",
        "internet_access:fee": "no",
        "name": "Елеон (Буревісник 411а)",
        "name:en": "Eleon (Burevestnik 411a)",
        "name:ru": "Элеон (Буревестник 411а)",
        "name:uk": "Елеон (Буревісник 411а)",
        "opening_hours": "Jun 1-Aug 31:Mo-Su 8:00-22:00",
        "operator": "Елена",
        "phone": "+380 97 213 1555",
        "tourism": "hotel",
        "website": "http://hotel-burevestnik1-zatoka.com",
        "wheelchair": "no"
      },
      "geometry": {
        "type": "Point",
        "coordinates": [
          30.5057822,
          46.1193715
        ]
      },
      "id": "node/5838025648"
    },
    {
      "type": "Feature",
      "properties": {
        "@id": "node/5856743785",
        "addr:housenumber": "19",
        "addr:street": "Приморська вулиця",
        "internet_access": "wlan",
        "name": "Південна",
        "name:ru": "Южная",
        "name:uk": "Південна",
        "phone": "+380 96 946 8384",
        "tourism": "hotel",
        "website": "http://hotel-yuzhnaya.com"
      },
      "geometry": {
        "type": "Point",
        "coordinates": [
          30.5746088,
          46.1857432
        ]
      },
      "id": "node/5856743785"
    },
    {
      "type": "Feature",
      "properties": {
        "@id": "node/5862688887",
        "amenity": "cafe",
        "name": "Street Hous Cafe",
        "name:uk": "Street Hous Cafe"
      },
      "geometry": {
        "type": "Point",
        "coordinates": [
          30.7378637,
          46.452054
        ]
      },
      "id": "node/5862688887"
    },
    {
      "type": "Feature",
      "properties": {
        "@id": "node/5865890655",
        "addr:housenumber": "19",
        "addr:street": "вулиця Святослава Караванського",
        "amenity": "cafe",
        "check_date:opening_hours": "2021-09-03",
        "cuisine": "coffee_shop",
        "internet_access": "wlan",
        "internet_access:fee": "no",
        "name": "Foundation Coffee",
        "name:uk": "Foundation Coffee",
        "opening_hours": "Mo-Su 08:00-22:00",
        "outdoor_seating": "yes"
      },
      "geometry": {
        "type": "Point",
        "coordinates": [
          30.7396983,
          46.4794318
        ]
      },
      "id": "node/5865890655"
    },
    {
      "type": "Feature",
      "properties": {
        "@id": "node/5884038185",
        "addr:housenumber": "50",
        "addr:postcode": "65000",
        "addr:street": "Троїцька вулиця",
        "amenity": "cafe",
        "name": "Гараж",
        "name:ru": "Гараж",
        "name:uk": "Гараж",
        "opening_hours": "Mo-Su 08:00-20:30",
        "phone": "+380689977977",
        "website": "https://stolovaya.com.ua/"
      },
      "geometry": {
        "type": "Point",
        "coordinates": [
          30.7352625,
          46.4772352
        ]
      },
      "id": "node/5884038185"
    },
    {
      "type": "Feature",
      "properties": {
        "@id": "node/5920684589",
        "amenity": "cafe",
        "email": "santorini_cafe@ukr.net",
        "name": "Santorini",
        "name:uk": "Santorini"
      },
      "geometry": {
        "type": "Point",
        "coordinates": [
          30.7716754,
          46.4391182
        ]
      },
      "id": "node/5920684589"
    },
    {
      "type": "Feature",
      "properties": {
        "@id": "node/5933800547",
        "amenity": "cafe",
        "name": "Food and brut",
        "name:uk": "Food and brut"
      },
      "geometry": {
        "type": "Point",
        "coordinates": [
          30.7599422,
          46.4562183
        ]
      },
      "id": "node/5933800547"
    },
    {
      "type": "Feature",
      "properties": {
        "@id": "node/5939261666",
        "amenity": "restaurant",
        "contact:facebook": "https://www.facebook.com/ALMEZZE/",
        "contact:instagram": "https://instagram.com/al_mezze",
        "cuisine": "middle_eastern;arab",
        "name": "Al Mezze",
        "name:uk": "Al Mezze",
        "website": "https://www.g-group.com.ua/"
      },
      "geometry": {
        "type": "Point",
        "coordinates": [
          30.7388973,
          46.485823
        ]
      },
      "id": "node/5939261666"
    },
    {
      "type": "Feature",
      "properties": {
        "@id": "node/5948889673",
        "tourism": "hotel"
      },
      "geometry": {
        "type": "Point",
        "coordinates": [
          29.5883225,
          45.3985754
        ]
      },
      "id": "node/5948889673"
    },
    {
      "type": "Feature",
      "properties": {
        "@id": "node/5985154886",
        "addr:housenumber": "1",
        "addr:street": "Соборна площа",
        "amenity": "cafe",
        "contact:instagram": "https://www.instagram.com/vivus_coffee/",
        "cuisine": "coffee_shop",
        "name": "Vivus Coffee & Roasters",
        "name:en": "Vivus Coffee & Roasters",
        "name:uk": "Vivus Coffee & Roasters"
      },
      "geometry": {
        "type": "Point",
        "coordinates": [
          30.7316175,
          46.4823247
        ]
      },
      "id": "node/5985154886"
    },
    {
      "type": "Feature",
      "properties": {
        "@id": "node/6003055625",
        "amenity": "cafe",
        "name": "Затишний двір",
        "name:uk": "Затишний двір"
      },
      "geometry": {
        "type": "Point",
        "coordinates": [
          30.701907,
          46.3498055
        ]
      },
      "id": "node/6003055625"
    },
    {
      "type": "Feature",
      "properties": {
        "@id": "node/6003055659",
        "amenity": "cafe"
      },
      "geometry": {
        "type": "Point",
        "coordinates": [
          30.701743,
          46.3501001
        ]
      },
      "id": "node/6003055659"
    },
    {
      "type": "Feature",
      "properties": {
        "@id": "node/6018013788",
        "addr:housenumber": "4б",
        "addr:postcode": "67661",
        "addr:street": "Прикордонна вулиця",
        "amenity": "restaurant",
        "name": "Ранчо дядечка Бо",
        "name:en": "Uncle's ranch Bo",
        "name:ru": "Ранчо дядюшки Бо",
        "name:uk": "Ранчо дядечка Бо"
      },
      "geometry": {
        "type": "Point",
        "coordinates": [
          30.6484509,
          46.5440521
        ]
      },
      "id": "node/6018013788"
    },
    {
      "type": "Feature",
      "properties": {
        "@id": "node/6018176366",
        "amenity": "restaurant",
        "cuisine": "pizza",
        "name": "Felichita Cafe",
        "name:uk": "Felichita Cafe"
      },
      "geometry": {
        "type": "Point",
        "coordinates": [
          30.3261922,
          46.5030093
        ]
      },
      "id": "node/6018176366"
    },
    {
      "type": "Feature",
      "properties": {
        "@id": "node/6071337715",
        "amenity": "cafe",
        "name": "Пекарня",
        "name:en": "Bakery",
        "name:uk": "Пекарня"
      },
      "geometry": {
        "type": "Point",
        "coordinates": [
          30.7417271,
          46.4735117
        ]
      },
      "id": "node/6071337715"
    },
    {
      "type": "Feature",
      "properties": {
        "@id": "node/6071337717",
        "amenity": "restaurant",
        "cuisine": "pizza",
        "internet_access": "yes;used",
        "name": "Presto Pizza",
        "name:uk": "Presto Pizza"
      },
      "geometry": {
        "type": "Point",
        "coordinates": [
          30.7801512,
          46.5707164
        ]
      },
      "id": "node/6071337717"
    },
    {
      "type": "Feature",
      "properties": {
        "@id": "node/6071339190",
        "amenity": "cafe"
      },
      "geometry": {
        "type": "Point",
        "coordinates": [
          30.7368942,
          46.4724836
        ]
      },
      "id": "node/6071339190"
    },
    {
      "type": "Feature",
      "properties": {
        "@id": "node/6071339191",
        "amenity": "cafe",
        "cuisine": "local",
        "name": "Кафе на єврейській",
        "name:uk": "Кафе на єврейській"
      },
      "geometry": {
        "type": "Point",
        "coordinates": [
          30.7419148,
          46.4778151
        ]
      },
      "id": "node/6071339191"
    },
    {
      "type": "Feature",
      "properties": {
        "@id": "node/6110566483",
        "amenity": "cafe",
        "name": "Кафе",
        "name:en": "Coffee",
        "name:uk": "Кафе"
      },
      "geometry": {
        "type": "Point",
        "coordinates": [
          30.7245146,
          46.5002022
        ]
      },
      "id": "node/6110566483"
    },
    {
      "type": "Feature",
      "properties": {
        "@id": "node/6124825888",
        "amenity": "cafe",
        "name": "Кава",
        "name:en": "Coffee",
        "name:uk": "Кава"
      },
      "geometry": {
        "type": "Point",
        "coordinates": [
          30.7227222,
          46.4979651
        ]
      },
      "id": "node/6124825888"
    },
    {
      "type": "Feature",
      "properties": {
        "@id": "node/6184988424",
        "historic": "monument"
      },
      "geometry": {
        "type": "Point",
        "coordinates": [
          30.0743909,
          46.8522389
        ]
      },
      "id": "node/6184988424"
    },
    {
      "type": "Feature",
      "properties": {
        "@id": "node/6241969114",
        "addr:housenumber": "21а",
        "addr:street": "Олексіївська площа",
        "fixme": "перевірити, чи працює після covid19 - було закрито під час covid, можливо, ніколи не відкрилося? / check whether it's open after covid19 - it was closed during covid, maybe never reopened?",
        "museum": "history",
        "name": "Музей історії КП \"Одесміськелектротранс\"",
        "name:uk": "Музей історії КП \"Одесміськелектротранс\"",
        "opening_hours": "Su-Sa 11:00-14:00",
        "operator": "КП \"Одесміськелектротранс\"",
        "operator:type": "public",
        "tourism": "museum",
        "website": "https://www.facebook.com/museumoget/"
      },
      "geometry": {
        "type": "Point",
        "coordinates": [
          30.714408,
          46.459129
        ]
      },
      "id": "node/6241969114"
    },
    {
      "type": "Feature",
      "properties": {
        "@id": "node/6299510176",
        "amenity": "restaurant",
        "name": "Фарширована риба",
        "name:uk": "Фарширована риба"
      },
      "geometry": {
        "type": "Point",
        "coordinates": [
          30.7369263,
          46.483713
        ]
      },
      "id": "node/6299510176"
    },
    {
      "type": "Feature",
      "properties": {
        "@id": "node/6299510177",
        "amenity": "restaurant",
        "name": "GQ Restobar",
        "name:en": "GQ Restobar",
        "name:uk": "GQ Restobar"
      },
      "geometry": {
        "type": "Point",
        "coordinates": [
          30.7362219,
          46.482661
        ]
      },
      "id": "node/6299510177"
    },
    {
      "type": "Feature",
      "properties": {
        "@id": "node/6407284461",
        "historic": "monument"
      },
      "geometry": {
        "type": "Point",
        "coordinates": [
          29.8759203,
          46.0764641
        ]
      },
      "id": "node/6407284461"
    },
    {
      "type": "Feature",
      "properties": {
        "@id": "node/6409801486",
        "amenity": "restaurant",
        "name": "BAO. 14",
        "name:en": "BAO. 14",
        "name:uk": "BAO. 14"
      },
      "geometry": {
        "type": "Point",
        "coordinates": [
          30.7404783,
          46.4860484
        ]
      },
      "id": "node/6409801486"
    },
    {
      "type": "Feature",
      "properties": {
        "@id": "node/6442212444",
        "amenity": "cafe",
        "name": "Подходит",
        "name:uk": "Подходит",
        "wheelchair": "limited"
      },
      "geometry": {
        "type": "Point",
        "coordinates": [
          30.7491379,
          46.4324629
        ]
      },
      "id": "node/6442212444"
    },
    {
      "type": "Feature",
      "properties": {
        "@id": "node/6442320011",
        "amenity": "cafe",
        "name": "Кофеїн",
        "name:uk": "Кофеїн",
        "wheelchair": "yes"
      },
      "geometry": {
        "type": "Point",
        "coordinates": [
          30.7433142,
          46.4508193
        ]
      },
      "id": "node/6442320011"
    },
    {
      "type": "Feature",
      "properties": {
        "@id": "node/6442695981",
        "amenity": "cafe",
        "brand": "Aroma Kava",
        "brand:wikidata": "Q102175745",
        "cuisine": "coffee_shop",
        "name": "Aroma Kava",
        "name:en": "Aroma Kava",
        "name:uk": "Aroma Kava",
        "takeaway": "yes",
        "wheelchair": "yes"
      },
      "geometry": {
        "type": "Point",
        "coordinates": [
          30.732244,
          46.479755
        ]
      },
      "id": "node/6442695981"
    },
    {
      "type": "Feature",
      "properties": {
        "@id": "node/6448939787",
        "leisure": "resort",
        "name": "Даали",
        "name:uk": "Даали",
        "resort": "tourist_camp",
        "tourism": "hotel"
      },
      "geometry": {
        "type": "Point",
        "coordinates": [
          28.5613118,
          45.3298034
        ]
      },
      "id": "node/6448939787"
    },
    {
      "type": "Feature",
      "properties": {
        "@id": "node/6455586190",
        "addr:housenumber": "14/1",
        "addr:street": "Ангарська вулиця",
        "amenity": "cafe",
        "name": "Star line",
        "name:uk": "Star line"
      },
      "geometry": {
        "type": "Point",
        "coordinates": [
          30.6180804,
          46.4694705
        ]
      },
      "id": "node/6455586190"
    },
    {
      "type": "Feature",
      "properties": {
        "@id": "node/6458164159",
        "amenity": "cafe",
        "name": "Дом кофе",
        "name:uk": "Дом кофе",
        "wheelchair": "limited"
      },
      "geometry": {
        "type": "Point",
        "coordinates": [
          30.7495505,
          46.4762431
        ]
      },
      "id": "node/6458164159"
    },
    {
      "type": "Feature",
      "properties": {
        "@id": "node/6458499585",
        "amenity": "cafe",
        "name": "Кав'ярня пекарня",
        "name:uk": "Кав'ярня пекарня",
        "wheelchair": "yes"
      },
      "geometry": {
        "type": "Point",
        "coordinates": [
          30.7537933,
          46.4521794
        ]
      },
      "id": "node/6458499585"
    },
    {
      "type": "Feature",
      "properties": {
        "@id": "node/6458499586",
        "amenity": "cafe",
        "name": "Одеська булочна",
        "name:uk": "Одеська булочна",
        "wheelchair": "yes"
      },
      "geometry": {
        "type": "Point",
        "coordinates": [
          30.7544876,
          46.4521722
        ]
      },
      "id": "node/6458499586"
    },
    {
      "type": "Feature",
      "properties": {
        "@id": "node/6459926369",
        "addr:housenumber": "12",
        "addr:street": "Дерибасівська вулиця",
        "amenity": "restaurant",
        "contact:facebook": "https://www.facebook.com/turkuaz.od.ua/",
        "cuisine": "turkish",
        "name": "Turkuaz",
        "name:uk": "Turkuaz",
        "phone": "+380 48 711 7564",
        "website": "http://www.turkuaz.od.ua/"
      },
      "geometry": {
        "type": "Point",
        "coordinates": [
          30.740422,
          46.4841189
        ]
      },
      "id": "node/6459926369"
    },
    {
      "type": "Feature",
      "properties": {
        "@id": "node/6461126502",
        "amenity": "cafe",
        "name": "Мангал експрес",
        "name:uk": "Мангал експрес",
        "wheelchair": "yes"
      },
      "geometry": {
        "type": "Point",
        "coordinates": [
          30.7480373,
          46.4806864
        ]
      },
      "id": "node/6461126502"
    },
    {
      "type": "Feature",
      "properties": {
        "@id": "node/6469909311",
        "amenity": "cafe",
        "name": "Базар",
        "name:uk": "Базар",
        "wheelchair": "yes"
      },
      "geometry": {
        "type": "Point",
        "coordinates": [
          30.7352476,
          46.4829349
        ]
      },
      "id": "node/6469909311"
    },
    {
      "type": "Feature",
      "properties": {
        "@id": "node/6470488712",
        "amenity": "cafe",
        "name": "Клевер",
        "name:uk": "Клевер",
        "wheelchair": "yes"
      },
      "geometry": {
        "type": "Point",
        "coordinates": [
          30.7343429,
          46.478348
        ]
      },
      "id": "node/6470488712"
    },
    {
      "type": "Feature",
      "properties": {
        "@id": "node/6470577911",
        "amenity": "cafe",
        "name": "Розмарин",
        "name:uk": "Розмарин",
        "wheelchair": "limited"
      },
      "geometry": {
        "type": "Point",
        "coordinates": [
          30.7528661,
          46.4743632
        ]
      },
      "id": "node/6470577911"
    },
    {
      "type": "Feature",
      "properties": {
        "@id": "node/6475781861",
        "addr:housenumber": "9",
        "addr:postcode": "65026",
        "addr:street": "Красний провулок",
        "name": "Готель Атріум",
        "name:en": "Hotel Atrium",
        "name:ru": "Отель Атриум",
        "name:uk": "Готель Атріум",
        "phone": "+380 68 303 8324",
        "tourism": "hotel"
      },
      "geometry": {
        "type": "Point",
        "coordinates": [
          30.7374676,
          46.482103
        ]
      },
      "id": "node/6475781861"
    },
    {
      "type": "Feature",
      "properties": {
        "@id": "node/6475781862",
        "addr:housenumber": "9",
        "addr:postcode": "65026",
        "addr:street": "Красний провулок",
        "name": "Готель Мезонін",
        "name:en": "Hotel Mezzanine",
        "name:uk": "Готель Мезонін",
        "phone": "+380 48 759 9959",
        "tourism": "hotel",
        "website": "https://hotel-mezzanine.com/"
      },
      "geometry": {
        "type": "Point",
        "coordinates": [
          30.7374662,
          46.4818694
        ]
      },
      "id": "node/6475781862"
    },
    {
      "type": "Feature",
      "properties": {
        "@id": "node/6482321242",
        "amenity": "cafe",
        "name": "Шаурма Алі Баба",
        "name:uk": "Шаурма Алі Баба",
        "wheelchair": "yes"
      },
      "geometry": {
        "type": "Point",
        "coordinates": [
          30.7329275,
          46.3991177
        ]
      },
      "id": "node/6482321242"
    },
    {
      "type": "Feature",
      "properties": {
        "@id": "node/6482402816",
        "amenity": "restaurant",
        "name": "Pizza&Gril",
        "name:uk": "Pizza&Gril",
        "wheelchair": "limited"
      },
      "geometry": {
        "type": "Point",
        "coordinates": [
          30.7205091,
          46.3912849
        ]
      },
      "id": "node/6482402816"
    },
    {
      "type": "Feature",
      "properties": {
        "@id": "node/6482447890",
        "amenity": "cafe",
        "cuisine": "asian;sushi",
        "internet_access": "wlan",
        "name": "Budu sushi",
        "name:en": "BUDUSUSHI",
        "name:ru": "BUDUSUSHI",
        "name:uk": "BUDUSUSHI",
        "opening_hours": "Mo-Su 11:00-23:00",
        "phone": "+380 48 700 0808",
        "website": "http://BUDUSUSHI.UA",
        "wheelchair": "limited"
      },
      "geometry": {
        "type": "Point",
        "coordinates": [
          30.7232881,
          46.3962672
        ]
      },
      "id": "node/6482447890"
    },
    {
      "type": "Feature",
      "properties": {
        "@id": "node/6484536385",
        "addr:housenumber": "15/4",
        "addr:postcode": "65125",
        "addr:street": "Райдужний масив",
        "amenity": "cafe",
        "brand": "Aroma Kava",
        "brand:wikidata": "Q102175745",
        "cuisine": "coffee_shop",
        "internet_access": "wlan",
        "name": "Aroma Kava",
        "name:en": "AromaKava",
        "name:uk": "АромаКава",
        "opening_hours": "Mo-Su 08:00-15:30",
        "takeaway": "yes"
      },
      "geometry": {
        "type": "Point",
        "coordinates": [
          30.7058719,
          46.4038423
        ]
      },
      "id": "node/6484536385"
    },
    {
      "type": "Feature",
      "properties": {
        "@id": "node/6485862707",
        "name": "Чорне море",
        "name:ru": "Черное море",
        "name:uk": "Чорне море",
        "tourism": "hotel",
        "wheelchair": "limited"
      },
      "geometry": {
        "type": "Point",
        "coordinates": [
          30.732833,
          46.469873
        ]
      },
      "id": "node/6485862707"
    },
    {
      "type": "Feature",
      "properties": {
        "@id": "node/6485926912",
        "amenity": "cafe",
        "name": "Море м'яса",
        "name:uk": "Море м'яса",
        "wheelchair": "limited"
      },
      "geometry": {
        "type": "Point",
        "coordinates": [
          30.732,
          46.4715918
        ]
      },
      "id": "node/6485926912"
    },
    {
      "type": "Feature",
      "properties": {
        "@id": "node/6485926914",
        "amenity": "cafe",
        "name": "Повний дзен",
        "name:uk": "Повний дзен",
        "wheelchair": "limited"
      },
      "geometry": {
        "type": "Point",
        "coordinates": [
          30.7323556,
          46.4715868
        ]
      },
      "id": "node/6485926914"
    },
    {
      "type": "Feature",
      "properties": {
        "@id": "node/6485926917",
        "amenity": "cafe",
        "wheelchair": "yes"
      },
      "geometry": {
        "type": "Point",
        "coordinates": [
          30.7420198,
          46.4711597
        ]
      },
      "id": "node/6485926917"
    },
    {
      "type": "Feature",
      "properties": {
        "@id": "node/6494825952",
        "amenity": "restaurant",
        "name": "Місто N",
        "name:uk": "Місто N",
        "wheelchair": "limited"
      },
      "geometry": {
        "type": "Point",
        "coordinates": [
          30.7234166,
          46.4259524
        ]
      },
      "id": "node/6494825952"
    },
    {
      "type": "Feature",
      "properties": {
        "@id": "node/6497372901",
        "amenity": "cafe",
        "name": "Ігрове кафе level",
        "name:ru": "Игровое кафе «Level»",
        "name:uk": "Ігрове кафе level",
        "wheelchair": "yes"
      },
      "geometry": {
        "type": "Point",
        "coordinates": [
          30.7342199,
          46.4764604
        ]
      },
      "id": "node/6497372901"
    },
    {
      "type": "Feature",
      "properties": {
        "@id": "node/6499463594",
        "amenity": "restaurant",
        "cuisine": "pizza",
        "name": "Mario’s Trattoria",
        "name:uk": "Mario’s Trattoria",
        "wheelchair": "yes"
      },
      "geometry": {
        "type": "Point",
        "coordinates": [
          30.7412459,
          46.4842358
        ]
      },
      "id": "node/6499463594"
    },
    {
      "type": "Feature",
      "properties": {
        "@id": "node/6499463596",
        "amenity": "cafe",
        "name": "Про.Меню",
        "name:uk": "Про.Меню",
        "wheelchair": "limited"
      },
      "geometry": {
        "type": "Point",
        "coordinates": [
          30.7410562,
          46.4832182
        ]
      },
      "id": "node/6499463596"
    },
    {
      "type": "Feature",
      "properties": {
        "@id": "node/6499463604",
        "amenity": "cafe",
        "name": "Daily",
        "name:uk": "Daily",
        "wheelchair": "limited"
      },
      "geometry": {
        "type": "Point",
        "coordinates": [
          30.7399774,
          46.476069
        ]
      },
      "id": "node/6499463604"
    },
    {
      "type": "Feature",
      "properties": {
        "@id": "node/6501507775",
        "amenity": "cafe",
        "name": "Сучасник",
        "name:ru": "Современник",
        "name:uk": "Сучасник",
        "wheelchair": "limited"
      },
      "geometry": {
        "type": "Point",
        "coordinates": [
          30.7277982,
          46.4116626
        ]
      },
      "id": "node/6501507775"
    },
    {
      "type": "Feature",
      "properties": {
        "@id": "node/6501519785",
        "amenity": "cafe",
        "cuisine": "breakfast;coffee_shop;local",
        "internet_access": "wlan",
        "name": "Мінімаліст",
        "name:en": "Minimalist",
        "name:ru": "Минималист",
        "name:uk": "Мінімаліст",
        "opening_hours": "Mo-Su 09:00-22:00",
        "phone": "+380 99 739 7959",
        "website": "https://mnmlst.cafe/"
      },
      "geometry": {
        "type": "Point",
        "coordinates": [
          30.7423528,
          46.4775283
        ]
      },
      "id": "node/6501519785"
    },
    {
      "type": "Feature",
      "properties": {
        "@id": "node/6501575496",
        "amenity": "cafe",
        "name": "Wake up",
        "name:uk": "Wake up",
        "wheelchair": "limited"
      },
      "geometry": {
        "type": "Point",
        "coordinates": [
          30.7243883,
          46.479269
        ]
      },
      "id": "node/6501575496"
    },
    {
      "type": "Feature",
      "properties": {
        "@id": "node/6503398540",
        "amenity": "cafe",
        "name": "Здобушка",
        "name:uk": "Здобушка",
        "wheelchair": "yes"
      },
      "geometry": {
        "type": "Point",
        "coordinates": [
          30.7200868,
          46.4843964
        ]
      },
      "id": "node/6503398540"
    },
    {
      "type": "Feature",
      "properties": {
        "@id": "node/6503569882",
        "amenity": "cafe",
        "name": "Оливка",
        "name:uk": "Оливка",
        "wheelchair": "limited"
      },
      "geometry": {
        "type": "Point",
        "coordinates": [
          30.7201969,
          46.4664434
        ]
      },
      "id": "node/6503569882"
    },
    {
      "type": "Feature",
      "properties": {
        "@id": "node/6503612724",
        "amenity": "restaurant",
        "name": "Вітраж",
        "name:uk": "Вітраж",
        "wheelchair": "yes"
      },
      "geometry": {
        "type": "Point",
        "coordinates": [
          30.7416728,
          46.4730791
        ]
      },
      "id": "node/6503612724"
    },
    {
      "type": "Feature",
      "properties": {
        "@id": "node/6514973213",
        "name": "Voyage",
        "name:uk": "Voyage",
        "tourism": "hotel",
        "wheelchair": "limited"
      },
      "geometry": {
        "type": "Point",
        "coordinates": [
          30.7411363,
          46.4696724
        ]
      },
      "id": "node/6514973213"
    },
    {
      "type": "Feature",
      "properties": {
        "@id": "node/6515101296",
        "amenity": "cafe",
        "contact:email": "merryberry.whale@gmail.com",
        "contact:facebook": "https://www.facebook.com/ilovemerryberry/",
        "contact:instagram": "https://www.instagram.com/merry_berry_cafe/",
        "contact:phone": "+380 63 535 7441",
        "contact:website": "https://merry-berry.ua/ru/",
        "name": "Merry Berry",
        "name:uk": "Merry Berry",
        "opening_hours": "Mo-Fr 08:00-23:00;Sa-Su 09:00-23:00",
        "operator": "Меррі-Групп",
        "wheelchair": "yes"
      },
      "geometry": {
        "type": "Point",
        "coordinates": [
          30.7393661,
          46.4867576
        ]
      },
      "id": "node/6515101296"
    },
    {
      "type": "Feature",
      "properties": {
        "@id": "node/6539198486",
        "amenity": "restaurant",
        "cuisine": "international;breakfast",
        "name": "Benedikt",
        "name:ru": "Бенедикт",
        "name:uk": "Benedikt"
      },
      "geometry": {
        "type": "Point",
        "coordinates": [
          30.7618112,
          46.4301869
        ]
      },
      "id": "node/6539198486"
    },
    {
      "type": "Feature",
      "properties": {
        "@id": "node/6539757025",
        "addr:housenumber": "27/1",
        "addr:postcode": "65000",
        "addr:street": "Канатна вулиця",
        "amenity": "restaurant",
        "cuisine": "european;wine;french",
        "name": "Frebule",
        "name:uk": "Frebule",
        "opening_hours": "Mo-Su 10:00-23:00",
        "phone": "+380 48 788 1668",
        "website": "https://frebule.com/"
      },
      "geometry": {
        "type": "Point",
        "coordinates": [
          30.7482528,
          46.4781186
        ]
      },
      "id": "node/6539757025"
    },
    {
      "type": "Feature",
      "properties": {
        "@id": "node/6570082885",
        "addr:housenumber": "160",
        "addr:postcode": "65000",
        "addr:street": "Люстдорская дорога",
        "amenity": "restaurant",
        "cuisine": "regional;grill;coffee_shop;steak_house;beef_bowl;pasta;russian;pizza;fish_and_chips;chicken;fish;breakfast;sushi;seafood;local;friture",
        "diet:vegetarian": "yes",
        "internet_access": "wlan",
        "name": "Ресторан Ми",
        "name:en": "Almond Restaurant",
        "name:ru": "Ресторан Миндаль",
        "name:uk": "Ресторан Мигдаль",
        "opening_hours": "24/7",
        "operator": "Алена Кулик Олеговна",
        "phone": "+380 96 481 3232"
      },
      "geometry": {
        "type": "Point",
        "coordinates": [
          30.7329031,
          46.3990515
        ]
      },
      "id": "node/6570082885"
    },
    {
      "type": "Feature",
      "properties": {
        "@id": "node/6580176754",
        "amenity": "cafe",
        "name": "Караван",
        "name:uk": "Караван"
      },
      "geometry": {
        "type": "Point",
        "coordinates": [
          31.1385474,
          46.6520065
        ]
      },
      "id": "node/6580176754"
    },
    {
      "type": "Feature",
      "properties": {
        "@id": "node/6581140682",
        "amenity": "cafe",
        "name": "Кафе-бар „Рандеву“",
        "name:uk": "Кафе-бар „Рандеву“"
      },
      "geometry": {
        "type": "Point",
        "coordinates": [
          31.1512627,
          46.6554097
        ]
      },
      "id": "node/6581140682"
    },
    {
      "type": "Feature",
      "properties": {
        "@id": "node/6582580185",
        "addr:housenumber": "99ж",
        "addr:postcode": "67772",
        "addr:street": "Приморська вулиця",
        "internet_access": "wlan",
        "name": "Ноктюрн",
        "name:en": "Nocturne",
        "name:uk": "Ноктюрн",
        "phone": "+380 96 231 1263",
        "tourism": "hotel",
        "website": "https://nokturn.com.ua/"
      },
      "geometry": {
        "type": "Point",
        "coordinates": [
          30.445018,
          46.0573336
        ]
      },
      "id": "node/6582580185"
    },
    {
      "type": "Feature",
      "properties": {
        "@id": "node/6582582443",
        "addr:housenumber": "99ж",
        "addr:postcode": "67772",
        "addr:street": "Приморська вулиця",
        "amenity": "cafe",
        "cuisine": "chicken;pizza;friture;burger;russian;regional;pasta;fish_and_chips;breakfast;coffee_shop;local",
        "internet_access": "wlan",
        "name": "Схід сонця",
        "name:en": "Sunrise",
        "name:uk": "Схід сонця",
        "opening_hours": "Mo-Su 09:00-22:00"
      },
      "geometry": {
        "type": "Point",
        "coordinates": [
          30.4450537,
          46.0572408
        ]
      },
      "id": "node/6582582443"
    },
    {
      "type": "Feature",
      "properties": {
        "@id": "node/6583675885",
        "amenity": "cafe",
        "name": "Наполi",
        "name:en": "Napoli",
        "name:ru": "Наполи",
        "name:uk": "Наполi"
      },
      "geometry": {
        "type": "Point",
        "coordinates": [
          30.4579988,
          46.0658977
        ]
      },
      "id": "node/6583675885"
    },
    {
      "type": "Feature",
      "properties": {
        "@id": "node/6583675985",
        "amenity": "cafe",
        "name": "Білий Парус",
        "name:ru": "Белый Парус",
        "name:uk": "Білий Парус"
      },
      "geometry": {
        "type": "Point",
        "coordinates": [
          30.4581129,
          46.0656546
        ]
      },
      "id": "node/6583675985"
    },
    {
      "type": "Feature",
      "properties": {
        "@id": "node/6594164066",
        "amenity": "cafe",
        "name": "Гавань",
        "name:uk": "Гавань"
      },
      "geometry": {
        "type": "Point",
        "coordinates": [
          31.1031896,
          46.6157184
        ]
      },
      "id": "node/6594164066"
    },
    {
      "type": "Feature",
      "properties": {
        "@id": "node/6629872486",
        "addr:housenumber": "114/3",
        "addr:postcode": "65000",
        "addr:street": "вулиця Левітана",
        "amenity": "cafe",
        "name": "Mister Sova (coffee)",
        "name:uk": "Mister Sova (coffee)",
        "opening_hours": "Mo-Su 07:30-20:00"
      },
      "geometry": {
        "type": "Point",
        "coordinates": [
          30.7081918,
          46.4057947
        ]
      },
      "id": "node/6629872486"
    },
    {
      "type": "Feature",
      "properties": {
        "@id": "node/6649609639",
        "amenity": "restaurant",
        "name": "Їдальня",
        "name:uk": "Їдальня"
      },
      "geometry": {
        "type": "Point",
        "coordinates": [
          30.6990624,
          46.4866656
        ]
      },
      "id": "node/6649609639"
    },
    {
      "type": "Feature",
      "properties": {
        "@id": "node/6697629483",
        "amenity": "restaurant",
        "name": "Кавовий міраж",
        "name:ru": "кафе Мираж",
        "name:uk": "Кавовий міраж"
      },
      "geometry": {
        "type": "Point",
        "coordinates": [
          30.3175423,
          47.0210005
        ]
      },
      "id": "node/6697629483"
    },
    {
      "type": "Feature",
      "properties": {
        "@id": "node/6699270285",
        "addr:housenumber": "42",
        "addr:street": "Чорноморська вулиця",
        "internet_access": "wlan",
        "name": "Крошечка",
        "name:uk": "Крошечка",
        "tourism": "hotel"
      },
      "geometry": {
        "type": "Point",
        "coordinates": [
          30.2882658,
          45.9261858
        ]
      },
      "id": "node/6699270285"
    },
    {
      "type": "Feature",
      "properties": {
        "@id": "node/6718941486",
        "amenity": "restaurant",
        "internet_access": "wlan",
        "name": "Irish pub",
        "name:cs": "Irská putyka",
        "name:uk": "Irish pub"
      },
      "geometry": {
        "type": "Point",
        "coordinates": [
          30.7397436,
          46.4839888
        ]
      },
      "id": "node/6718941486"
    },
    {
      "type": "Feature",
      "properties": {
        "@id": "node/6734440385",
        "addr:housenumber": "96 к1",
        "addr:street": "Люстдорфская дорога",
        "amenity": "cafe",
        "cuisine": "burger;regional;breakfast;russian;fish_and_chips",
        "name": "Гараж",
        "name:en": "Garage",
        "name:uk": "Гараж",
        "phone": "+380 93 797 9790"
      },
      "geometry": {
        "type": "Point",
        "coordinates": [
          30.7227066,
          46.4170647
        ]
      },
      "id": "node/6734440385"
    },
    {
      "type": "Feature",
      "properties": {
        "@id": "node/6735442286",
        "addr:housenumber": "55",
        "addr:street": "Люстдорфська дорога",
        "amenity": "cafe",
        "check_date": "2026-01-01",
        "cuisine": "tea;cake;coffee_shop",
        "internet_access": "wlan",
        "name": "Штрудель",
        "name:en": "Shtrudel",
        "name:uk": "Штрудель",
        "opening_hours": "08:00-21:00",
        "outdoor_seating": "yes"
      },
      "geometry": {
        "type": "Point",
        "coordinates": [
          30.7255178,
          46.4216874
        ]
      },
      "id": "node/6735442286"
    },
    {
      "type": "Feature",
      "properties": {
        "@id": "node/6735886148",
        "image": "https://upload.wikimedia.org/wikipedia/commons/f/f7/Apartment-Museum-Utesov-3.jpg",
        "name": "Музей-квартира Леоніда Утьосова",
        "name:en": "The Apartment-Museum of Leonid Utesov",
        "name:ru": "Музей-квартира Леонида Утёсова",
        "name:uk": "Музей-квартира Леоніда Утьосова",
        "opening_hours": "Mo-Tu 11:00-17:00; Th-Su 11:00-17:00; We off",
        "tourism": "museum",
        "wikipedia": "uk:Утьосов Леонід Осипович"
      },
      "geometry": {
        "type": "Point",
        "coordinates": [
          30.7273275,
          46.4753489
        ]
      },
      "id": "node/6735886148"
    },
    {
      "type": "Feature",
      "properties": {
        "@id": "node/6736497073",
        "historic": "monument"
      },
      "geometry": {
        "type": "Point",
        "coordinates": [
          30.659169,
          46.3437813
        ]
      },
      "id": "node/6736497073"
    },
    {
      "type": "Feature",
      "properties": {
        "@id": "node/6752859786",
        "addr:housenumber": "617",
        "addr:street": "Станція Дружба",
        "internet_access": "wlan",
        "name": "Близнюки і світлофор",
        "name:en": "Twins and traffic lights",
        "name:uk": "Близнюки і світлофор",
        "opening_hours": "24/7",
        "phone": "+380 67 112 0717",
        "tourism": "hotel"
      },
      "geometry": {
        "type": "Point",
        "coordinates": [
          30.4902735,
          46.0987881
        ]
      },
      "id": "node/6752859786"
    },
    {
      "type": "Feature",
      "properties": {
        "@id": "node/6780846287",
        "amenity": "cafe",
        "name": "У Ваганича",
        "name:ru": "У Ваганыча",
        "name:uk": "У Ваганича"
      },
      "geometry": {
        "type": "Point",
        "coordinates": [
          30.7291624,
          46.560287
        ]
      },
      "id": "node/6780846287"
    },
    {
      "type": "Feature",
      "properties": {
        "@id": "node/6796862185",
        "amenity": "restaurant",
        "contact:instagram": "https://www.instagram.com/happyrest_od/",
        "name": "Щастя",
        "name:uk": "Щастя"
      },
      "geometry": {
        "type": "Point",
        "coordinates": [
          30.7402428,
          46.4851389
        ]
      },
      "id": "node/6796862185"
    },
    {
      "type": "Feature",
      "properties": {
        "@id": "node/6797017186",
        "amenity": "cafe",
        "name": "П'єр",
        "name:en": "Pierre",
        "name:uk": "П'єр"
      },
      "geometry": {
        "type": "Point",
        "coordinates": [
          30.7333415,
          46.4837083
        ]
      },
      "id": "node/6797017186"
    },
    {
      "type": "Feature",
      "properties": {
        "@id": "node/6813339687",
        "addr:housenumber": "42",
        "addr:street": "Балківська вулиця",
        "amenity": "cafe",
        "name": "1981",
        "name:en": "1981 Beer & Grill",
        "name:uk": "1981",
        "opening_hours": "Mo-Su 12:00-00:00",
        "phone": "+380 48 704 8581",
        "website": "https://www.instagram.com/1981beer_grill"
      },
      "geometry": {
        "type": "Point",
        "coordinates": [
          30.7084498,
          46.4858555
        ]
      },
      "id": "node/6813339687"
    },
    {
      "type": "Feature",
      "properties": {
        "@id": "node/6867248887",
        "addr:housenumber": "5",
        "amenity": "restaurant",
        "cuisine": "seafood;local;regional;mediterranean;international",
        "email": "delanocontinental@gmail.com",
        "internet_access": "wlan",
        "name": "Делано",
        "name:en": "Delano restaurant & bar",
        "name:uk": "Делано",
        "opening_hours": "Mo-Su 07:30-23:00",
        "phone": "+380 63 745 9707"
      },
      "geometry": {
        "type": "Point",
        "coordinates": [
          30.7442073,
          46.4838322
        ]
      },
      "id": "node/6867248887"
    },
    {
      "type": "Feature",
      "properties": {
        "@id": "node/6893568389",
        "amenity": "cafe",
        "email": "v131282@gmail.com",
        "name": "Coffta-Coffee",
        "name:en": "Coffta-coffee",
        "name:uk": "Coffta-Coffee",
        "opening_hours": "Mo-Su 08:30-21:00",
        "website": "https://www.instagram.com/coffta_coffee_?r=nametag"
      },
      "geometry": {
        "type": "Point",
        "coordinates": [
          30.7569185,
          46.479775
        ]
      },
      "id": "node/6893568389"
    },
    {
      "type": "Feature",
      "properties": {
        "@id": "node/6982432958",
        "addr:housenumber": "10Б",
        "addr:postcode": "65014",
        "addr:street": "вулиця Добровольців",
        "amenity": "cafe",
        "check_date": "2024-04-16",
        "cuisine": "coffee_shop",
        "drink:coffee:togo": "yes",
        "email": "merryberry.ua@gmail.com",
        "internet_access": "wlan",
        "internet_access:fee": "no",
        "name": "Merry Berry",
        "name:en": "Merry Berry",
        "name:uk": "Меррі Беррі",
        "opening_hours": "Mo-Fr 08:00-23:00; Sa-Su 09:00-23:00",
        "phone": "+380 93 543 5846",
        "website": "https://merry-berry.ua/"
      },
      "geometry": {
        "type": "Point",
        "coordinates": [
          30.7483045,
          46.4472801
        ]
      },
      "id": "node/6982432958"
    },
    {
      "type": "Feature",
      "properties": {
        "@id": "node/6986581685",
        "amenity": "cafe",
        "cuisine": "cake;sandwich;breakfast;coffee_shop",
        "name": "Штрудель",
        "name:ru": "Штрудель",
        "name:uk": "Штрудель",
        "opening_hours": "Mo-Su 08:00-22:00"
      },
      "geometry": {
        "type": "Point",
        "coordinates": [
          30.8021856,
          46.5698721
        ]
      },
      "id": "node/6986581685"
    },
    {
      "type": "Feature",
      "properties": {
        "@id": "node/7024310256",
        "name": "\"Катакомби Одеси\"",
        "name:uk": "\"Катакомби Одеси\"",
        "tourism": "museum"
      },
      "geometry": {
        "type": "Point",
        "coordinates": [
          30.745837,
          46.4780192
        ]
      },
      "id": "node/7024310256"
    },
    {
      "type": "Feature",
      "properties": {
        "@id": "node/7024310257",
        "addr:housenumber": "1а",
        "addr:street": "Грецька вулиця",
        "amenity": "restaurant",
        "cuisine": "regional",
        "name": "Ресторан Ю",
        "name:en": "Restaurant U",
        "name:uk": "Ресторан Ю",
        "opening_hours": "Mo-Su 11:00-23:00",
        "phone": "+380 73 333 7327",
        "website": "u-restaurant.com.ua"
      },
      "geometry": {
        "type": "Point",
        "coordinates": [
          30.7476878,
          46.4818245
        ]
      },
      "id": "node/7024310257"
    },
    {
      "type": "Feature",
      "properties": {
        "@id": "node/7024310265",
        "addr:street": "Маразліївська вулиця",
        "amenity": "restaurant",
        "name": "FRESCO CAFE",
        "name:uk": "FRESCO CAFE",
        "phone": "+380 94 924 3098"
      },
      "geometry": {
        "type": "Point",
        "coordinates": [
          30.7501796,
          46.4834166
        ]
      },
      "id": "node/7024310265"
    },
    {
      "type": "Feature",
      "properties": {
        "@id": "node/7040138751",
        "name": "Парк-музей \"Історія Бесарабської землі",
        "name:uk": "Парк-музей \"Історія Бесарабської землі",
        "tourism": "museum"
      },
      "geometry": {
        "type": "Point",
        "coordinates": [
          29.4162551,
          46.2977691
        ]
      },
      "id": "node/7040138751"
    },
    {
      "type": "Feature",
      "properties": {
        "@id": "node/7040324988",
        "name": "Наутілус",
        "name:uk": "Наутілус",
        "tourism": "hotel"
      },
      "geometry": {
        "type": "Point",
        "coordinates": [
          30.6905665,
          46.3382115
        ]
      },
      "id": "node/7040324988"
    },
    {
      "type": "Feature",
      "properties": {
        "@id": "node/7040325006",
        "name": "Військово-історичний музей",
        "name:uk": "Військово-історичний музей",
        "phone": "+380 48 704 7151",
        "tourism": "museum"
      },
      "geometry": {
        "type": "Point",
        "coordinates": [
          30.7518516,
          46.4642665
        ]
      },
      "id": "node/7040325006"
    },
    {
      "type": "Feature",
      "properties": {
        "@id": "node/7042389490",
        "addr:housenumber": "1а",
        "amenity": "internet_cafe",
        "name": "ПС Клуб Є.З. грати",
        "name:en": "PS Club E.Z. Play",
        "name:uk": "ПС Клуб Є.З. грати",
        "opening_hours": "Th-Tu 12:00-22:00"
      },
      "geometry": {
        "type": "Point",
        "coordinates": [
          30.7116457,
          46.3830851
        ]
      },
      "id": "node/7042389490"
    },
    {
      "type": "Feature",
      "properties": {
        "@id": "node/7090383854",
        "amenity": "cafe",
        "takeaway": "yes"
      },
      "geometry": {
        "type": "Point",
        "coordinates": [
          30.7210866,
          46.4540729
        ]
      },
      "id": "node/7090383854"
    },
    {
      "type": "Feature",
      "properties": {
        "@id": "node/7112232485",
        "amenity": "cafe",
        "name": "Cafenea Maestro",
        "name:uk": "Cafenea Maestro"
      },
      "geometry": {
        "type": "Point",
        "coordinates": [
          30.3425849,
          46.1914919
        ]
      },
      "id": "node/7112232485"
    },
    {
      "type": "Feature",
      "properties": {
        "@id": "node/7117563488",
        "amenity": "cafe",
        "takeaway": "yes"
      },
      "geometry": {
        "type": "Point",
        "coordinates": [
          30.7530914,
          46.4315072
        ]
      },
      "id": "node/7117563488"
    },
    {
      "type": "Feature",
      "properties": {
        "@id": "node/7121951048",
        "addr:hamlet": "Бурлача Балка",
        "addr:housenumber": "41",
        "addr:postcode": "68097",
        "addr:street": "Північна вулиця",
        "amenity": "cafe"
      },
      "geometry": {
        "type": "Point",
        "coordinates": [
          30.6643013,
          46.3517968
        ]
      },
      "id": "node/7121951048"
    },
    {
      "type": "Feature",
      "properties": {
        "@id": "node/7192100604",
        "amenity": "cafe",
        "cuisine": "coffee_shop",
        "name": "Lemoncello",
        "name:uk": "Lemoncello",
        "outdoor_seating": "yes",
        "ref": "32"
      },
      "geometry": {
        "type": "Point",
        "coordinates": [
          28.8250841,
          45.3562299
        ]
      },
      "id": "node/7192100604"
    },
    {
      "type": "Feature",
      "properties": {
        "@id": "node/7231156985",
        "amenity": "cafe",
        "cuisine": "coffee_shop",
        "internet_access": "wlan",
        "name": "Atelier",
        "name:en": "Atelier. Coffee & Crafts",
        "name:uk": "Atelier",
        "opening_hours": "Mo-Su 08:00-22:00",
        "phone": "+380 95 213 4104",
        "website": "https://www.facebook.com/ateliercoffeeandcrafts/"
      },
      "geometry": {
        "type": "Point",
        "coordinates": [
          30.7343914,
          46.4776035
        ]
      },
      "id": "node/7231156985"
    },
    {
      "type": "Feature",
      "properties": {
        "@id": "node/7380224564",
        "amenity": "cafe"
      },
      "geometry": {
        "type": "Point",
        "coordinates": [
          30.649597,
          46.364577
        ]
      },
      "id": "node/7380224564"
    },
    {
      "type": "Feature",
      "properties": {
        "@id": "node/7523771784",
        "addr:housenumber": "26",
        "addr:street": "Торгова вулиця",
        "amenity": "cafe",
        "contact:facebook": "https://www.facebook.com/coffeeclubmechanics/",
        "contact:instagram": "https://www.instagram.com/coffeeclubmechanics/",
        "name": "Coffee Club & Mechanics",
        "name:uk": "Coffee Club & Mechanics"
      },
      "geometry": {
        "type": "Point",
        "coordinates": [
          30.7255465,
          46.4875309
        ]
      },
      "id": "node/7523771784"
    },
    {
      "type": "Feature",
      "properties": {
        "@id": "node/7598378861",
        "amenity": "cafe",
        "name": "Авто-Гриль Мисливець",
        "name:uk": "Авто-Гриль Мисливець"
      },
      "geometry": {
        "type": "Point",
        "coordinates": [
          30.3062639,
          47.3559707
        ]
      },
      "id": "node/7598378861"
    },
    {
      "type": "Feature",
      "properties": {
        "@id": "node/7600314139",
        "amenity": "cafe",
        "name": "Buta",
        "name:uk": "Buta"
      },
      "geometry": {
        "type": "Point",
        "coordinates": [
          30.312006,
          47.2721897
        ]
      },
      "id": "node/7600314139"
    },
    {
      "type": "Feature",
      "properties": {
        "@id": "node/7603045009",
        "addr:housenumber": "153Д/1",
        "addr:street": "Фонтанська дорога",
        "building": "hotel",
        "contact:facebook": "https://www.facebook.com/Bianko_hotel_odessa-103375891011824/",
        "contact:instagram": "https://www.instagram.com/bianco_hotel_odessa/",
        "name": "BIANCO",
        "tourism": "hotel"
      },
      "geometry": {
        "type": "Point",
        "coordinates": [
          30.7557972,
          46.4024906
        ]
      },
      "id": "node/7603045009"
    },
    {
      "type": "Feature",
      "properties": {
        "@id": "node/7616441372",
        "addr:housenumber": "119",
        "addr:street": "Мала Арнаутська вулиця",
        "amenity": "cafe",
        "contact:instagram": "https://www.instagram.com/coffeeclover/",
        "name": "Clover Coffee",
        "name:uk": "Clover Coffee"
      },
      "geometry": {
        "type": "Point",
        "coordinates": [
          30.7286585,
          46.4718447
        ]
      },
      "id": "node/7616441372"
    },
    {
      "type": "Feature",
      "properties": {
        "@id": "node/7652921344",
        "amenity": "cafe"
      },
      "geometry": {
        "type": "Point",
        "coordinates": [
          30.7237186,
          46.4118018
        ]
      },
      "id": "node/7652921344"
    },
    {
      "type": "Feature",
      "properties": {
        "@id": "node/7705888972",
        "amenity": "cafe",
        "name": "Craft",
        "name:uk": "Craft",
        "opening_hours": "Mo-Fr 08:30-22:30; Sa,Su 09:00-23:00",
        "wheelchair": "no"
      },
      "geometry": {
        "type": "Point",
        "coordinates": [
          28.8361274,
          45.3472556
        ]
      },
      "id": "node/7705888972"
    },
    {
      "type": "Feature",
      "properties": {
        "@id": "node/7706890053",
        "amenity": "cafe",
        "operator": "Таврия В"
      },
      "geometry": {
        "type": "Point",
        "coordinates": [
          30.4557686,
          46.0667921
        ]
      },
      "id": "node/7706890053"
    },
    {
      "type": "Feature",
      "properties": {
        "@id": "node/7706925579",
        "air_conditioning": "yes",
        "amenity": "cafe",
        "bar": "no",
        "check_date": "2024-09-23",
        "contact:instagram": "https://www.instagram.com/coco_cafe.buffet",
        "contact:phone": "+380 93 808 9568",
        "cuisine": "coffee_shop",
        "name": "CoCo",
        "name:en": "CoCo",
        "opening_hours": "Mo-Su 08:00-22:00",
        "outdoor_seating": "yes",
        "payment:cash": "yes",
        "payment:mastercard": "yes",
        "payment:visa": "yes",
        "source": "survey",
        "takeaway": "yes",
        "toilets": "yes",
        "wheelchair": "yes"
      },
      "geometry": {
        "type": "Point",
        "coordinates": [
          28.8355363,
          45.3438822
        ]
      },
      "id": "node/7706925579"
    },
    {
      "type": "Feature",
      "properties": {
        "@id": "node/7707076586",
        "amenity": "cafe",
        "name": "Асоль",
        "name:en": "Assol",
        "name:uk": "Асоль"
      },
      "geometry": {
        "type": "Point",
        "coordinates": [
          30.4556411,
          46.0664794
        ]
      },
      "id": "node/7707076586"
    },
    {
      "type": "Feature",
      "properties": {
        "@id": "node/7707077899",
        "amenity": "cafe",
        "name": "Pizza&Вино",
        "name:uk": "Pizza&Вино"
      },
      "geometry": {
        "type": "Point",
        "coordinates": [
          30.4557297,
          46.0665576
        ]
      },
      "id": "node/7707077899"
    },
    {
      "type": "Feature",
      "properties": {
        "@id": "node/7713846485",
        "amenity": "cafe",
        "name": "Панорама",
        "name:en": "Panorama",
        "name:uk": "Панорама",
        "opening_hours": "Mo-Su 08:00-00:00",
        "phone": "+380 63 869 2418"
      },
      "geometry": {
        "type": "Point",
        "coordinates": [
          30.6067882,
          46.2221095
        ]
      },
      "id": "node/7713846485"
    },
    {
      "type": "Feature",
      "properties": {
        "@id": "node/7716180217",
        "addr:housenumber": "36/3",
        "addr:postcode": "65000",
        "addr:street": "вулиця Владислава Бувалкіна",
        "air_conditioning": "yes",
        "amenity": "cafe",
        "contact:facebook": "Kors.Cafe",
        "contact:instagram": "kors.cafe",
        "delivery": "no",
        "internet_access": "wlan",
        "internet_access:fee": "no",
        "name": "Kors",
        "name:uk": "Kors",
        "opening_hours": "Su 09:00-20:00; Mo-Sa 07:30-20:00",
        "payment:credit_cards": "yes",
        "payment:debit_cards": "yes",
        "payment:mastercard": "yes",
        "payment:visa": "yes",
        "takeaway": "yes"
      },
      "geometry": {
        "type": "Point",
        "coordinates": [
          30.7986656,
          46.5878215
        ]
      },
      "id": "node/7716180217"
    },
    {
      "type": "Feature",
      "properties": {
        "@id": "node/7717587628",
        "amenity": "cafe",
        "cuisine": "coffee_shop",
        "name": "Café de Flora",
        "name:uk": "Café de Flora",
        "wheelchair": "yes"
      },
      "geometry": {
        "type": "Point",
        "coordinates": [
          28.8363641,
          45.3485346
        ]
      },
      "id": "node/7717587628"
    },
    {
      "type": "Feature",
      "properties": {
        "@id": "node/7724403370",
        "amenity": "cafe",
        "check_date": "2023-08-09",
        "cuisine": "coffee_shop",
        "name": "Бублик",
        "name:ru": "Бублик",
        "name:uk": "Бублик",
        "shop": "pastry",
        "strapline": "Смак дитинства"
      },
      "geometry": {
        "type": "Point",
        "coordinates": [
          28.8289312,
          45.3539771
        ]
      },
      "id": "node/7724403370"
    },
    {
      "type": "Feature",
      "properties": {
        "@id": "node/7724426322",
        "amenity": "cafe",
        "check_date": "2023-10-18",
        "name": "Marmelad",
        "name:en": "Marmelad",
        "opening_hours": "Mo-Su 08:00-20:00",
        "wheelchair": "yes"
      },
      "geometry": {
        "type": "Point",
        "coordinates": [
          28.831215,
          45.3530213
        ]
      },
      "id": "node/7724426322"
    },
    {
      "type": "Feature",
      "properties": {
        "@id": "node/7737119716",
        "amenity": "cafe",
        "name": "Домашняя кухня",
        "name:uk": "Домашняя кухня",
        "opening_hours": "Mo-Su 08:00-17:00"
      },
      "geometry": {
        "type": "Point",
        "coordinates": [
          28.8209509,
          45.3380356
        ]
      },
      "id": "node/7737119716"
    },
    {
      "type": "Feature",
      "properties": {
        "@id": "node/7744032131",
        "amenity": "cafe",
        "check_date": "2024-10-01",
        "check_date:opening_hours": "2021-10-03",
        "name": "Фуршет",
        "name:ru": "Фуршет",
        "name:uk": "Фуршет",
        "opening_hours": "09:00-20:00"
      },
      "geometry": {
        "type": "Point",
        "coordinates": [
          28.8346127,
          45.344812
        ]
      },
      "id": "node/7744032131"
    },
    {
      "type": "Feature",
      "properties": {
        "@id": "node/7744070288",
        "fee": "yes",
        "museum": "gallery",
        "name": "Картинна галерея",
        "name:en": "Art Gallery",
        "name:ru": "Картинная галерея",
        "name:uk": "Картинна галерея",
        "start_date": "1974-08-26",
        "tourism": "museum",
        "website": "https://museum-portal.com/ua/museum/izmail-art-gallery",
        "wikidata": "Q28704837",
        "wikipedia": "uk:Ізмаїльська картинна галерея"
      },
      "geometry": {
        "type": "Point",
        "coordinates": [
          28.8333277,
          45.3374797
        ]
      },
      "id": "node/7744070288"
    },
    {
      "type": "Feature",
      "properties": {
        "@id": "node/7744107303",
        "amenity": "cafe",
        "check_date": "2024-10-23",
        "name": "Mr. Chemodan",
        "name:uk": "Mr. Chemodan",
        "opening_hours": "Mo-Fr 08:00-20:00; Sa-Su 09:00-20:00"
      },
      "geometry": {
        "type": "Point",
        "coordinates": [
          28.8331274,
          45.3366079
        ]
      },
      "id": "node/7744107303"
    },
    {
      "type": "Feature",
      "properties": {
        "@id": "node/7752001085",
        "addr:housenumber": "72",
        "addr:postcode": "68001",
        "addr:street": "Набережная 4б",
        "email": "svetlij2222@gmail.com",
        "internet_access": "wlan",
        "name": "Кемпинг готель Чорноморський",
        "name:en": "camping hotel Chernomorskiy",
        "name:ru": "Кемпинг отель Черноморский",
        "name:uk": "готель кемпинг Чорноморський",
        "opening_hours": "24/7",
        "operator": "Солодяк Андрей Евгениевич",
        "phone": "+380 67 967 8991",
        "tourism": "hotel",
        "website": "https://hotel-socol.business.site/"
      },
      "geometry": {
        "type": "Point",
        "coordinates": [
          30.6490971,
          46.2819091
        ]
      },
      "id": "node/7752001085"
    },
    {
      "type": "Feature",
      "properties": {
        "@id": "node/7752751485",
        "addr:housenumber": "6",
        "addr:postcode": "65000",
        "addr:street": "Дігтярна вулиця",
        "amenity": "cafe",
        "cuisine": "bavarian;german;grill",
        "internet_access": "wlan",
        "name": "Бремен",
        "name:en": "Bremen",
        "name:uk": "Бремен",
        "opening_hours": "Mo-Su 10:00-00:00",
        "phone": "+380 94 931 4139"
      },
      "geometry": {
        "type": "Point",
        "coordinates": [
          30.7260805,
          46.4774515
        ]
      },
      "id": "node/7752751485"
    },
    {
      "type": "Feature",
      "properties": {
        "@id": "node/7769698891",
        "addr:housenumber": "14",
        "addr:street": "вулиця Семена Яхненка",
        "name": "Оздоровчий комплекс \"Зелений кампус\"",
        "name:uk": "Оздоровчий комплекс \"Зелений кампус\"",
        "phone": "+380 48 736 2600",
        "tourism": "hotel",
        "website": "https://campus.od.ua/"
      },
      "geometry": {
        "type": "Point",
        "coordinates": [
          30.7387022,
          46.3921828
        ]
      },
      "id": "node/7769698891"
    },
    {
      "type": "Feature",
      "properties": {
        "@id": "node/7772889731",
        "amenity": "cafe",
        "internet_access": "wlan",
        "opening_hours": "11:00-02:00",
        "operator": "Дельфин",
        "smoking": "outside"
      },
      "geometry": {
        "type": "Point",
        "coordinates": [
          29.2612017,
          45.4586989
        ]
      },
      "id": "node/7772889731"
    },
    {
      "type": "Feature",
      "properties": {
        "@id": "node/7777489996",
        "amenity": "cafe",
        "brand": "Aroma Kava",
        "brand:wikidata": "Q102175745",
        "cuisine": "coffee_shop",
        "internet_access": "wlan",
        "name": "Aroma Kava",
        "name:en": "Aroma Kava",
        "name:uk": "Арома Кава",
        "takeaway": "yes"
      },
      "geometry": {
        "type": "Point",
        "coordinates": [
          30.7357241,
          46.4837498
        ]
      },
      "id": "node/7777489996"
    },
    {
      "type": "Feature",
      "properties": {
        "@id": "node/7777500985",
        "amenity": "cafe",
        "brand": "Aroma Kava",
        "brand:wikidata": "Q102175745",
        "cuisine": "coffee_shop",
        "internet_access": "wlan",
        "name": "Aroma Kava",
        "name:en": "Aroma Kava",
        "name:uk": "Арома Кава",
        "takeaway": "yes"
      },
      "geometry": {
        "type": "Point",
        "coordinates": [
          30.7345185,
          46.485613
        ]
      },
      "id": "node/7777500985"
    },
    {
      "type": "Feature",
      "properties": {
        "@id": "node/7794664027",
        "amenity": "restaurant",
        "contact:facebook": "https://www.facebook.com/TatamiSushiboutique/",
        "contact:instagram": "https://www.instagram.com/izmailtatami/",
        "cuisine": "sushi",
        "delivery": "yes",
        "name": "Tatami",
        "name:uk": "Tatami",
        "outdoor_seating": "no",
        "phone": "+380 96 101 2992;+380 93 101 2992",
        "strapline": "Sushi boutique",
        "website": "https://izmailtatami.com.ua/"
      },
      "geometry": {
        "type": "Point",
        "coordinates": [
          28.8376581,
          45.3501346
        ]
      },
      "id": "node/7794664027"
    },
    {
      "type": "Feature",
      "properties": {
        "@id": "node/7795053841",
        "amenity": "cafe"
      },
      "geometry": {
        "type": "Point",
        "coordinates": [
          30.7319009,
          46.4821588
        ]
      },
      "id": "node/7795053841"
    },
    {
      "type": "Feature",
      "properties": {
        "@id": "node/7798405382",
        "amenity": "cafe",
        "check_date": "2025-01-20",
        "cuisine": "coffee_shop",
        "currency:UAH": "yes",
        "layer": "1",
        "name": "Чемоданъ",
        "name:en": "Chemodan",
        "name:ru": "Чемоданъ",
        "opening_hours": "Mo-Sa 09:00-20:30; Su 10:00-20:30",
        "payment:cash": "yes",
        "payment:contactless": "yes",
        "payment:mastercard": "yes",
        "payment:visa": "yes",
        "signboard:ru": "yes",
        "smoking": "no",
        "start_date": "2014-01-20",
        "takeaway": "yes",
        "wheelchair": "no"
      },
      "geometry": {
        "type": "Point",
        "coordinates": [
          28.8320587,
          45.349214
        ]
      },
      "id": "node/7798405382"
    },
    {
      "type": "Feature",
      "properties": {
        "@id": "node/7801467448",
        "amenity": "restaurant",
        "name": "Хінкальня",
        "name:uk": "Хінкальня"
      },
      "geometry": {
        "type": "Point",
        "coordinates": [
          28.8265127,
          45.3544169
        ]
      },
      "id": "node/7801467448"
    },
    {
      "type": "Feature",
      "properties": {
        "@id": "node/7804458015",
        "name": "Маринвиль",
        "name:uk": "Маринвиль",
        "tourism": "hotel"
      },
      "geometry": {
        "type": "Point",
        "coordinates": [
          30.5730497,
          46.1825903
        ]
      },
      "id": "node/7804458015"
    },
    {
      "type": "Feature",
      "properties": {
        "@id": "node/7815964453",
        "amenity": "cafe",
        "cuisine": "pizza",
        "delivery": "yes",
        "name": "Пані Pizza",
        "name:uk": "Пані Піца",
        "opening_hours": "Mo-Su 10:00-23:00",
        "phone": "+380 98 563 9671",
        "wheelchair": "no"
      },
      "geometry": {
        "type": "Point",
        "coordinates": [
          28.821487,
          45.3530832
        ]
      },
      "id": "node/7815964453"
    },
    {
      "type": "Feature",
      "properties": {
        "@id": "node/7836494385",
        "addr:housenumber": "1",
        "addr:street": "Ланжерон пляж",
        "amenity": "restaurant",
        "name": "MAMAN на морі. Одеська Кухня",
        "name:en": "Maman",
        "name:ru": "Маман на море",
        "name:uk": "MAMAN на морі. Одеська Кухня"
      },
      "geometry": {
        "type": "Point",
        "coordinates": [
          30.7653586,
          46.4757212
        ]
      },
      "id": "node/7836494385"
    },
    {
      "type": "Feature",
      "properties": {
        "@id": "node/7840728151",
        "amenity": "internet_cafe",
        "name": "X-File",
        "name:uk": "X-File",
        "official_name": "ФОП Ганчев А. В.",
        "opening_hours": "Mo-Su 09:00-24:00",
        "wheelchair": "no"
      },
      "geometry": {
        "type": "Point",
        "coordinates": [
          28.8347696,
          45.3458212
        ]
      },
      "id": "node/7840728151"
    },
    {
      "type": "Feature",
      "properties": {
        "@id": "node/7842123386",
        "amenity": "cafe",
        "name": "Ресторан Мишки Япончика",
        "name:uk": "Ресторан Мишки Япончика"
      },
      "geometry": {
        "type": "Point",
        "coordinates": [
          30.7216659,
          46.4712694
        ]
      },
      "id": "node/7842123386"
    },
    {
      "type": "Feature",
      "properties": {
        "@id": "node/7849427085",
        "amenity": "restaurant",
        "name": "Mangal No. 1",
        "name:uk": "Mangal No. 1"
      },
      "geometry": {
        "type": "Point",
        "coordinates": [
          30.7377973,
          46.475325
        ]
      },
      "id": "node/7849427085"
    },
    {
      "type": "Feature",
      "properties": {
        "@id": "node/7857415627",
        "amenity": "restaurant",
        "contact:facebook": "https://www.facebook.com/vinariawinecellar/",
        "craft": "winery",
        "level": "-1",
        "opening_hours": "Tu-Su 12:00-19:00",
        "phone": "+380 73 053 7671",
        "website": "https://vinaria-wine-cellar.business.site",
        "wheelchair": "no"
      },
      "geometry": {
        "type": "Point",
        "coordinates": [
          28.8381422,
          45.3416171
        ]
      },
      "id": "node/7857415627"
    },
    {
      "type": "Feature",
      "properties": {
        "@id": "node/7886454079",
        "amenity": "cafe",
        "name": "Кефаль",
        "name:ru": "Кефаль",
        "name:uk": "Кефаль"
      },
      "geometry": {
        "type": "Point",
        "coordinates": [
          30.154309,
          45.8297323
        ]
      },
      "id": "node/7886454079"
    },
    {
      "type": "Feature",
      "properties": {
        "@id": "node/7886455005",
        "amenity": "restaurant",
        "cuisine": "seafood;european;sushi",
        "name": "Trend",
        "name:uk": "Trend",
        "opening_hours": "Mo-Su 8:00-23:00",
        "phone": "+380 68 778 9778",
        "website": "https://www.instagram.com/trend_akkerman/"
      },
      "geometry": {
        "type": "Point",
        "coordinates": [
          30.34531,
          46.1934527
        ]
      },
      "id": "node/7886455005"
    },
    {
      "type": "Feature",
      "properties": {
        "@id": "node/7899875085",
        "amenity": "restaurant",
        "name": "Арарат",
        "name:uk": "Арарат"
      },
      "geometry": {
        "type": "Point",
        "coordinates": [
          30.7664661,
          46.430288
        ]
      },
      "id": "node/7899875085"
    },
    {
      "type": "Feature",
      "properties": {
        "@id": "node/7899875185",
        "amenity": "restaurant",
        "name": "Pizza & Grill",
        "name:uk": "Pizza & Grill",
        "website": "https://pizzagrill.com.ua/"
      },
      "geometry": {
        "type": "Point",
        "coordinates": [
          30.7598612,
          46.4350014
        ]
      },
      "id": "node/7899875185"
    },
    {
      "type": "Feature",
      "properties": {
        "@id": "node/7909067591",
        "name": "Hotel Alex",
        "name:uk": "Hotel Alex",
        "tourism": "hotel"
      },
      "geometry": {
        "type": "Point",
        "coordinates": [
          30.7397992,
          46.4628408
        ]
      },
      "id": "node/7909067591"
    },
    {
      "type": "Feature",
      "properties": {
        "@id": "node/7909091264",
        "addr:housenumber": "2а",
        "addr:postcode": "65014",
        "addr:street": "Успенська вулиця",
        "air_conditioning": "yes",
        "amenity": "cafe",
        "bar": "yes",
        "changing_table": "no",
        "cuisine": "coffee_shop",
        "diet:halal": "no",
        "diet:kosher": "no",
        "diet:vegan": "yes",
        "diet:vegetarian": "yes",
        "email": "addictedgroupod@gmail.com",
        "indoor_seating": "yes",
        "internet_access": "wlan",
        "internet_access:fee": "no",
        "internet_access:ssid": "Caffeine",
        "name": "Caffeine",
        "name:uk": "Caffeine",
        "opening_hours": "Mo-Su 09:00-21:00",
        "outdoor_seating": "yes",
        "payment:cash": "yes",
        "payment:credit_cards": "yes",
        "payment:debit_cards": "yes",
        "payment:mastercard": "yes",
        "payment:visa": "yes",
        "phone": "+380 97 878 5438",
        "smoking": "outside",
        "website": "https://caffeine.bar/",
        "wheelchair": "yes"
      },
      "geometry": {
        "type": "Point",
        "coordinates": [
          30.7552628,
          46.4748531
        ]
      },
      "id": "node/7909091264"
    },
    {
      "type": "Feature",
      "properties": {
        "@id": "node/7922757496",
        "addr:housenumber": "23а",
        "addr:street": "проспект Лесі Українки",
        "amenity": "cafe",
        "contact:email": "merryberry.whale@gmail.com",
        "contact:facebook": "https://www.facebook.com/ilovemerryberry/",
        "contact:instagram": "https://www.instagram.com/merry_berry_cafe/",
        "contact:phone": "+380 63 960 8357",
        "contact:website": "https://merry-berry.ua/",
        "description": "Кофе, смузи, сендвичи, дессерты",
        "name": "Merry Berry",
        "name:uk": "Merry Berry",
        "opening_hours": "Mo-Fr 08:00-22:00;Sa-Su 09:00-22:00",
        "operator": "Меррі-Групп"
      },
      "geometry": {
        "type": "Point",
        "coordinates": [
          30.7451382,
          46.4546356
        ]
      },
      "id": "node/7922757496"
    },
    {
      "type": "Feature",
      "properties": {
        "@id": "node/7966745185",
        "addr:housenumber": "95",
        "addr:postcode": "67773",
        "addr:street": "Лазурна вулиця",
        "email": "more.zatoka@ukr.net",
        "internet_access": "wlan",
        "name": "База відпочинку \"Green land\"",
        "name:ru": "База отдыха Green Land",
        "name:uk": "База відпочинку \"Green land\"",
        "phone": "+380 96 454 0444",
        "tourism": "hotel",
        "website": "http://www.greenland.od.ua"
      },
      "geometry": {
        "type": "Point",
        "coordinates": [
          30.4766333,
          46.0801718
        ]
      },
      "id": "node/7966745185"
    },
    {
      "type": "Feature",
      "properties": {
        "@id": "node/7980890486",
        "amenity": "cafe",
        "cuisine": "breakfast;chicken;diner;regional;tea",
        "diet:vegetarian": "yes",
        "name": "Yellow",
        "name:uk": "Yellow",
        "opening_hours": "Mo-Su 10:00-21:00"
      },
      "geometry": {
        "type": "Point",
        "coordinates": [
          30.7513321,
          46.4781019
        ]
      },
      "id": "node/7980890486"
    },
    {
      "type": "Feature",
      "properties": {
        "@id": "node/7980890585",
        "amenity": "cafe",
        "cuisine": "cake;coffee_shop;tea",
        "name": "Daily",
        "name:ru": "Каждый день",
        "name:uk": "Daily",
        "opening_hours": "Mo-Su 10:00-21:00"
      },
      "geometry": {
        "type": "Point",
        "coordinates": [
          30.7514375,
          46.478058
        ]
      },
      "id": "node/7980890585"
    },
    {
      "type": "Feature",
      "properties": {
        "@id": "node/7985563089",
        "amenity": "cafe",
        "cuisine": "cake;ice_cream",
        "name": "Зроби мій торт",
        "name:en": "Make my cake",
        "name:uk": "Зроби мій торт",
        "opening_hours": "Mo-Su 11:00-21:00"
      },
      "geometry": {
        "type": "Point",
        "coordinates": [
          30.7515856,
          46.4780465
        ]
      },
      "id": "node/7985563089"
    },
    {
      "type": "Feature",
      "properties": {
        "@id": "node/7985563195",
        "amenity": "cafe",
        "cuisine": "pasta",
        "name": "Паста вино",
        "name:en": "Pasta and wine",
        "name:uk": "Паста вино",
        "opening_hours": "Mo-Su 11:00-21:00"
      },
      "geometry": {
        "type": "Point",
        "coordinates": [
          30.7515047,
          46.478077
        ]
      },
      "id": "node/7985563195"
    },
    {
      "type": "Feature",
      "properties": {
        "@id": "node/7998167912",
        "amenity": "restaurant",
        "contact:facebook": "https://www.facebook.com/oblakarestoran",
        "contact:instagram": "https://www.instagram.com/oblaka_odessa/",
        "diet:vegetarian": "yes",
        "name": "Облака",
        "name:en": "Oblaka",
        "name:ru": "Облака",
        "name:uk": "Хмари",
        "opening_hours": "Mo-Su 11:00-01:00",
        "phone": "+380 98 453 0404;+380 50 453 0404"
      },
      "geometry": {
        "type": "Point",
        "coordinates": [
          30.7391694,
          46.4819379
        ]
      },
      "id": "node/7998167912"
    },
    {
      "type": "Feature",
      "properties": {
        "@id": "node/7998167913",
        "amenity": "restaurant",
        "contact:facebook": "https://facebook.com/Sabaneev.Gourmet.Garden/",
        "contact:instagram": "https://www.instagram.com/sabaneev.gourmet.garden/",
        "cuisine": "european",
        "name": "Сабанєєв ресторан",
        "name:en": "Sabaneev restaurant",
        "name:ru": "Сабанеев ресторан",
        "name:uk": "Сабанєєв ресторан",
        "opening_hours": "Mo-Su 10:00-24:00",
        "phone": "+380 93 680 3333",
        "website": "https://www.synergyodessa.com/restaurant/sabaneev/"
      },
      "geometry": {
        "type": "Point",
        "coordinates": [
          30.7363685,
          46.4880761
        ]
      },
      "id": "node/7998167913"
    },
    {
      "type": "Feature",
      "properties": {
        "@id": "node/7998167914",
        "amenity": "restaurant",
        "name": "Гайя",
        "name:ru": "Гайя",
        "name:uk": "Гайя"
      },
      "geometry": {
        "type": "Point",
        "coordinates": [
          30.7603231,
          46.4756443
        ]
      },
      "id": "node/7998167914"
    },
    {
      "type": "Feature",
      "properties": {
        "@id": "node/7998190566",
        "amenity": "restaurant",
        "name": "Good home style food",
        "name:uk": "Good home style food"
      },
      "geometry": {
        "type": "Point",
        "coordinates": [
          30.3404733,
          46.1922161
        ]
      },
      "id": "node/7998190566"
    },
    {
      "type": "Feature",
      "properties": {
        "@id": "node/7999364018",
        "name": "Квартира 1",
        "name:uk": "Квартира 1",
        "tourism": "hotel",
        "website": "https://www.booking.com/hotel/ua/apart-kvartira-1.html"
      },
      "geometry": {
        "type": "Point",
        "coordinates": [
          30.7374111,
          46.4829932
        ]
      },
      "id": "node/7999364018"
    },
    {
      "type": "Feature",
      "properties": {
        "@id": "node/7999368568",
        "amenity": "cafe",
        "cuisine": "asian;thai;vietnamese;japanese",
        "name": "Family",
        "name:uk": "Family"
      },
      "geometry": {
        "type": "Point",
        "coordinates": [
          30.7380968,
          46.4828469
        ]
      },
      "id": "node/7999368568"
    },
    {
      "type": "Feature",
      "properties": {
        "@id": "node/7999397746",
        "addr:housenumber": "40",
        "addr:street": "Грецька вулиця",
        "amenity": "cafe",
        "contact:instagram": "https://www.instagram.com/katy_cake_od/",
        "name": "Катя Кейк",
        "name:en": "Katy Cake",
        "name:ru": "Катя Кейк",
        "name:uk": "Катя Кейк",
        "opening_hours": "Mo-Su 9:00-21:00"
      },
      "geometry": {
        "type": "Point",
        "coordinates": [
          30.7373717,
          46.4828811
        ]
      },
      "id": "node/7999397746"
    },
    {
      "type": "Feature",
      "properties": {
        "@id": "node/8003241066",
        "amenity": "restaurant",
        "contact:facebook": "https://www.facebook.com/afrk.cafe/",
        "contact:instagram": "https://www.instagram.com/afrk.cafe/",
        "name": "Afrika",
        "name:uk": "Afrika",
        "opening_hours": "Mo-Su 09:00-24:00",
        "phone": "+380 48 770 1170",
        "website": "https://afrika.cafe/"
      },
      "geometry": {
        "type": "Point",
        "coordinates": [
          30.7349869,
          46.483747
        ]
      },
      "id": "node/8003241066"
    },
    {
      "type": "Feature",
      "properties": {
        "@id": "node/8003241067",
        "amenity": "restaurant",
        "contact:facebook": "https://www.facebook.com/krabisushicafe/",
        "contact:instagram": "https://www.instagram.com/krabicafe/",
        "cuisine": "asian;thai;japanese",
        "name": "Sushi Krabi",
        "name:uk": "Sushi Krabi",
        "opening_hours": "Mo-Su 10:00-23:30",
        "phone": "+380 68 168 9695;+380 63 877 7851",
        "website": "https://sushi-krabi.od.ua/"
      },
      "geometry": {
        "type": "Point",
        "coordinates": [
          30.7349931,
          46.4838231
        ]
      },
      "id": "node/8003241067"
    },
    {
      "type": "Feature",
      "properties": {
        "@id": "node/8009824858",
        "amenity": "cafe",
        "facebook": "https://facebook.com/PokeeUA",
        "instagram": "https://instagram.com/pokee.ua",
        "name": "Pokee",
        "name:uk": "Pokee",
        "opening_hours": "Mo-Su 10:00-22:00",
        "phone": "+380 63 227 9316",
        "website": "https://www.pokee.partners/"
      },
      "geometry": {
        "type": "Point",
        "coordinates": [
          30.7391336,
          46.4736507
        ]
      },
      "id": "node/8009824858"
    },
    {
      "type": "Feature",
      "properties": {
        "@id": "node/8018340920",
        "addr:housenumber": "17",
        "addr:street": "Грецька вулиця",
        "amenity": "restaurant",
        "name": "Fratelli",
        "name:ru": "Фрателли",
        "name:uk": "Fratelli",
        "opening_hours": "12:00-00:00",
        "phone": "+380 48 738 4848",
        "website": "https://www.facebook.com/fratelli.odessa/"
      },
      "geometry": {
        "type": "Point",
        "coordinates": [
          30.7415533,
          46.4820279
        ]
      },
      "id": "node/8018340920"
    },
    {
      "type": "Feature",
      "properties": {
        "@id": "node/8066062223",
        "amenity": "cafe",
        "name": "Урарту",
        "name:uk": "Урарту"
      },
      "geometry": {
        "type": "Point",
        "coordinates": [
          30.3183104,
          47.0187777
        ]
      },
      "id": "node/8066062223"
    },
    {
      "type": "Feature",
      "properties": {
        "@id": "node/8078352218",
        "amenity": "cafe",
        "cuisine": "regional",
        "name": "У Данила",
        "name:uk": "У Данила"
      },
      "geometry": {
        "type": "Point",
        "coordinates": [
          29.6067028,
          45.8256845
        ]
      },
      "id": "node/8078352218"
    },
    {
      "type": "Feature",
      "properties": {
        "@id": "node/8112964620",
        "historic": "monument",
        "name": "Група братських могил 18 червоноармійських воїнів, які загинули при вигнанні нацистських окупантів 5 квітня 1944 р.",
        "name:uk": "Група братських могил 18 червоноармійських воїнів, які загинули при вигнанні нацистських окупантів 5 квітня 1944 р."
      },
      "geometry": {
        "type": "Point",
        "coordinates": [
          30.3381172,
          46.6842769
        ]
      },
      "id": "node/8112964620"
    },
    {
      "type": "Feature",
      "properties": {
        "@id": "node/8120471072",
        "amenity": "cafe",
        "cuisine": "hot_dog",
        "delivery": "no",
        "internet_access": "no",
        "name": "Coffee & Hot-dog",
        "name:uk": "Coffee & Hot-dog",
        "outdoor_seating": "yes",
        "payment:cash": "yes",
        "payment:mastercard": "yes",
        "payment:visa": "yes"
      },
      "geometry": {
        "type": "Point",
        "coordinates": [
          30.7600579,
          46.4088565
        ]
      },
      "id": "node/8120471072"
    },
    {
      "type": "Feature",
      "properties": {
        "@id": "node/8150951121",
        "amenity": "cafe",
        "cuisine": "coffee_shop",
        "internet_access": "no",
        "name": "Coffee Love",
        "name:uk": "Coffee Love",
        "outdoor_seating": "no"
      },
      "geometry": {
        "type": "Point",
        "coordinates": [
          30.719754,
          46.4296136
        ]
      },
      "id": "node/8150951121"
    },
    {
      "type": "Feature",
      "properties": {
        "@id": "node/8169808743",
        "amenity": "cafe",
        "brand": "Франс.уа",
        "brand:wikidata": "Q122361953",
        "cuisine": "coffee_shop",
        "name": "Франс.уа",
        "name:ru": "Франс.уа",
        "name:uk": "Франс.уа",
        "takeaway": "yes",
        "wheelchair": "no"
      },
      "geometry": {
        "type": "Point",
        "coordinates": [
          30.7405695,
          46.4879705
        ]
      },
      "id": "node/8169808743"
    },
    {
      "type": "Feature",
      "properties": {
        "@id": "node/8267572568",
        "amenity": "cafe",
        "name": "Катя кейк",
        "name:uk": "Катя кейк"
      },
      "geometry": {
        "type": "Point",
        "coordinates": [
          30.839531,
          46.5613358
        ]
      },
      "id": "node/8267572568"
    },
    {
      "type": "Feature",
      "properties": {
        "@id": "node/8300029410",
        "amenity": "cafe",
        "name": "GREEN CAFE",
        "name:uk": "GREEN CAFE"
      },
      "geometry": {
        "type": "Point",
        "coordinates": [
          30.9092289,
          47.1993226
        ]
      },
      "id": "node/8300029410"
    },
    {
      "type": "Feature",
      "properties": {
        "@id": "node/8301112317",
        "name": "Музей Христо Ботєва",
        "name:ru": "музей Христо Ботева",
        "name:uk": "Музей Христо Ботєва",
        "tourism": "museum"
      },
      "geometry": {
        "type": "Point",
        "coordinates": [
          29.1067152,
          45.8278285
        ]
      },
      "id": "node/8301112317"
    },
    {
      "type": "Feature",
      "properties": {
        "@id": "node/8326934598",
        "amenity": "cafe",
        "opening_hours": "Mo-Su 07:00-23:00",
        "takeaway": "yes"
      },
      "geometry": {
        "type": "Point",
        "coordinates": [
          30.7044592,
          46.4400018
        ]
      },
      "id": "node/8326934598"
    },
    {
      "type": "Feature",
      "properties": {
        "@id": "node/8380075671",
        "addr:housenumber": "12",
        "addr:street": "Гаванная",
        "amenity": "cafe",
        "description": "кафе американской кухни, кальян",
        "name": "Slow Piggy",
        "name:uk": "Slow Piggy",
        "opening_hours": "Mo-Su 10:00-23:00",
        "phone": "+380 68 011 1888",
        "website": "https://slowpiggy.com.ua/"
      },
      "geometry": {
        "type": "Point",
        "coordinates": [
          30.7355792,
          46.4847057
        ]
      },
      "id": "node/8380075671"
    },
    {
      "type": "Feature",
      "properties": {
        "@id": "node/8384194856",
        "addr:housenumber": "1",
        "addr:street": "переулок Маяковского",
        "amenity": "restaurant",
        "name": "Ля Тюлька",
        "name:uk": "Ля Тюлька",
        "opening_hours": "Mo-Su 10:00-23:00",
        "phone": "+380 48 743 9366"
      },
      "geometry": {
        "type": "Point",
        "coordinates": [
          30.7357233,
          46.4866407
        ]
      },
      "id": "node/8384194856"
    },
    {
      "type": "Feature",
      "properties": {
        "@id": "node/8452212298",
        "amenity": "cafe"
      },
      "geometry": {
        "type": "Point",
        "coordinates": [
          30.1991899,
          46.4746476
        ]
      },
      "id": "node/8452212298"
    },
    {
      "type": "Feature",
      "properties": {
        "@id": "node/8482735214",
        "amenity": "restaurant"
      },
      "geometry": {
        "type": "Point",
        "coordinates": [
          30.2042814,
          46.4815896
        ]
      },
      "id": "node/8482735214"
    },
    {
      "type": "Feature",
      "properties": {
        "@id": "node/8506240417",
        "amenity": "cafe",
        "cuisine": "breakfast;coffee_shop",
        "name": "12 Coffee & Croissants",
        "name:uk": "12 Coffee & Croissants",
        "opening_hours": "Mo-Su 08:00-22:00"
      },
      "geometry": {
        "type": "Point",
        "coordinates": [
          30.7401077,
          46.4850977
        ]
      },
      "id": "node/8506240417"
    },
    {
      "type": "Feature",
      "properties": {
        "@id": "node/8541042218",
        "amenity": "cafe"
      },
      "geometry": {
        "type": "Point",
        "coordinates": [
          30.7326981,
          46.4715578
        ]
      },
      "id": "node/8541042218"
    },
    {
      "type": "Feature",
      "properties": {
        "@id": "node/8561745103",
        "addr:housenumber": "16а",
        "addr:street": "вулиця Владислава Бувалкіна",
        "amenity": "restaurant",
        "contact:facebook": "buzinacafe",
        "contact:instagram": "cafebuzina",
        "email": "buzinacafe@gmail.com",
        "internet_access": "wlan",
        "name": "Buzina",
        "name:uk": "Buzina",
        "phone": "+380 48 717 4145;+380 96 960 5043",
        "website": "https://buzina.com.ua/"
      },
      "geometry": {
        "type": "Point",
        "coordinates": [
          30.7891436,
          46.591525
        ]
      },
      "id": "node/8561745103"
    },
    {
      "type": "Feature",
      "properties": {
        "@id": "node/8561745108",
        "addr:housenumber": "14б",
        "addr:street": "вулиця Владислава Бувалкіна",
        "amenity": "cafe",
        "cuisine": "pizza",
        "name": "Rossetti",
        "name:uk": "Rossetti",
        "phone": "+380 68 884 7871"
      },
      "geometry": {
        "type": "Point",
        "coordinates": [
          30.7907441,
          46.5907169
        ]
      },
      "id": "node/8561745108"
    },
    {
      "type": "Feature",
      "properties": {
        "@id": "node/8566463118",
        "amenity": "cafe",
        "name": "Бумеранг",
        "name:ru": "Бумеранг",
        "name:uk": "Бумеранг",
        "operator": "гуцулюк"
      },
      "geometry": {
        "type": "Point",
        "coordinates": [
          29.630021,
          45.8434394
        ]
      },
      "id": "node/8566463118"
    },
    {
      "type": "Feature",
      "properties": {
        "@id": "node/8628370953",
        "addr:housenumber": "4/1",
        "addr:street": "Європейська площа",
        "name": "Hotel de Paris",
        "name:en": "Hotel de Paris",
        "name:ru": "Отель де пари",
        "name:uk": "Hotel de Paris",
        "tourism": "hotel"
      },
      "geometry": {
        "type": "Point",
        "coordinates": [
          30.7400152,
          46.4876061
        ]
      },
      "id": "node/8628370953"
    },
    {
      "type": "Feature",
      "properties": {
        "@id": "node/8628403484",
        "addr:housenumber": "4/1",
        "addr:street": "Європейська площа",
        "name": "Hotel de Paris",
        "name:uk": "Hotel de Paris",
        "tourism": "hotel"
      },
      "geometry": {
        "type": "Point",
        "coordinates": [
          30.7399951,
          46.4875978
        ]
      },
      "id": "node/8628403484"
    },
    {
      "type": "Feature",
      "properties": {
        "@id": "node/8628509594",
        "addr:housenumber": "32",
        "addr:street": "Академічна вулиця",
        "name": "Прем'єр готель",
        "name:uk": "Прем'єр готель",
        "tourism": "hotel"
      },
      "geometry": {
        "type": "Point",
        "coordinates": [
          30.76566,
          46.4421053
        ]
      },
      "id": "node/8628509594"
    },
    {
      "type": "Feature",
      "properties": {
        "@id": "node/8628599841",
        "addr:housenumber": "10",
        "addr:street": "вулиця Леха Качинського",
        "check_date": "2026-01-05",
        "name": "Il Decameron",
        "name:en": "Il Decameron",
        "name:uk": "Іль Декамерон",
        "opening_hours": "24/7",
        "tourism": "hotel",
        "website": "https://decameron.choiceqr.com/",
        "wheelchair": "no"
      },
      "geometry": {
        "type": "Point",
        "coordinates": [
          30.7445383,
          46.4814909
        ]
      },
      "id": "node/8628599841"
    },
    {
      "type": "Feature",
      "properties": {
        "@id": "node/8628625369",
        "addr:housenumber": "1",
        "addr:street": "Аркадійська алея",
        "amenity": "restaurant",
        "name": "NASH ресторан української кухні",
        "name:uk": "NASH ресторан української кухні"
      },
      "geometry": {
        "type": "Point",
        "coordinates": [
          30.7661729,
          46.428683
        ]
      },
      "id": "node/8628625369"
    },
    {
      "type": "Feature",
      "properties": {
        "@id": "node/8628625370",
        "addr:housenumber": "1",
        "addr:street": "Аркадійська алея",
        "amenity": "restaurant",
        "name": "НАШ ресторан",
        "name:uk": "НАШ ресторан"
      },
      "geometry": {
        "type": "Point",
        "coordinates": [
          30.766183,
          46.4286767
        ]
      },
      "id": "node/8628625370"
    },
    {
      "type": "Feature",
      "properties": {
        "@id": "node/8629001727",
        "addr:housenumber": "2",
        "addr:street": "проспект Небесної Сотні",
        "amenity": "restaurant",
        "cuisine": "pizza",
        "name": "Помодоро",
        "name:uk": "Помодоро"
      },
      "geometry": {
        "type": "Point",
        "coordinates": [
          30.7124798,
          46.4159377
        ]
      },
      "id": "node/8629001727"
    },
    {
      "type": "Feature",
      "properties": {
        "@id": "node/8629797389",
        "addr:housenumber": "54/23",
        "addr:street": "Французький бульвар",
        "amenity": "restaurant",
        "name": "Азума",
        "name:en": "Azuma",
        "name:uk": "Азума"
      },
      "geometry": {
        "type": "Point",
        "coordinates": [
          30.7664889,
          46.4414759
        ]
      },
      "id": "node/8629797389"
    },
    {
      "type": "Feature",
      "properties": {
        "@id": "node/8631215499",
        "addr:housenumber": "10",
        "addr:street": "Гаванна вулиця",
        "amenity": "restaurant",
        "name": "Jardin",
        "name:ru": "Жардин",
        "name:uk": "Jardin"
      },
      "geometry": {
        "type": "Point",
        "coordinates": [
          30.7354849,
          46.4850818
        ]
      },
      "id": "node/8631215499"
    },
    {
      "type": "Feature",
      "properties": {
        "@id": "node/8631228383",
        "addr:housenumber": "17",
        "addr:street": "Грецька вулиця",
        "amenity": "restaurant",
        "name": "Фрателли",
        "name:uk": "Фрателли",
        "opening_hours": "12:00-00:00",
        "phone": "+380 48 738 4848",
        "website": "https://www.facebook.com/fratelli.odessa/"
      },
      "geometry": {
        "type": "Point",
        "coordinates": [
          30.7415706,
          46.4820225
        ]
      },
      "id": "node/8631228383"
    },
    {
      "type": "Feature",
      "properties": {
        "@id": "node/8631299634",
        "addr:floor": "1",
        "addr:housenumber": "18",
        "addr:street": "Дерибасівська вулиця",
        "amenity": "restaurant",
        "check_date": "2026-01-05",
        "cuisine": "pizza;pasta;italian",
        "internet_access": "wlan",
        "internet_access:fee": "customers",
        "level": "0",
        "name": "Pasta & Pizza",
        "name:en": "Pasta & Pizza",
        "name:uk": "Паста і Піца",
        "opening_hours": "Mo-Th 09:00-22:00; Fr-Su 09:00-23:00",
        "payment:cash": "yes",
        "phone": "+380 66 197 0707",
        "takeaway": "yes",
        "website": "https://pastapizza.choiceqr.com",
        "wheelchair": "no"
      },
      "geometry": {
        "type": "Point",
        "coordinates": [
          30.7368572,
          46.4843771
        ]
      },
      "id": "node/8631299634"
    },
    {
      "type": "Feature",
      "properties": {
        "@id": "node/8631332163",
        "addr:housenumber": "3/7",
        "addr:street": "провулок Віце-адмірала Жукова",
        "amenity": "restaurant",
        "name": "Golden Rice",
        "name:ru": "Голден Райс",
        "name:uk": "Golden Rice"
      },
      "geometry": {
        "type": "Point",
        "coordinates": [
          30.7349899,
          46.4838077
        ]
      },
      "id": "node/8631332163"
    },
    {
      "type": "Feature",
      "properties": {
        "@id": "node/8631345331",
        "addr:housenumber": "6",
        "addr:street": "Олександрівський проспект",
        "amenity": "restaurant",
        "name": "Flagman",
        "name:ru": "Флагман",
        "name:uk": "Флагман"
      },
      "geometry": {
        "type": "Point",
        "coordinates": [
          30.7344753,
          46.4801454
        ]
      },
      "id": "node/8631345331"
    },
    {
      "type": "Feature",
      "properties": {
        "@id": "node/8631953648",
        "addr:housenumber": "7",
        "addr:street": "провулок Некрасова",
        "amenity": "restaurant",
        "name": "Sophie Cafe",
        "name:ru": "Софи Кафе",
        "name:uk": "Sophie Cafe"
      },
      "geometry": {
        "type": "Point",
        "coordinates": [
          30.7338635,
          46.4888102
        ]
      },
      "id": "node/8631953648"
    },
    {
      "type": "Feature",
      "properties": {
        "@id": "node/8631957137",
        "addr:housenumber": "9/12",
        "addr:street": "Тіниста вулиця",
        "amenity": "restaurant",
        "name": "Деварана Thai Restaurant&Spa",
        "name:ru": "Деварана",
        "name:uk": "Деварана Thai Restaurant&Spa"
      },
      "geometry": {
        "type": "Point",
        "coordinates": [
          30.7577491,
          46.4332607
        ]
      },
      "id": "node/8631957137"
    },
    {
      "type": "Feature",
      "properties": {
        "@id": "node/8631973993",
        "addr:housenumber": "8",
        "addr:street": "Олександрівський проспект",
        "amenity": "restaurant",
        "name": "Nonna Letizia",
        "name:ru": "Нона Летизия",
        "name:uk": "Nonna Letizia"
      },
      "geometry": {
        "type": "Point",
        "coordinates": [
          30.7346767,
          46.4796172
        ]
      },
      "id": "node/8631973993"
    },
    {
      "type": "Feature",
      "properties": {
        "@id": "node/8631986300",
        "addr:housenumber": "5",
        "addr:street": "Сонячна вулиця",
        "amenity": "restaurant",
        "name": "Акварель",
        "name:uk": "Акварель"
      },
      "geometry": {
        "type": "Point",
        "coordinates": [
          30.7498821,
          46.4366664
        ]
      },
      "id": "node/8631986300"
    },
    {
      "type": "Feature",
      "properties": {
        "@id": "node/8632020025",
        "addr:housenumber": "3б",
        "addr:street": "Генуезька вулиця",
        "amenity": "restaurant",
        "name": "Slow Piggy",
        "name:ru": "Слоу Пигги",
        "name:uk": "Slow Piggy"
      },
      "geometry": {
        "type": "Point",
        "coordinates": [
          30.7593738,
          46.4363374
        ]
      },
      "id": "node/8632020025"
    },
    {
      "type": "Feature",
      "properties": {
        "@id": "node/8632023105",
        "addr:housenumber": "24б",
        "addr:street": "Генуезька вулиця",
        "amenity": "restaurant",
        "name": "Le Grill",
        "name:ru": "Ле Гриль",
        "name:uk": "Le Grill"
      },
      "geometry": {
        "type": "Point",
        "coordinates": [
          30.7583807,
          46.4357039
        ]
      },
      "id": "node/8632023105"
    },
    {
      "type": "Feature",
      "properties": {
        "@id": "node/8632284496",
        "addr:housenumber": "93/1",
        "addr:street": "Фонтанська дорога",
        "amenity": "restaurant",
        "name": "MAMAN на Фонтане",
        "name:ru": "Маман на Фонтане",
        "name:uk": "MAMAN на Фонтане"
      },
      "geometry": {
        "type": "Point",
        "coordinates": [
          30.752697,
          46.4159361
        ]
      },
      "id": "node/8632284496"
    },
    {
      "type": "Feature",
      "properties": {
        "@id": "node/8636288925",
        "addr:housenumber": "28",
        "addr:street": "вулиця Ніни Строкатої",
        "amenity": "cafe",
        "contact:instagram": "https://www.instagram.com/waycupcoffeeodessa/",
        "cuisine": "coffee_shop",
        "name": "WAYCUP",
        "name:uk": "WAYCUP",
        "outdoor_seating": "yes"
      },
      "geometry": {
        "type": "Point",
        "coordinates": [
          30.7377307,
          46.4814048
        ]
      },
      "id": "node/8636288925"
    },
    {
      "type": "Feature",
      "properties": {
        "@id": "node/8636288926",
        "amenity": "restaurant",
        "cuisine": "georgian",
        "diet:vegetarian": "yes",
        "name": "Gaga",
        "name:uk": "Gaga",
        "opening_hours": "PH,Mo-Su 11:00-23:00"
      },
      "geometry": {
        "type": "Point",
        "coordinates": [
          30.7367255,
          46.4814703
        ]
      },
      "id": "node/8636288926"
    },
    {
      "type": "Feature",
      "properties": {
        "@id": "node/8643533717",
        "addr:housenumber": "16",
        "addr:street": "вулиця Академіка Корольова",
        "name": "Еліс Плейс",
        "name:en": "Alice Place Hotel",
        "name:uk": "Еліс Плейс",
        "tourism": "hotel"
      },
      "geometry": {
        "type": "Point",
        "coordinates": [
          30.719663,
          46.4125678
        ]
      },
      "id": "node/8643533717"
    },
    {
      "type": "Feature",
      "properties": {
        "@id": "node/8644068350",
        "addr:housenumber": "36/1",
        "addr:street": "проспект Князя Ярослава Мудрого",
        "amenity": "restaurant",
        "name": "Стар Пицца",
        "name:en": "StarPizzaCafe",
        "name:uk": "Стар Пицца"
      },
      "geometry": {
        "type": "Point",
        "coordinates": [
          30.7111295,
          46.3983539
        ]
      },
      "id": "node/8644068350"
    },
    {
      "type": "Feature",
      "properties": {
        "@id": "node/8644070527",
        "addr:housenumber": "12",
        "addr:street": "вулиця Ярослава Баїса",
        "amenity": "restaurant",
        "name": "Стар Пицца",
        "name:en": "StarPizzaCafe",
        "name:uk": "Стар Пицца"
      },
      "geometry": {
        "type": "Point",
        "coordinates": [
          30.8035308,
          46.5801605
        ]
      },
      "id": "node/8644070527"
    },
    {
      "type": "Feature",
      "properties": {
        "@id": "node/8661164187",
        "name": "Музей жертв политических репрессий",
        "name:ru": "Музей жертв политических репрессий",
        "name:uk": "Музей жертв політичних репресій",
        "signboard:ru": "yes",
        "tourism": "museum"
      },
      "geometry": {
        "type": "Point",
        "coordinates": [
          30.7545215,
          46.4405633
        ]
      },
      "id": "node/8661164187"
    },
    {
      "type": "Feature",
      "properties": {
        "@id": "node/8681388222",
        "addr:housenumber": "65а",
        "addr:street": "Ланжерон пляж",
        "name": "Готель Skopeli",
        "name:uk": "Готель Skopeli",
        "tourism": "hotel"
      },
      "geometry": {
        "type": "Point",
        "coordinates": [
          30.76482,
          46.4726993
        ]
      },
      "id": "node/8681388222"
    },
    {
      "type": "Feature",
      "properties": {
        "@id": "node/8681388231",
        "addr:housenumber": "5",
        "addr:street": "Гагарінське Плато",
        "name": "ОК Одеса готельно-ресторанний комплекс",
        "name:uk": "ОК Одеса готельно-ресторанний комплекс",
        "tourism": "hotel"
      },
      "geometry": {
        "type": "Point",
        "coordinates": [
          30.7614817,
          46.4330082
        ]
      },
      "id": "node/8681388231"
    },
    {
      "type": "Feature",
      "properties": {
        "@id": "node/8682578808",
        "addr:housenumber": "90",
        "addr:street": "Новоберегова вулиця",
        "name": "Колумбус",
        "name:uk": "Колумбус",
        "tourism": "hotel"
      },
      "geometry": {
        "type": "Point",
        "coordinates": [
          30.7640266,
          46.4179001
        ]
      },
      "id": "node/8682578808"
    },
    {
      "type": "Feature",
      "properties": {
        "@id": "node/8682578809",
        "addr:housenumber": "2а к2",
        "addr:street": "вулиця Бернардацці",
        "name": "Maristella Marine Residence",
        "name:uk": "Maristella Marine Residence",
        "tourism": "hotel"
      },
      "geometry": {
        "type": "Point",
        "coordinates": [
          30.7614786,
          46.4132655
        ]
      },
      "id": "node/8682578809"
    },
    {
      "type": "Feature",
      "properties": {
        "@id": "node/8702107269",
        "addr:housenumber": "109а",
        "addr:street": "проспект Князя Володимира Великого",
        "amenity": "cafe",
        "name": "BUDUSUSHI",
        "name:uk": "BUDUSUSHI",
        "phone": "+380 48 700 0808",
        "website": "https://budusushi.ua/"
      },
      "geometry": {
        "type": "Point",
        "coordinates": [
          30.7841865,
          46.5811656
        ]
      },
      "id": "node/8702107269"
    },
    {
      "type": "Feature",
      "properties": {
        "@id": "node/8703021230",
        "addr:housenumber": "86",
        "addr:street": "вулиця Семена Палія",
        "amenity": "cafe",
        "cuisine": "pizza",
        "name": "Resto-Presto",
        "name:ru": "Ресто-Престо",
        "name:uk": "Ресто-Престо",
        "opening_hours": "Mo-Su 10:00-22:00",
        "phone": "+380 63 192 2414;+380 97 332 2707",
        "website": "https://resto-presto.com.ua/"
      },
      "geometry": {
        "type": "Point",
        "coordinates": [
          30.7933375,
          46.5732143
        ]
      },
      "id": "node/8703021230"
    },
    {
      "type": "Feature",
      "properties": {
        "@id": "node/8709851972",
        "alt_name": "SuKe японське бістро",
        "alt_name:en": "SuKe Japanese Bistro",
        "amenity": "restaurant",
        "contact:instagram": "https://www.instagram.com/suke.japanese/",
        "cuisine": "japanese;asian",
        "name": "SuKe",
        "name:en": "SuKe",
        "name:uk": "SuKe",
        "opening_hours": "Mo-Su 09:00-24:00",
        "phone": "+380 96 202 0280"
      },
      "geometry": {
        "type": "Point",
        "coordinates": [
          30.7398686,
          46.4827252
        ]
      },
      "id": "node/8709851972"
    },
    {
      "type": "Feature",
      "properties": {
        "@id": "node/8714813766",
        "addr:housenumber": "31",
        "addr:street": "вулиця Владислава Бувалкіна",
        "amenity": "cafe",
        "cuisine": "european;ukrainian;italian;georgian;pizza",
        "internet_access": "wlan",
        "name": "Араміт",
        "name:ru": "Арамит",
        "name:uk": "Араміт",
        "phone": "+380 63 441 2898"
      },
      "geometry": {
        "type": "Point",
        "coordinates": [
          30.7993399,
          46.5845993
        ]
      },
      "id": "node/8714813766"
    },
    {
      "type": "Feature",
      "properties": {
        "@id": "node/8714813768",
        "addr:housenumber": "118",
        "addr:street": "вулиця Семена Палія",
        "air_conditioning": "yes",
        "amenity": "cafe",
        "cuisine": "asian;chinese;japanese;sushi",
        "internet_access": "wlan",
        "name": "BUDUSUSHI",
        "name:uk": "BUDUSUSHI",
        "opening_hours": "Mo-Su 11:00-23:00",
        "payment:credit_cards": "yes",
        "payment:debit_cards": "yes",
        "phone": "+380 48 700 0808;+380 73 700 0808;+380 99 700 0808;+380 96 700 0808",
        "website": "https://budusushi.ua/"
      },
      "geometry": {
        "type": "Point",
        "coordinates": [
          30.8013224,
          46.5849355
        ]
      },
      "id": "node/8714813768"
    },
    {
      "type": "Feature",
      "properties": {
        "@id": "node/8720486925",
        "amenity": "restaurant",
        "contact:facebook": "https://www.facebook.com/amsterdam.odessa/",
        "contact:instagram": "https://www.instagram.com/amsterdam.odessa/",
        "cuisine": "european;breakfast",
        "name": "Амстердам",
        "name:en": "Amsterdam",
        "name:ru": "Амстердам",
        "name:uk": "Амстердам",
        "opening_hours": "24/7",
        "phone": "+380 50 732 4109"
      },
      "geometry": {
        "type": "Point",
        "coordinates": [
          30.7392758,
          46.4842599
        ]
      },
      "id": "node/8720486925"
    },
    {
      "type": "Feature",
      "properties": {
        "@id": "node/8721525062",
        "amenity": "restaurant",
        "contact:facebook": "https://www.facebook.com/vandalodessa/",
        "contact:instagram": "https://www.instagram.com/vandalodessa/",
        "name": "Vandal",
        "name:uk": "Vandal",
        "phone": "+380 73 370 7776"
      },
      "geometry": {
        "type": "Point",
        "coordinates": [
          30.738907,
          46.4859974
        ]
      },
      "id": "node/8721525062"
    },
    {
      "type": "Feature",
      "properties": {
        "@id": "node/8721525063",
        "amenity": "restaurant",
        "contact:facebook": "https://www.facebook.com/louloucafe.odessa/",
        "contact:instagram": "https://www.instagram.com/loulou.odessa/",
        "name": "Lou Lou",
        "name:uk": "Lou Lou",
        "opening_hours": "Mo-Su 09:00-24:00",
        "phone": "+380 68 700 3070"
      },
      "geometry": {
        "type": "Point",
        "coordinates": [
          30.7389208,
          46.4861018
        ]
      },
      "id": "node/8721525063"
    },
    {
      "type": "Feature",
      "properties": {
        "@id": "node/8721570625",
        "amenity": "cafe",
        "contact:facebook": "https://www.facebook.com/BellaVermuteria/",
        "contact:instagram": "https://instagram.com/bella.vermuteria",
        "contact:telegram": "https://t.me/BellaLoveYouVermuteria",
        "name": "Bella Vermuteria",
        "name:uk": "Bella Vermuteria",
        "opening_hours": "Mo-Th 10:00-22:00; Fr-Sa 10:00-23:00; Su 10:00-22:00",
        "phone": "+380 99 038 8466",
        "website": "https://bella-vermuteria.tilda.ws"
      },
      "geometry": {
        "type": "Point",
        "coordinates": [
          30.7353826,
          46.4893376
        ]
      },
      "id": "node/8721570625"
    },
    {
      "type": "Feature",
      "properties": {
        "@id": "node/8844755317",
        "amenity": "cafe",
        "name": "Якорь",
        "name:uk": "Якорь"
      },
      "geometry": {
        "type": "Point",
        "coordinates": [
          29.5954921,
          45.3972907
        ]
      },
      "id": "node/8844755317"
    },
    {
      "type": "Feature",
      "properties": {
        "@id": "node/8906917819",
        "name": "Музей бетону",
        "name:uk": "Музей бетону",
        "tourism": "museum"
      },
      "geometry": {
        "type": "Point",
        "coordinates": [
          30.7460176,
          46.5458774
        ]
      },
      "id": "node/8906917819"
    },
    {
      "type": "Feature",
      "properties": {
        "@id": "node/8910475301",
        "amenity": "cafe"
      },
      "geometry": {
        "type": "Point",
        "coordinates": [
          30.8398005,
          46.5529314
        ]
      },
      "id": "node/8910475301"
    },
    {
      "type": "Feature",
      "properties": {
        "@id": "node/8914773591",
        "amenity": "cafe",
        "name": "Petro - Cafe",
        "name:uk": "Petro - Cafe",
        "opening_hours": "24/7"
      },
      "geometry": {
        "type": "Point",
        "coordinates": [
          30.5541138,
          46.6144159
        ]
      },
      "id": "node/8914773591"
    },
    {
      "type": "Feature",
      "properties": {
        "@id": "node/8944297521",
        "amenity": "cafe",
        "contact:email": "merryberry.whale@gmail.com",
        "contact:facebook": "https://www.facebook.com/ilovemerryberry/",
        "contact:instagram": "https://www.instagram.com/merry_berry_cafe/",
        "contact:phone": "+380 63 649 3370",
        "contact:website": "https://merry-berry.ua/",
        "name": "Merry Berry",
        "name:uk": "Merry Berry",
        "opening_hours": "24/7",
        "operator": "Меррі-Групп"
      },
      "geometry": {
        "type": "Point",
        "coordinates": [
          30.7106366,
          46.4212675
        ]
      },
      "id": "node/8944297521"
    },
    {
      "type": "Feature",
      "properties": {
        "@id": "node/8944297522",
        "amenity": "cafe",
        "contact:email": "merryberry.whale@gmail.com",
        "contact:facebook": "https://www.facebook.com/ilovemerryberry/",
        "contact:instagram": "https://www.instagram.com/merry_berry_cafe/",
        "contact:phone": "+380 63 506 1775",
        "contact:website": "https://merry-berry.ua/",
        "name": "Merry Berry",
        "name:uk": "Merry Berry",
        "opening_hours": "Mo-Fr 08:30-22:00;Sa-Su 09:00-22:00",
        "operator": "Меррі-Групп"
      },
      "geometry": {
        "type": "Point",
        "coordinates": [
          30.7584465,
          46.4353763
        ]
      },
      "id": "node/8944297522"
    },
    {
      "type": "Feature",
      "properties": {
        "@id": "node/8944297523",
        "amenity": "cafe",
        "contact:email": "merryberry.whale@gmail.com",
        "contact:facebook": "https://www.facebook.com/ilovemerryberry/",
        "contact:instagram": "https://www.instagram.com/merry_berry_cafe/",
        "contact:phone": "+380 63 437 4696",
        "contact:website": "https://merry-berry.ua/",
        "name": "Merry Berry",
        "name:uk": "Merry Berry",
        "opening_hours": "Mo-Su 10:00-22:00",
        "operator": "Меррі-Групп"
      },
      "geometry": {
        "type": "Point",
        "coordinates": [
          30.760552,
          46.434319
        ]
      },
      "id": "node/8944297523"
    },
    {
      "type": "Feature",
      "properties": {
        "@id": "node/8944297524",
        "amenity": "cafe",
        "contact:email": "merryberry.whale@gmail.com",
        "contact:facebook": "https://www.facebook.com/ilovemerryberry/",
        "contact:instagram": "https://www.instagram.com/merry_berry_cafe/",
        "contact:phone": "+380 63 612 8919",
        "contact:website": "https://merry-berry.ua/",
        "name": "Merry Berry",
        "name:uk": "Merry Berry",
        "opening_hours": "Mo-Fr 08:00-22:00;Sa-Su 09:00-22:00",
        "operator": "Меррі-Групп"
      },
      "geometry": {
        "type": "Point",
        "coordinates": [
          30.7383889,
          46.4784201
        ]
      },
      "id": "node/8944297524"
    },
    {
      "type": "Feature",
      "properties": {
        "@id": "node/8944297525",
        "amenity": "cafe",
        "contact:email": "merryberry.whale@gmail.com",
        "contact:facebook": "https://www.facebook.com/ilovemerryberry/",
        "contact:instagram": "https://www.instagram.com/merry_berry_cafe/",
        "contact:phone": "+380 93 153 2127",
        "contact:website": "https://merry-berry.ua/",
        "name": "Merry Berry",
        "name:uk": "Merry Berry",
        "opening_hours": "Mo 08:00-22:00;Tu-Su 09:00-22:00",
        "operator": "Меррі-Групп"
      },
      "geometry": {
        "type": "Point",
        "coordinates": [
          30.7376991,
          46.467411
        ]
      },
      "id": "node/8944297525"
    },
    {
      "type": "Feature",
      "properties": {
        "@id": "node/8944297526",
        "amenity": "cafe",
        "contact:email": "merryberry.whale@gmail.com",
        "contact:facebook": "https://www.facebook.com/ilovemerryberry/",
        "contact:instagram": "https://www.instagram.com/merry_berry_cafe/",
        "contact:phone": "+380 68 180 0826",
        "contact:website": "https://merry-berry.ua/",
        "name": "Merry Berry",
        "name:uk": "Merry Berry",
        "opening_hours": "Mo-Fr,Su 08:00-22:00;Sa 09:00-22:00",
        "operator": "Меррі-Групп"
      },
      "geometry": {
        "type": "Point",
        "coordinates": [
          30.7467925,
          46.4718344
        ]
      },
      "id": "node/8944297526"
    },
    {
      "type": "Feature",
      "properties": {
        "@id": "node/8977994226",
        "amenity": "cafe"
      },
      "geometry": {
        "type": "Point",
        "coordinates": [
          30.7313602,
          46.3727699
        ]
      },
      "id": "node/8977994226"
    },
    {
      "type": "Feature",
      "properties": {
        "@id": "node/8989257030",
        "addr:housenumber": "36",
        "addr:street": "Troiskaya Street",
        "name": "Boomerang Business Hotel",
        "name:uk": "Boomerang Business Hotel",
        "tourism": "hotel"
      },
      "geometry": {
        "type": "Point",
        "coordinates": [
          30.7387633,
          46.4769727
        ]
      },
      "id": "node/8989257030"
    },
    {
      "type": "Feature",
      "properties": {
        "@id": "node/9022257021",
        "amenity": "cafe",
        "cuisine": "italian;pizza;seafood;sushi",
        "internet_access": "wlan",
        "name": "Сушибосс",
        "name:en": "Sushiboss",
        "name:uk": "Сушібос",
        "opening_hours": "Mo-Su 10:00-23:00",
        "website": "https://sushiboss.od.ua/"
      },
      "geometry": {
        "type": "Point",
        "coordinates": [
          30.7471957,
          46.4718076
        ]
      },
      "id": "node/9022257021"
    },
    {
      "type": "Feature",
      "properties": {
        "@id": "node/9031439634",
        "name": "Villa milana",
        "name:uk": "Villa milana",
        "tourism": "hotel"
      },
      "geometry": {
        "type": "Point",
        "coordinates": [
          30.4445536,
          46.0597624
        ]
      },
      "id": "node/9031439634"
    },
    {
      "type": "Feature",
      "properties": {
        "@id": "node/9041397670",
        "addr:housenumber": "22/24",
        "addr:postcode": "65104",
        "amenity": "cafe",
        "cuisine": "regional;georgian",
        "name": "Колхети",
        "name:uk": "Колхети",
        "opening_hours": "Mo-Su 11:00-23:00",
        "outdoor_seating": "yes",
        "phone": "+380 93 144 6360",
        "website": "https://kolhetikhinkalna.od.ua"
      },
      "geometry": {
        "type": "Point",
        "coordinates": [
          30.7180283,
          46.3985631
        ]
      },
      "id": "node/9041397670"
    },
    {
      "type": "Feature",
      "properties": {
        "@id": "node/9043459716",
        "amenity": "restaurant"
      },
      "geometry": {
        "type": "Point",
        "coordinates": [
          30.6285095,
          46.2578683
        ]
      },
      "id": "node/9043459716"
    },
    {
      "type": "Feature",
      "properties": {
        "@id": "node/9062004823",
        "amenity": "restaurant",
        "cuisine": "asian",
        "name": "Дядюшка Чао",
        "name:uk": "Дядюшка Чао"
      },
      "geometry": {
        "type": "Point",
        "coordinates": [
          30.7633474,
          46.4702471
        ]
      },
      "id": "node/9062004823"
    },
    {
      "type": "Feature",
      "properties": {
        "@id": "node/9064004268",
        "amenity": "cafe",
        "name": "Vivus",
        "name:en": "Vivus",
        "name:ru": "Вивус",
        "name:uk": "Вівус",
        "opening_hours": "Mo-Su 08:00-21:00",
        "strapline": "Coffee Roasters",
        "wheelchair": "no"
      },
      "geometry": {
        "type": "Point",
        "coordinates": [
          28.8383712,
          45.3414241
        ]
      },
      "id": "node/9064004268"
    },
    {
      "type": "Feature",
      "properties": {
        "@id": "node/9107519620",
        "addr:housenumber": "2",
        "addr:street": "Грецька площа",
        "name": "Світ на дотик",
        "name:uk": "Світ на дотик",
        "opening_hours": "Mo-Su 10:00-22:00",
        "phone": "+380 73 144 2034",
        "tourism": "museum",
        "website": "http://touch-world.com.ua/"
      },
      "geometry": {
        "type": "Point",
        "coordinates": [
          30.7345573,
          46.4825914
        ]
      },
      "id": "node/9107519620"
    },
    {
      "type": "Feature",
      "properties": {
        "@id": "node/9115214564",
        "amenity": "cafe",
        "name": "The BAGEL",
        "name:uk": "The BAGEL",
        "opening_hours": "Mo-Su 09:00-21:00",
        "phone": "+380 68 015 9230",
        "website": "https://thebagel.com.ua"
      },
      "geometry": {
        "type": "Point",
        "coordinates": [
          30.7215193,
          46.3991412
        ]
      },
      "id": "node/9115214564"
    },
    {
      "type": "Feature",
      "properties": {
        "@id": "node/9116799395",
        "amenity": "cafe",
        "name": "Royal Coffee",
        "name:en": "Royal Coffee",
        "name:uk": "Royal Coffee",
        "opening_hours": "Tu-Su 07:00-18:00",
        "wheelchair": "no"
      },
      "geometry": {
        "type": "Point",
        "coordinates": [
          28.8393127,
          45.3421196
        ]
      },
      "id": "node/9116799395"
    },
    {
      "type": "Feature",
      "properties": {
        "@id": "node/9140194140",
        "amenity": "cafe",
        "name": "Світанок",
        "name:uk": "Світанок"
      },
      "geometry": {
        "type": "Point",
        "coordinates": [
          29.878057,
          47.3354249
        ]
      },
      "id": "node/9140194140"
    },
    {
      "type": "Feature",
      "properties": {
        "@id": "node/9140194141",
        "amenity": "cafe",
        "name": "Престиж",
        "name:uk": "Престиж"
      },
      "geometry": {
        "type": "Point",
        "coordinates": [
          29.8774642,
          47.3349977
        ]
      },
      "id": "node/9140194141"
    },
    {
      "type": "Feature",
      "properties": {
        "@id": "node/9140194143",
        "amenity": "cafe",
        "name": "Роксолана",
        "name:uk": "Роксолана"
      },
      "geometry": {
        "type": "Point",
        "coordinates": [
          29.8772763,
          47.3358421
        ]
      },
      "id": "node/9140194143"
    },
    {
      "type": "Feature",
      "properties": {
        "@id": "node/9179237517",
        "amenity": "cafe",
        "name": "WOG кафе",
        "name:en": "WOG cafe",
        "name:uk": "WOG кафе"
      },
      "geometry": {
        "type": "Point",
        "coordinates": [
          30.6746693,
          46.442444
        ]
      },
      "id": "node/9179237517"
    },
    {
      "type": "Feature",
      "properties": {
        "@id": "node/9180364917",
        "name": "Готель Венера",
        "name:en": "Venus Hotel",
        "name:uk": "Готель Венера",
        "tourism": "hotel"
      },
      "geometry": {
        "type": "Point",
        "coordinates": [
          30.7315475,
          46.4780925
        ]
      },
      "id": "node/9180364917"
    },
    {
      "type": "Feature",
      "properties": {
        "@id": "node/9201273628",
        "addr:housenumber": "36",
        "addr:postcode": "67400",
        "addr:street": "Європейська вулиця",
        "museum": "history",
        "name": "Роздільнянський палац культури",
        "name:uk": "Роздільнянський палац культури",
        "operator": "Роздільнянська міська рада",
        "operator:type": "government",
        "tourism": "museum"
      },
      "geometry": {
        "type": "Point",
        "coordinates": [
          30.0732,
          46.853914
        ]
      },
      "id": "node/9201273628"
    },
    {
      "type": "Feature",
      "properties": {
        "@id": "node/9269531487",
        "amenity": "cafe",
        "cuisine": "coffee_shop",
        "name": "Coffee Time",
        "name:uk": "Coffee Time",
        "takeaway": "only"
      },
      "geometry": {
        "type": "Point",
        "coordinates": [
          30.7164298,
          46.4290164
        ]
      },
      "id": "node/9269531487"
    },
    {
      "type": "Feature",
      "properties": {
        "@id": "node/9335138678",
        "author": "Віталій Рожик",
        "historic": "monument",
        "memorial": "statue",
        "name": "Євген Чикаленко",
        "name:uk": "Євген Чикаленко",
        "start_date": "2021-12-03"
      },
      "geometry": {
        "type": "Point",
        "coordinates": [
          29.7372891,
          47.5363202
        ]
      },
      "id": "node/9335138678"
    },
    {
      "type": "Feature",
      "properties": {
        "@id": "node/9385825818",
        "amenity": "cafe",
        "name": "Ethereum",
        "name:en": "Etherium",
        "name:uk": "Ethereum",
        "opening_hours": "Mo-Su 09:00-21:00",
        "payment:contactless": "yes",
        "smoking": "no",
        "wheelchair": "limited"
      },
      "geometry": {
        "type": "Point",
        "coordinates": [
          28.8170058,
          45.3538662
        ]
      },
      "id": "node/9385825818"
    },
    {
      "type": "Feature",
      "properties": {
        "@id": "node/9411069435",
        "amenity": "cafe"
      },
      "geometry": {
        "type": "Point",
        "coordinates": [
          30.2839343,
          47.8443449
        ]
      },
      "id": "node/9411069435"
    },
    {
      "type": "Feature",
      "properties": {
        "@id": "node/9411069451",
        "amenity": "cafe",
        "name": "Селфі",
        "name:ru": "Сэлфи",
        "name:uk": "Селфі"
      },
      "geometry": {
        "type": "Point",
        "coordinates": [
          30.25644,
          47.8311864
        ]
      },
      "id": "node/9411069451"
    },
    {
      "type": "Feature",
      "properties": {
        "@id": "node/9411953585",
        "amenity": "cafe",
        "cuisine": "coffee_shop"
      },
      "geometry": {
        "type": "Point",
        "coordinates": [
          30.2555553,
          47.8314186
        ]
      },
      "id": "node/9411953585"
    },
    {
      "type": "Feature",
      "properties": {
        "@id": "node/9412813991",
        "tourism": "hotel"
      },
      "geometry": {
        "type": "Point",
        "coordinates": [
          30.2553819,
          47.8433627
        ]
      },
      "id": "node/9412813991"
    },
    {
      "type": "Feature",
      "properties": {
        "@id": "node/9412823851",
        "amenity": "restaurant",
        "cuisine": "pizza",
        "name": "Pizza House",
        "name:uk": "Pizza House"
      },
      "geometry": {
        "type": "Point",
        "coordinates": [
          30.2600267,
          47.8357365
        ]
      },
      "id": "node/9412823851"
    },
    {
      "type": "Feature",
      "properties": {
        "@id": "node/9420044004",
        "amenity": "cafe"
      },
      "geometry": {
        "type": "Point",
        "coordinates": [
          30.2754983,
          47.845696
        ]
      },
      "id": "node/9420044004"
    },
    {
      "type": "Feature",
      "properties": {
        "@id": "node/9430401724",
        "amenity": "cafe",
        "contact:facebook": "https://www.facebook.com/LvivCroissants/",
        "contact:instagram": "https://www.instagram.com/LvivCroissants/",
        "contact:phone": "+380 73 733 0020",
        "contact:website": "https://www.lviv-croissants.com/",
        "name": "Lviv Croissants",
        "name:uk": "Lviv Croissants",
        "opening_hours": "Mo 09:00-22:00;Tu-Su 09:00-21:00"
      },
      "geometry": {
        "type": "Point",
        "coordinates": [
          30.763097,
          46.430089
        ]
      },
      "id": "node/9430401724"
    },
    {
      "type": "Feature",
      "properties": {
        "@id": "node/9430401725",
        "amenity": "cafe",
        "contact:facebook": "https://www.facebook.com/LvivCroissants/",
        "contact:instagram": "https://www.instagram.com/LvivCroissants/",
        "contact:phone": "+380 48 787 2040",
        "contact:website": "https://www.lviv-croissants.com/",
        "name": "Lviv Croissants",
        "name:uk": "Lviv Croissants",
        "opening_hours": "Mo-Su 09:00-21:00"
      },
      "geometry": {
        "type": "Point",
        "coordinates": [
          30.7495515,
          46.4792141
        ]
      },
      "id": "node/9430401725"
    },
    {
      "type": "Feature",
      "properties": {
        "@id": "node/9430401727",
        "amenity": "cafe",
        "name": "Клумба",
        "name:ru": "Клумба",
        "name:uk": "Клумба",
        "opening_hours": "Mo-Su 08:00-22:00",
        "outdoor_seating": "yes"
      },
      "geometry": {
        "type": "Point",
        "coordinates": [
          30.713867,
          46.42922
        ]
      },
      "id": "node/9430401727"
    },
    {
      "type": "Feature",
      "properties": {
        "@id": "node/9435374515",
        "amenity": "cafe"
      },
      "geometry": {
        "type": "Point",
        "coordinates": [
          30.4389047,
          46.2430381
        ]
      },
      "id": "node/9435374515"
    },
    {
      "type": "Feature",
      "properties": {
        "@id": "node/9504413452",
        "contact:email": "delmar@pdm.com.ua",
        "contact:instagram": "https://www.instagram.com/palace_del_mar/",
        "contact:phone": "+380 67 350 9966",
        "contact:website": "https://pdm.com.ua/",
        "name": "Palace Del Mar",
        "name:uk": "Palace Del Mar",
        "opening_hours": "24/7",
        "tourism": "hotel"
      },
      "geometry": {
        "type": "Point",
        "coordinates": [
          30.7635346,
          46.42705
        ]
      },
      "id": "node/9504413452"
    },
    {
      "type": "Feature",
      "properties": {
        "@id": "node/9573960134",
        "amenity": "cafe",
        "cuisine": "chinese",
        "diet:vegetarian": "yes",
        "level": "1",
        "name": "Chin Chin",
        "name:uk": "Chin Chin",
        "opening_hours": "Mo-Su 10:00-22:00",
        "website": "https://chin-chin.ua/"
      },
      "geometry": {
        "type": "Point",
        "coordinates": [
          30.8375856,
          46.5642947
        ]
      },
      "id": "node/9573960134"
    },
    {
      "type": "Feature",
      "properties": {
        "@id": "node/9579551539",
        "addr:housenumber": "38",
        "addr:street": "Преображенська вулиця",
        "amenity": "cafe",
        "contact:instagram": "pokeway_odessa",
        "cuisine": "pasta;seafood;soba",
        "diet:vegetarian": "yes",
        "name": "PokeWay",
        "name:uk": "PokeWay",
        "opening_hours": "Mo-Su 10:00-20:00",
        "outdoor_seating": "no",
        "phone": "+380934156935"
      },
      "geometry": {
        "type": "Point",
        "coordinates": [
          30.7326159,
          46.4827053
        ]
      },
      "id": "node/9579551539"
    },
    {
      "type": "Feature",
      "properties": {
        "@id": "node/9607396238",
        "amenity": "cafe"
      },
      "geometry": {
        "type": "Point",
        "coordinates": [
          30.7364267,
          46.4840884
        ]
      },
      "id": "node/9607396238"
    },
    {
      "type": "Feature",
      "properties": {
        "@id": "node/9607396240",
        "amenity": "cafe",
        "cuisine": "coffee_shop"
      },
      "geometry": {
        "type": "Point",
        "coordinates": [
          30.736648,
          46.4840644
        ]
      },
      "id": "node/9607396240"
    },
    {
      "type": "Feature",
      "properties": {
        "@id": "node/9620700347",
        "addr:housenumber": "1",
        "addr:street": "Соборна площа",
        "amenity": "cafe",
        "cuisine": "french",
        "name": "Marie L'eclair",
        "name:uk": "Marie L'eclair",
        "website": "https://marie-leclair.od.ua/"
      },
      "geometry": {
        "type": "Point",
        "coordinates": [
          30.7306269,
          46.4823642
        ]
      },
      "id": "node/9620700347"
    },
    {
      "type": "Feature",
      "properties": {
        "@id": "node/9622406919",
        "addr:housenumber": "3/7",
        "addr:street": "провулок Віце-адмірала Жукова",
        "amenity": "cafe",
        "contact:instagram": "salute_od",
        "cuisine": "cake;coffee_shop;tea",
        "diet:vegan": "yes",
        "name": "Salute!",
        "name:en": "Salute!",
        "name:uk": "Salute!",
        "opening_hours": "Mo-Fr 09:00-20:00; Sa-Su 10:00-20:00"
      },
      "geometry": {
        "type": "Point",
        "coordinates": [
          30.7347031,
          46.4838025
        ]
      },
      "id": "node/9622406919"
    },
    {
      "type": "Feature",
      "properties": {
        "@id": "node/9622406933",
        "addr:housenumber": "4",
        "addr:street": "Соборна площа",
        "amenity": "cafe",
        "name": "Профітролі",
        "name:en": "Profitroli",
        "name:ru": "Профитроли",
        "name:uk": "Профітролі",
        "website": "https://profitroli.od.ua/"
      },
      "geometry": {
        "type": "Point",
        "coordinates": [
          30.7303495,
          46.4839111
        ]
      },
      "id": "node/9622406933"
    },
    {
      "type": "Feature",
      "properties": {
        "@id": "node/9622406935",
        "amenity": "cafe",
        "name": "Icetory",
        "name:uk": "Icetory"
      },
      "geometry": {
        "type": "Point",
        "coordinates": [
          30.7309971,
          46.4851928
        ]
      },
      "id": "node/9622406935"
    },
    {
      "type": "Feature",
      "properties": {
        "@id": "node/9622406936",
        "amenity": "restaurant",
        "cuisine": "chinese",
        "name": "Chinatown",
        "name:uk": "Chinatown"
      },
      "geometry": {
        "type": "Point",
        "coordinates": [
          30.7308488,
          46.4852796
        ]
      },
      "id": "node/9622406936"
    },
    {
      "type": "Feature",
      "properties": {
        "@id": "node/9622406938",
        "addr:housenumber": "7",
        "addr:street": "Садова вулиця",
        "amenity": "cafe",
        "cuisine": "coffee_shop",
        "name": "Mokka Coffee",
        "name:uk": "Mokka Coffee"
      },
      "geometry": {
        "type": "Point",
        "coordinates": [
          30.7288206,
          46.4863248
        ]
      },
      "id": "node/9622406938"
    },
    {
      "type": "Feature",
      "properties": {
        "@id": "node/9630414302",
        "addr:housenumber": "39",
        "addr:street": "вулиця Ніни Строкатої",
        "amenity": "cafe",
        "name": "Токіо Хаус",
        "name:en": "Tokio House",
        "name:uk": "Токіо Хаус"
      },
      "geometry": {
        "type": "Point",
        "coordinates": [
          30.7335792,
          46.4813645
        ]
      },
      "id": "node/9630414302"
    },
    {
      "type": "Feature",
      "properties": {
        "@id": "node/9630414303",
        "addr:housenumber": "35",
        "addr:street": "вулиця Ніни Строкатої",
        "amenity": "cafe",
        "cuisine": "asian",
        "name": "Kum Kim",
        "name:en": "Kum Kim",
        "name:uk": "Kum Kim"
      },
      "geometry": {
        "type": "Point",
        "coordinates": [
          30.7342833,
          46.4813248
        ]
      },
      "id": "node/9630414303"
    },
    {
      "type": "Feature",
      "properties": {
        "@id": "node/9630414304",
        "amenity": "cafe",
        "name": "Izzi",
        "name:en": "Izzi",
        "name:uk": "Izzi"
      },
      "geometry": {
        "type": "Point",
        "coordinates": [
          30.7348629,
          46.4810409
        ]
      },
      "id": "node/9630414304"
    },
    {
      "type": "Feature",
      "properties": {
        "@id": "node/9630414307",
        "addr:housenumber": "11",
        "addr:street": "Красний провулок",
        "amenity": "cafe",
        "cuisine": "cake",
        "name": "Тут і зараз",
        "name:ru": "Здесь и сейчас",
        "name:uk": "Тут і зараз"
      },
      "geometry": {
        "type": "Point",
        "coordinates": [
          30.7373622,
          46.481436
        ]
      },
      "id": "node/9630414307"
    },
    {
      "type": "Feature",
      "properties": {
        "@id": "node/9630426519",
        "addr:housenumber": "28",
        "addr:street": "вулиця Ніни Строкатої",
        "amenity": "restaurant",
        "cuisine": "sushi",
        "name": "Navi",
        "name:uk": "Navi",
        "website": "https://navisushi.od.ua/"
      },
      "geometry": {
        "type": "Point",
        "coordinates": [
          30.7378243,
          46.4813982
        ]
      },
      "id": "node/9630426519"
    },
    {
      "type": "Feature",
      "properties": {
        "@id": "node/9707980394",
        "amenity": "cafe",
        "name": "Кім",
        "name:uk": "Кім"
      },
      "geometry": {
        "type": "Point",
        "coordinates": [
          30.7211342,
          46.4845517
        ]
      },
      "id": "node/9707980394"
    },
    {
      "type": "Feature",
      "properties": {
        "@id": "node/9710321640",
        "amenity": "restaurant",
        "cuisine": "chinese",
        "diet:meat": "yes",
        "diet:pescetarian": "yes",
        "diet:vegetarian": "yes",
        "name": "Chin-Chin",
        "name:uk": "Chin-Chin",
        "website": "https://chin-chin.ua/"
      },
      "geometry": {
        "type": "Point",
        "coordinates": [
          30.8015174,
          46.5842495
        ]
      },
      "id": "node/9710321640"
    },
    {
      "type": "Feature",
      "properties": {
        "@id": "node/9905796217",
        "amenity": "restaurant",
        "cuisine": "regional",
        "internet_access": "wlan",
        "name": "Колиба Легенда Ю",
        "name:en": "Kolyba Legenda Yu",
        "name:uk": "Колиба Легенда Ю",
        "opening_hours": "Mo-Su 12:00-23:00",
        "outdoor_seating": "yes",
        "phone": "+380976757530",
        "website": "https://www.instagram.com/legenda_u/?hl=en"
      },
      "geometry": {
        "type": "Point",
        "coordinates": [
          29.4161041,
          46.0060593
        ]
      },
      "id": "node/9905796217"
    },
    {
      "type": "Feature",
      "properties": {
        "@id": "node/9936162505",
        "amenity": "cafe",
        "cuisine": "coffee_shop",
        "name": "Смажимо каву",
        "name:uk": "Смажимо каву"
      },
      "geometry": {
        "type": "Point",
        "coordinates": [
          30.7974922,
          46.5776525
        ]
      },
      "id": "node/9936162505"
    },
    {
      "type": "Feature",
      "properties": {
        "@id": "node/9937399025",
        "amenity": "restaurant",
        "name": "Шкільна їдальня",
        "name:uk": "Шкільна їдальня"
      },
      "geometry": {
        "type": "Point",
        "coordinates": [
          29.3330165,
          45.5533785
        ]
      },
      "id": "node/9937399025"
    },
    {
      "type": "Feature",
      "properties": {
        "@id": "node/9937399029",
        "addr:housenumber": "75",
        "addr:postcode": "68332",
        "addr:street": "вулиця М. А. Музики",
        "level": "2",
        "name": "Шкільний музей імені Тараса Григорович Шевченка",
        "name:uk": "Шкільний музей імені Тараса Григорович Шевченка",
        "tourism": "museum"
      },
      "geometry": {
        "type": "Point",
        "coordinates": [
          29.3335435,
          45.5533176
        ]
      },
      "id": "node/9937399029"
    },
    {
      "type": "Feature",
      "properties": {
        "@id": "node/9957571325",
        "amenity": "cafe",
        "name": "Білий континент",
        "name:uk": "Білий континент"
      },
      "geometry": {
        "type": "Point",
        "coordinates": [
          29.3385298,
          45.5560841
        ]
      },
      "id": "node/9957571325"
    },
    {
      "type": "Feature",
      "properties": {
        "@id": "node/9968874268",
        "name": "Школа мистецтв",
        "name:uk": "Школа мистецтв",
        "tourism": "gallery"
      },
      "geometry": {
        "type": "Point",
        "coordinates": [
          29.3333723,
          45.5510963
        ]
      },
      "id": "node/9968874268"
    },
    {
      "type": "Feature",
      "properties": {
        "@id": "node/9972862171",
        "amenity": "cafe",
        "check_date": "2023-10-02",
        "name": "Petro-cafe",
        "name:uk": "Petro-cafe",
        "opening_hours": "off"
      },
      "geometry": {
        "type": "Point",
        "coordinates": [
          30.5166869,
          46.1354089
        ]
      },
      "id": "node/9972862171"
    },
    {
      "type": "Feature",
      "properties": {
        "@id": "node/9973863729",
        "museum": "history",
        "name": "Музей історії с. Шевченкове",
        "name:uk": "Музей історії с. Шевченкове",
        "tourism": "museum"
      },
      "geometry": {
        "type": "Point",
        "coordinates": [
          29.3383553,
          45.5561365
        ]
      },
      "id": "node/9973863729"
    },
    {
      "type": "Feature",
      "properties": {
        "@id": "node/9989423304",
        "name": "Історія Шевченкове у фотографіях XIX - XXI століть",
        "name:uk": "Історія Шевченкове у фотографіях XIX - XXI століть",
        "tourism": "gallery"
      },
      "geometry": {
        "type": "Point",
        "coordinates": [
          29.3383816,
          45.5573895
        ]
      },
      "id": "node/9989423304"
    },
    {
      "type": "Feature",
      "properties": {
        "@id": "node/10066993917",
        "addr:postcode": "65048",
        "email": "Vintagehotel24@gmail.com",
        "internet_access": "wlan",
        "name": "Вінтаж Арт-готель",
        "name:en": "Vintage Art Hotel",
        "name:ru": "Винтаж Арт-отель",
        "name:uk": "Вінтаж Арт-готель",
        "opening_hours": "24/7",
        "phone": "0688080888",
        "tourism": "hotel",
        "website": "http://Vintagehotel.od.ua"
      },
      "geometry": {
        "type": "Point",
        "coordinates": [
          30.7430251,
          46.4751642
        ]
      },
      "id": "node/10066993917"
    },
    {
      "type": "Feature",
      "properties": {
        "@id": "node/10130932986",
        "amenity": "cafe"
      },
      "geometry": {
        "type": "Point",
        "coordinates": [
          30.297301,
          47.8438242
        ]
      },
      "id": "node/10130932986"
    },
    {
      "type": "Feature",
      "properties": {
        "@id": "node/10131760622",
        "amenity": "restaurant",
        "name": "Домашня кухня",
        "name:uk": "Домашня кухня"
      },
      "geometry": {
        "type": "Point",
        "coordinates": [
          30.3063628,
          47.3563799
        ]
      },
      "id": "node/10131760622"
    },
    {
      "type": "Feature",
      "properties": {
        "@id": "node/10135443664",
        "air_conditioning": "yes",
        "amenity": "cafe",
        "check_date": "2023-09-27",
        "cuisine": "coffee_shop;donut;bakery",
        "highchair": "yes",
        "name": "Donuts & Coffee",
        "name:en": "Donuts & Coffee",
        "opening_hours": "Mo-Fr 08:00-22:00; Sa-Su 09:00-22:00",
        "outdoor_seating": "yes",
        "payment:cash": "yes",
        "payment:mastercard": "yes",
        "payment:visa": "yes",
        "source": "survey",
        "start_date": "2022",
        "takeaway": "yes",
        "wheelchair": "yes"
      },
      "geometry": {
        "type": "Point",
        "coordinates": [
          28.8202331,
          45.3576759
        ]
      },
      "id": "node/10135443664"
    },
    {
      "type": "Feature",
      "properties": {
        "@id": "node/10141681667",
        "addr:street": "вулиця Академіка Сахарова",
        "amenity": "cafe",
        "cuisine": "coffee_shop",
        "name": "Coffee Time",
        "name:uk": "Coffee Time"
      },
      "geometry": {
        "type": "Point",
        "coordinates": [
          30.8089643,
          46.5775402
        ]
      },
      "id": "node/10141681667"
    },
    {
      "type": "Feature",
      "properties": {
        "@id": "node/10148591400",
        "amenity": "cafe",
        "cuisine": "coffee_shop"
      },
      "geometry": {
        "type": "Point",
        "coordinates": [
          30.8101114,
          46.5790354
        ]
      },
      "id": "node/10148591400"
    },
    {
      "type": "Feature",
      "properties": {
        "@id": "node/10148600779",
        "amenity": "cafe",
        "cuisine": "coffee_shop",
        "name": "Coffee Shop",
        "name:uk": "Coffee Shop"
      },
      "geometry": {
        "type": "Point",
        "coordinates": [
          30.7936461,
          46.5821748
        ]
      },
      "id": "node/10148600779"
    },
    {
      "type": "Feature",
      "properties": {
        "@id": "node/10148600810",
        "addr:housenumber": "71",
        "addr:street": "Кримська вулиця",
        "amenity": "restaurant",
        "contact:facebook": "sushiboss.od.ua",
        "contact:instagram": "sushiboss.ukraine",
        "cuisine": "pizza;sushi",
        "name": "Сушібос",
        "name:en": "Sushiboss",
        "name:uk": "Сушібос",
        "opening_hours": "Mo-Su 10:00-22:00",
        "phone": "+380675848104;+380937077732;+380501643909",
        "website": "https://odessa.sushiboss.od.ua/"
      },
      "geometry": {
        "type": "Point",
        "coordinates": [
          30.7899919,
          46.5788958
        ]
      },
      "id": "node/10148600810"
    },
    {
      "type": "Feature",
      "properties": {
        "@id": "node/10148600812",
        "amenity": "cafe",
        "cuisine": "coffee_shop",
        "name": "TipTop",
        "name:uk": "TipTop"
      },
      "geometry": {
        "type": "Point",
        "coordinates": [
          30.7898786,
          46.5786474
        ]
      },
      "id": "node/10148600812"
    },
    {
      "type": "Feature",
      "properties": {
        "@id": "node/10148600816",
        "addr:housenumber": "28",
        "addr:street": "вулиця Академіка Заболотного",
        "amenity": "cafe",
        "contact:instagram": "madlen_odessa",
        "cuisine": "cake;coffee_shop",
        "diet:vegan": "yes",
        "internet_access": "wlan",
        "name": "Madlen",
        "name:uk": "Madlen",
        "opening_hours": "Mo-Su 09:00-20:00",
        "outdoor_seating": "yes"
      },
      "geometry": {
        "type": "Point",
        "coordinates": [
          30.793148,
          46.5791833
        ]
      },
      "id": "node/10148600816"
    },
    {
      "type": "Feature",
      "properties": {
        "@id": "node/10148600846",
        "addr:housenumber": "94",
        "addr:street": "вулиця Семена Палія",
        "amenity": "restaurant",
        "contact:instagram": "https://www.instagram.com/roll_club/",
        "cuisine": "sushi",
        "name": "Roll Club",
        "name:uk": "Roll Club",
        "opening_hours": "Mo-Su 10:00-21:00",
        "website": "https://roll-club.od.ua/"
      },
      "geometry": {
        "type": "Point",
        "coordinates": [
          30.7950576,
          46.5757358
        ]
      },
      "id": "node/10148600846"
    },
    {
      "type": "Feature",
      "properties": {
        "@id": "node/10148600880",
        "addr:housenumber": "86/1",
        "addr:street": "вулиця Семена Палія",
        "amenity": "cafe",
        "cuisine": "coffee_shop",
        "name": "Jakko",
        "name:uk": "Jakko",
        "opening_hours": "Mo-Su 08:00-21:00",
        "phone": "+380 67 344 7166;+380 96 391 3860"
      },
      "geometry": {
        "type": "Point",
        "coordinates": [
          30.7934427,
          46.5736453
        ]
      },
      "id": "node/10148600880"
    },
    {
      "type": "Feature",
      "properties": {
        "@id": "node/10148600894",
        "amenity": "cafe",
        "cuisine": "coffee_shop"
      },
      "geometry": {
        "type": "Point",
        "coordinates": [
          30.7972451,
          46.5757383
        ]
      },
      "id": "node/10148600894"
    },
    {
      "type": "Feature",
      "properties": {
        "@id": "node/10148621859",
        "addr:housenumber": "20/1",
        "addr:street": "вулиця Академіка Сахарова",
        "amenity": "restaurant",
        "contact:instagram": "https://www.instagram.com/zeus_pizza_online/",
        "cuisine": "pizza",
        "name": "Zeus Pizza",
        "name:uk": "Zeus Pizza"
      },
      "geometry": {
        "type": "Point",
        "coordinates": [
          30.8053713,
          46.5725001
        ]
      },
      "id": "node/10148621859"
    },
    {
      "type": "Feature",
      "properties": {
        "@id": "node/10148621860",
        "addr:housenumber": "20/1",
        "addr:street": "вулиця Академіка Сахарова",
        "amenity": "cafe",
        "cuisine": "coffee_shop",
        "name": "Loran Coffee",
        "name:uk": "Loran Coffee"
      },
      "geometry": {
        "type": "Point",
        "coordinates": [
          30.8054129,
          46.5725646
        ]
      },
      "id": "node/10148621860"
    },
    {
      "type": "Feature",
      "properties": {
        "@id": "node/10200182076",
        "amenity": "cafe",
        "check_date": "2026-01",
        "name": "Світ чаю",
        "name:uk": "Світ чаю",
        "opening_hours": "10:00-20:00",
        "outdoor_seating": "yes",
        "payment:cash": "yes",
        "payment:mastercard": "yes",
        "payment:visa": "yes",
        "phone": "+380 98 122 2380;+380 66 324 6392",
        "shop": "tea",
        "website": "https://svitchaju.com.ua/"
      },
      "geometry": {
        "type": "Point",
        "coordinates": [
          30.7227268,
          46.4357552
        ]
      },
      "id": "node/10200182076"
    },
    {
      "type": "Feature",
      "properties": {
        "@id": "node/10202307161",
        "addr:floor": "1",
        "addr:housenumber": "27/55",
        "addr:street": "Люстдорфська дорога",
        "amenity": "cafe",
        "check_date": "2025-12-26",
        "contact:instagram": "https://www.instagram.com/pepepizzaod",
        "cuisine": "pizza",
        "level": "0",
        "name": "Pepe Pizza",
        "opening_hours": "09:00-21:00",
        "outdoor_seating": "yes",
        "phone": "+380 68 973 6531"
      },
      "geometry": {
        "type": "Point",
        "coordinates": [
          30.7245869,
          46.4246354
        ]
      },
      "id": "node/10202307161"
    },
    {
      "type": "Feature",
      "properties": {
        "@id": "node/10226497568",
        "amenity": "cafe",
        "name": "Sushi Zoom",
        "name:uk": "Sushi Zoom",
        "opening_hours": "Mo-Su 10:00-22:00"
      },
      "geometry": {
        "type": "Point",
        "coordinates": [
          28.833529,
          45.3389325
        ]
      },
      "id": "node/10226497568"
    },
    {
      "type": "Feature",
      "properties": {
        "@id": "node/10226539728",
        "amenity": "cafe",
        "name": "Сіли-поїли",
        "name:uk": "Сіли-поїли"
      },
      "geometry": {
        "type": "Point",
        "coordinates": [
          28.6154324,
          45.678344
        ]
      },
      "id": "node/10226539728"
    },
    {
      "type": "Feature",
      "properties": {
        "@id": "node/10232295295",
        "amenity": "cafe",
        "name": "Coffee race"
      },
      "geometry": {
        "type": "Point",
        "coordinates": [
          30.7311738,
          46.426841
        ]
      },
      "id": "node/10232295295"
    },
    {
      "type": "Feature",
      "properties": {
        "@id": "node/10253225910",
        "amenity": "cafe",
        "contact:instagram": "kofemolka_cafe",
        "cuisine": "cake;coffee_shop",
        "name": "Кофемолка",
        "name:en": "Kofemolka",
        "name:uk": "Кофемолка"
      },
      "geometry": {
        "type": "Point",
        "coordinates": [
          30.7919498,
          46.5802948
        ]
      },
      "id": "node/10253225910"
    },
    {
      "type": "Feature",
      "properties": {
        "@id": "node/10279731909",
        "amenity": "restaurant",
        "name": "Смайл фуд",
        "name:en": "Smile food",
        "name:uk": "Смайл фуд",
        "website": "https://smilefood.od.ua/"
      },
      "geometry": {
        "type": "Point",
        "coordinates": [
          30.7793034,
          46.5684759
        ]
      },
      "id": "node/10279731909"
    },
    {
      "type": "Feature",
      "properties": {
        "@id": "node/10291951815",
        "addr:floor": "1",
        "amenity": "cafe",
        "check_date": "2026-01-18",
        "level": "0",
        "outdoor_seating": "yes",
        "payment:cash": "yes",
        "payment:contactless": "yes",
        "payment:mastercard": "yes",
        "payment:visa": "yes",
        "takeaway": "yes"
      },
      "geometry": {
        "type": "Point",
        "coordinates": [
          30.7300287,
          46.4272136
        ]
      },
      "id": "node/10291951815"
    },
    {
      "type": "Feature",
      "properties": {
        "@id": "node/10299835440",
        "addr:floor": "1",
        "amenity": "cafe",
        "backup_generator": "yes",
        "camera:mount": "wall",
        "camera:type": "fixed",
        "check_date": "2026-01-18",
        "contact:instagram": "https://www.instagram.com/_ivy_coffee",
        "cuisine": "coffee_shop",
        "level": "0",
        "name": "Ivy Coffee & Bakery",
        "opening_hours": "Mo-Fr 08:00-20:00; Sa-Su 09:00-20:00",
        "outdoor_seating": "yes",
        "payment:cash": "yes",
        "payment:contactless": "yes",
        "payment:mastercard": "yes",
        "payment:visa": "yes",
        "pets": "yes",
        "surveillance": "indoor",
        "surveillance:type": "camera",
        "takeaway": "yes",
        "toilets:access": "customers",
        "wheelchair": "limited"
      },
      "geometry": {
        "type": "Point",
        "coordinates": [
          30.729544,
          46.4260052
        ]
      },
      "id": "node/10299835440"
    },
    {
      "type": "Feature",
      "properties": {
        "@id": "node/10589537848",
        "amenity": "cafe",
        "check_date": "2023-05-20",
        "name": "Смак",
        "name:uk": "Смак"
      },
      "geometry": {
        "type": "Point",
        "coordinates": [
          30.7445821,
          46.4207406
        ]
      },
      "id": "node/10589537848"
    },
    {
      "type": "Feature",
      "properties": {
        "@id": "node/10591650565",
        "amenity": "cafe",
        "contact:housenumber": "54-А",
        "name": "Anny Maxx",
        "name:uk": "Anny Maxx"
      },
      "geometry": {
        "type": "Point",
        "coordinates": [
          28.8371501,
          45.3410656
        ]
      },
      "id": "node/10591650565"
    },
    {
      "type": "Feature",
      "properties": {
        "@id": "node/10607912905",
        "amenity": "internet_cafe",
        "name": "Коворкінг",
        "name:en": "Coworking Space",
        "name:uk": "Коворкінг",
        "opening_hours": "Su-Sa 09:00-19:00",
        "phone": "+380987011084",
        "website": "https://instagram.com/coworking.od?igshid=YmMyMTA2M2Y="
      },
      "geometry": {
        "type": "Point",
        "coordinates": [
          30.7194975,
          46.41759
        ]
      },
      "id": "node/10607912905"
    },
    {
      "type": "Feature",
      "properties": {
        "@id": "node/10676777194",
        "historic": "monument"
      },
      "geometry": {
        "type": "Point",
        "coordinates": [
          28.2961708,
          45.4697869
        ]
      },
      "id": "node/10676777194"
    },
    {
      "type": "Feature",
      "properties": {
        "@id": "node/10676777195",
        "historic": "monument"
      },
      "geometry": {
        "type": "Point",
        "coordinates": [
          28.2963007,
          45.4697087
        ]
      },
      "id": "node/10676777195"
    },
    {
      "type": "Feature",
      "properties": {
        "@id": "node/10686229046",
        "tourism": "hotel"
      },
      "geometry": {
        "type": "Point",
        "coordinates": [
          28.2829356,
          45.4703726
        ]
      },
      "id": "node/10686229046"
    },
    {
      "type": "Feature",
      "properties": {
        "@id": "node/10693411270",
        "historic": "monument"
      },
      "geometry": {
        "type": "Point",
        "coordinates": [
          28.2861803,
          45.4440029
        ]
      },
      "id": "node/10693411270"
    },
    {
      "type": "Feature",
      "properties": {
        "@id": "node/10693411271",
        "historic": "monument"
      },
      "geometry": {
        "type": "Point",
        "coordinates": [
          28.2862216,
          45.4437119
        ]
      },
      "id": "node/10693411271"
    },
    {
      "type": "Feature",
      "properties": {
        "@id": "node/10693798605",
        "amenity": "restaurant",
        "cuisine": "coffee_shop;japanese;pizza;thai",
        "email": "info@yusumi.com.ua",
        "internet_access": "wlan",
        "name": "YUSUMI",
        "name:uk": "YUSUMI",
        "opening_hours": "Su-Sa 10:00-21:00",
        "phone": "0800339853",
        "website": "https://yusumi.com.ua/"
      },
      "geometry": {
        "type": "Point",
        "coordinates": [
          30.7484744,
          46.4470169
        ]
      },
      "id": "node/10693798605"
    },
    {
      "type": "Feature",
      "properties": {
        "@id": "node/10723897706",
        "addr:housenumber": "27",
        "addr:street": "вулиця Ніни Строкатої",
        "amenity": "restaurant",
        "cuisine": "barbecue;breakfast;burger;chicken;coffee_shop;diner;fine_dining",
        "internet_access": "wlan",
        "name": "Noire Smoke Different",
        "name:uk": "Noire Smoke Different",
        "opening_hours": "Su-Sa 12:00-22:30",
        "phone": "0684442454",
        "website": "https://noire.ee/"
      },
      "geometry": {
        "type": "Point",
        "coordinates": [
          30.737511,
          46.4811317
        ]
      },
      "id": "node/10723897706"
    },
    {
      "type": "Feature",
      "properties": {
        "@id": "node/10802449125",
        "addr:housenumber": "15",
        "addr:street": "проспект Лесі Українки",
        "amenity": "cafe",
        "cuisine": "coffee_shop",
        "name": "Black Coffe",
        "name:uk": "Black Coffe",
        "outdoor_seating": "yes"
      },
      "geometry": {
        "type": "Point",
        "coordinates": [
          30.7478225,
          46.4556439
        ]
      },
      "id": "node/10802449125"
    },
    {
      "type": "Feature",
      "properties": {
        "@id": "node/10846273668",
        "amenity": "cafe",
        "check_date": "2024-06-08",
        "contact:instagram": "https://www.instagram.com/love_is_bublle_tea_izmail",
        "currency:UAH": "yes",
        "internet_access": "yes",
        "name": "Love is Bubble Tea",
        "name:en": "Love is Bubble Tea",
        "opening_hours": "09:00-22:00",
        "payment:cash": "yes",
        "payment:mastercard": "yes",
        "payment:visa": "yes",
        "source": "survey",
        "takeaway": "yes",
        "wheelchair": "no"
      },
      "geometry": {
        "type": "Point",
        "coordinates": [
          28.8323499,
          45.3526804
        ]
      },
      "id": "node/10846273668"
    },
    {
      "type": "Feature",
      "properties": {
        "@id": "node/10860573038",
        "addr:housenumber": "15Б",
        "addr:postcode": "65016",
        "addr:street": "Львівська вулиця",
        "amenity": "cafe",
        "name": "12 Coffee and Croissants",
        "name:uk": "12 Coffee and Croissants",
        "opening_hours": "Mo-Su 09:00-20:00"
      },
      "geometry": {
        "type": "Point",
        "coordinates": [
          30.7459354,
          46.4014067
        ]
      },
      "id": "node/10860573038"
    },
    {
      "type": "Feature",
      "properties": {
        "@id": "node/10874270423",
        "amenity": "cafe",
        "cuisine": "salad",
        "level": "1",
        "name": "Salateira",
        "name:uk": "Salateira",
        "website": "https://salateira.ua/"
      },
      "geometry": {
        "type": "Point",
        "coordinates": [
          30.8376239,
          46.5641688
        ]
      },
      "id": "node/10874270423"
    },
    {
      "type": "Feature",
      "properties": {
        "@id": "node/10911673606",
        "amenity": "cafe",
        "name": "Fluffy Cafe",
        "name:uk": "Fluffy Cafe"
      },
      "geometry": {
        "type": "Point",
        "coordinates": [
          30.8032687,
          46.5848454
        ]
      },
      "id": "node/10911673606"
    },
    {
      "type": "Feature",
      "properties": {
        "@id": "node/10916995833",
        "amenity": "cafe",
        "contact:instagram": "https://www.instagram.com/skull_bistro/",
        "name": "Skull Bistro",
        "name:uk": "Skull Bistro"
      },
      "geometry": {
        "type": "Point",
        "coordinates": [
          30.8369886,
          46.5633089
        ]
      },
      "id": "node/10916995833"
    },
    {
      "type": "Feature",
      "properties": {
        "@id": "node/10920041710",
        "amenity": "cafe",
        "cuisine": "coffee_shop",
        "name": "Kava Hub",
        "name:uk": "Kava Hub"
      },
      "geometry": {
        "type": "Point",
        "coordinates": [
          30.7991224,
          46.5813215
        ]
      },
      "id": "node/10920041710"
    },
    {
      "type": "Feature",
      "properties": {
        "@id": "node/10920041748",
        "amenity": "cafe",
        "cuisine": "coffee_shop"
      },
      "geometry": {
        "type": "Point",
        "coordinates": [
          30.7937477,
          46.5836481
        ]
      },
      "id": "node/10920041748"
    },
    {
      "type": "Feature",
      "properties": {
        "@id": "node/10946185356",
        "amenity": "cafe",
        "cuisine": "coffee_shop",
        "name": "Shake Up"
      },
      "geometry": {
        "type": "Point",
        "coordinates": [
          30.8352205,
          46.5630543
        ]
      },
      "id": "node/10946185356"
    },
    {
      "type": "Feature",
      "properties": {
        "@id": "node/10971408506",
        "addr:housenumber": "14-А",
        "addr:street": "Десантний бульвар",
        "amenity": "cafe",
        "contact:instagram": "https://www.instagram.com/kava_svoi/",
        "cuisine": "coffee_shop",
        "name": "Свої",
        "name:uk": "Свої",
        "opening_hours": "Mo-Su 08:30-19:00"
      },
      "geometry": {
        "type": "Point",
        "coordinates": [
          30.7926356,
          46.5740424
        ]
      },
      "id": "node/10971408506"
    },
    {
      "type": "Feature",
      "properties": {
        "@id": "node/10971414606",
        "amenity": "cafe",
        "name:en": "Coffee Santos"
      },
      "geometry": {
        "type": "Point",
        "coordinates": [
          30.7928352,
          46.5742313
        ]
      },
      "id": "node/10971414606"
    },
    {
      "type": "Feature",
      "properties": {
        "@id": "node/11013049705",
        "amenity": "restaurant",
        "name": "Шерлок Холмс",
        "name:uk": "Шерлок Холмс"
      },
      "geometry": {
        "type": "Point",
        "coordinates": [
          30.7441883,
          46.4806115
        ]
      },
      "id": "node/11013049705"
    },
    {
      "type": "Feature",
      "properties": {
        "@id": "node/11060622973",
        "amenity": "cafe",
        "cuisine": "coffee_shop",
        "name": "Coffee Love",
        "takeaway": "only"
      },
      "geometry": {
        "type": "Point",
        "coordinates": [
          30.7173538,
          46.4306667
        ]
      },
      "id": "node/11060622973"
    },
    {
      "type": "Feature",
      "properties": {
        "@id": "node/11061901005",
        "addr:housenumber": "74/76",
        "addr:postcode": "65000",
        "addr:street": "Преображенська вулиця",
        "amenity": "cafe",
        "name": "Ламп",
        "name:en": "Lamp",
        "name:uk": "Ламп"
      },
      "geometry": {
        "type": "Point",
        "coordinates": [
          30.7314423,
          46.4744833
        ]
      },
      "id": "node/11061901005"
    },
    {
      "type": "Feature",
      "properties": {
        "@id": "node/11064060379",
        "amenity": "cafe",
        "cuisine": "coffee_shop",
        "name": "Coffee Love",
        "takeaway": "only"
      },
      "geometry": {
        "type": "Point",
        "coordinates": [
          30.7176111,
          46.4296075
        ]
      },
      "id": "node/11064060379"
    },
    {
      "type": "Feature",
      "properties": {
        "@id": "node/11065987791",
        "amenity": "cafe",
        "cuisine": "coffee_shop",
        "name": "Coffee Love",
        "takeaway": "only"
      },
      "geometry": {
        "type": "Point",
        "coordinates": [
          30.7159878,
          46.4294285
        ]
      },
      "id": "node/11065987791"
    },
    {
      "type": "Feature",
      "properties": {
        "@id": "node/11067446236",
        "amenity": "cafe",
        "check_date": "2023-07-25",
        "cuisine": "coffee_shop",
        "name": "Кавуся",
        "name:uk": "Кавуся"
      },
      "geometry": {
        "type": "Point",
        "coordinates": [
          28.8340489,
          45.352244
        ]
      },
      "id": "node/11067446236"
    },
    {
      "type": "Feature",
      "properties": {
        "@id": "node/11067764078",
        "amenity": "cafe",
        "cuisine": "coffee_shop",
        "name": "Coffee Love",
        "takeaway": "only"
      },
      "geometry": {
        "type": "Point",
        "coordinates": [
          30.7171707,
          46.4292438
        ]
      },
      "id": "node/11067764078"
    },
    {
      "type": "Feature",
      "properties": {
        "@id": "node/11071939504",
        "amenity": "cafe",
        "name": "Infinity Coffee"
      },
      "geometry": {
        "type": "Point",
        "coordinates": [
          30.7117995,
          46.4295165
        ]
      },
      "id": "node/11071939504"
    },
    {
      "type": "Feature",
      "properties": {
        "@id": "node/11071968516",
        "amenity": "cafe",
        "name": "Happy People"
      },
      "geometry": {
        "type": "Point",
        "coordinates": [
          30.7182641,
          46.4302832
        ]
      },
      "id": "node/11071968516"
    },
    {
      "type": "Feature",
      "properties": {
        "@id": "node/11074140871",
        "amenity": "cafe",
        "cuisine": "ice_cream",
        "name": "Морозиво",
        "name:uk": "Морозиво"
      },
      "geometry": {
        "type": "Point",
        "coordinates": [
          30.7169783,
          46.4291969
        ]
      },
      "id": "node/11074140871"
    },
    {
      "type": "Feature",
      "properties": {
        "@id": "node/11081929519",
        "amenity": "cafe",
        "cuisine": "coffee_shop",
        "name": "Coffee Love",
        "takeaway": "only"
      },
      "geometry": {
        "type": "Point",
        "coordinates": [
          30.7172887,
          46.4282361
        ]
      },
      "id": "node/11081929519"
    },
    {
      "type": "Feature",
      "properties": {
        "@id": "node/11089293288",
        "addr:housenumber": "32",
        "addr:street": "Грецька вулиця",
        "amenity": "restaurant",
        "contact:facebook": "fb.com/nikos.od.ua",
        "cuisine": "greek",
        "name": "Nikos Greek Bistro",
        "name:en": "Nikos Greek Bistro",
        "opening_hours": "Mo-Su 11:00-22:00",
        "payment:cash": "yes",
        "payment:mastercard": "yes",
        "payment:visa": "yes",
        "phone": "+380 673023232",
        "website": "https://nikos.od.ua/",
        "wheelchair": "no"
      },
      "geometry": {
        "type": "Point",
        "coordinates": [
          30.7388816,
          46.4827945
        ]
      },
      "id": "node/11089293288"
    },
    {
      "type": "Feature",
      "properties": {
        "@id": "node/11089293289",
        "addr:housenumber": "32",
        "addr:street": "Грецька вулиця",
        "amenity": "restaurant",
        "name": "Kitsa Pan Asian bistro & bar",
        "name:uk": "Kitsa Pan Asian bistro & bar",
        "opening_hours": "Mo"
      },
      "geometry": {
        "type": "Point",
        "coordinates": [
          30.7392313,
          46.4827487
        ]
      },
      "id": "node/11089293289"
    },
    {
      "type": "Feature",
      "properties": {
        "@id": "node/11093054170",
        "addr:housenumber": "33",
        "addr:postcode": "65000",
        "addr:street": "Ланжерон пляж",
        "amenity": "restaurant",
        "cuisine": "georgian",
        "name": "Хінкальня",
        "name:uk": "Хінкальня",
        "opening_hours": "Mo-Su 11:00-22:00",
        "phone": "+38 097 563 6886",
        "website": "https://hinkalnya.od.ua"
      },
      "geometry": {
        "type": "Point",
        "coordinates": [
          30.7636771,
          46.4760345
        ]
      },
      "id": "node/11093054170"
    },
    {
      "type": "Feature",
      "properties": {
        "@id": "node/11093061859",
        "addr:housenumber": "17",
        "addr:postcode": "65000",
        "addr:street": "вулиця Ніни Строкатої",
        "amenity": "restaurant",
        "cuisine": "asian",
        "name": "Yourz Asia Bar",
        "opening_hours": "We-Su 12:00-22:00",
        "phone": "063 888 36 26",
        "website": "https://www.instagram.com/yourz.asia.bar"
      },
      "geometry": {
        "type": "Point",
        "coordinates": [
          30.7419385,
          46.4807772
        ]
      },
      "id": "node/11093061859"
    },
    {
      "type": "Feature",
      "properties": {
        "@id": "node/11122002129",
        "amenity": "cafe",
        "name": "Coffee 888"
      },
      "geometry": {
        "type": "Point",
        "coordinates": [
          30.7163752,
          46.4306283
        ]
      },
      "id": "node/11122002129"
    },
    {
      "type": "Feature",
      "properties": {
        "@id": "node/11148330547",
        "amenity": "restaurant",
        "name": "Іржавий краб",
        "name:uk": "Іржавий краб"
      },
      "geometry": {
        "type": "Point",
        "coordinates": [
          30.7361539,
          46.4856264
        ]
      },
      "id": "node/11148330547"
    },
    {
      "type": "Feature",
      "properties": {
        "@id": "node/11148355072",
        "amenity": "cafe",
        "name": "City Buffet",
        "name:uk": "City Buffet"
      },
      "geometry": {
        "type": "Point",
        "coordinates": [
          30.7380369,
          46.4798771
        ]
      },
      "id": "node/11148355072"
    },
    {
      "type": "Feature",
      "properties": {
        "@id": "node/11148355073",
        "amenity": "restaurant",
        "contact:instagram": "misi_bistro",
        "name": "Misi",
        "name:uk": "Misi",
        "opening_hours": "Mo-Su 10:00-22:00",
        "website": "https://misi.choiceqr.com"
      },
      "geometry": {
        "type": "Point",
        "coordinates": [
          30.7385422,
          46.4799404
        ]
      },
      "id": "node/11148355073"
    },
    {
      "type": "Feature",
      "properties": {
        "@id": "node/11148355074",
        "amenity": "restaurant",
        "name": "Antica Cucine",
        "name:uk": "Antica Cucine"
      },
      "geometry": {
        "type": "Point",
        "coordinates": [
          30.7381166,
          46.4802797
        ]
      },
      "id": "node/11148355074"
    },
    {
      "type": "Feature",
      "properties": {
        "@id": "node/11148355075",
        "amenity": "restaurant",
        "name": "Хаджибей",
        "name:uk": "Хаджибей",
        "website": "https://hadjibey.od.ua"
      },
      "geometry": {
        "type": "Point",
        "coordinates": [
          30.7386696,
          46.4806197
        ]
      },
      "id": "node/11148355075"
    },
    {
      "type": "Feature",
      "properties": {
        "@id": "node/11148355077",
        "amenity": "cafe",
        "cuisine": "coffee_shop",
        "name": "Kohinoor",
        "name:uk": "Kohinoor"
      },
      "geometry": {
        "type": "Point",
        "coordinates": [
          30.7416753,
          46.4807925
        ]
      },
      "id": "node/11148355077"
    },
    {
      "type": "Feature",
      "properties": {
        "@id": "node/11148366215",
        "amenity": "restaurant",
        "name": "Алі Баба",
        "name:uk": "Алі Баба"
      },
      "geometry": {
        "type": "Point",
        "coordinates": [
          30.7385906,
          46.4839112
        ]
      },
      "id": "node/11148366215"
    },
    {
      "type": "Feature",
      "properties": {
        "@id": "node/11148366218",
        "amenity": "restaurant",
        "name": "Сканді",
        "name:uk": "Сканді"
      },
      "geometry": {
        "type": "Point",
        "coordinates": [
          30.7333898,
          46.4846634
        ]
      },
      "id": "node/11148366218"
    },
    {
      "type": "Feature",
      "properties": {
        "@id": "node/11195377870",
        "amenity": "cafe",
        "check_date": "2023-09-15",
        "name": "Rich"
      },
      "geometry": {
        "type": "Point",
        "coordinates": [
          30.5270224,
          46.1456061
        ]
      },
      "id": "node/11195377870"
    },
    {
      "type": "Feature",
      "properties": {
        "@id": "node/11199394837",
        "name:en": "Club House Arkadia Beach",
        "tourism": "hotel"
      },
      "geometry": {
        "type": "Point",
        "coordinates": [
          30.7686347,
          46.4303827
        ]
      },
      "id": "node/11199394837"
    },
    {
      "type": "Feature",
      "properties": {
        "@id": "node/11229976782",
        "amenity": "cafe",
        "cuisine": "coffee_shop",
        "name": "SHOPOT"
      },
      "geometry": {
        "type": "Point",
        "coordinates": [
          30.791347,
          46.5750197
        ]
      },
      "id": "node/11229976782"
    },
    {
      "type": "Feature",
      "properties": {
        "@id": "node/11229976795",
        "amenity": "cafe",
        "cuisine": "coffee_shop"
      },
      "geometry": {
        "type": "Point",
        "coordinates": [
          30.7906075,
          46.5756044
        ]
      },
      "id": "node/11229976795"
    },
    {
      "type": "Feature",
      "properties": {
        "@id": "node/11229976806",
        "amenity": "cafe",
        "cuisine": "coffee_shop"
      },
      "geometry": {
        "type": "Point",
        "coordinates": [
          30.7902214,
          46.5760883
        ]
      },
      "id": "node/11229976806"
    },
    {
      "type": "Feature",
      "properties": {
        "@id": "node/11298103078",
        "amenity": "cafe",
        "check_date": "2023-10-29",
        "cuisine": "coffee_shop",
        "name": "Coffee Raw",
        "name:en": "Coffee Raw",
        "opening_hours": "08:00-22:00"
      },
      "geometry": {
        "type": "Point",
        "coordinates": [
          28.8369925,
          45.3522836
        ]
      },
      "id": "node/11298103078"
    },
    {
      "type": "Feature",
      "properties": {
        "@id": "node/11348951506",
        "amenity": "cafe",
        "check_date": "2023-11-14",
        "cuisine": "coffee_shop",
        "name": "Solo.",
        "name:en": "Solo.",
        "wheelchair": "no"
      },
      "geometry": {
        "type": "Point",
        "coordinates": [
          28.8334836,
          45.3387855
        ]
      },
      "id": "node/11348951506"
    },
    {
      "type": "Feature",
      "properties": {
        "@id": "node/11389833805",
        "amenity": "restaurant",
        "check_date": "2023-12-02"
      },
      "geometry": {
        "type": "Point",
        "coordinates": [
          30.7507468,
          46.4276964
        ]
      },
      "id": "node/11389833805"
    },
    {
      "type": "Feature",
      "properties": {
        "@id": "node/11389833809",
        "amenity": "cafe",
        "check_date": "2023-12-02"
      },
      "geometry": {
        "type": "Point",
        "coordinates": [
          30.7547431,
          46.4223214
        ]
      },
      "id": "node/11389833809"
    },
    {
      "type": "Feature",
      "properties": {
        "@id": "node/11389833810",
        "amenity": "cafe",
        "check_date": "2023-12-02"
      },
      "geometry": {
        "type": "Point",
        "coordinates": [
          30.7615029,
          46.4198563
        ]
      },
      "id": "node/11389833810"
    },
    {
      "type": "Feature",
      "properties": {
        "@id": "node/11391982371",
        "amenity": "cafe",
        "check_date": "2023-12-03",
        "name": "Fab"
      },
      "geometry": {
        "type": "Point",
        "coordinates": [
          30.7478422,
          46.4758632
        ]
      },
      "id": "node/11391982371"
    },
    {
      "type": "Feature",
      "properties": {
        "@id": "node/11391982373",
        "amenity": "cafe",
        "building": "kiosk",
        "building:levels": "1",
        "check_date": "2023-12-03",
        "indoor_seating": "no",
        "outdoor_seating": "yes",
        "payment:cash": "yes",
        "payment:credit_cards": "yes",
        "takeaway": "only"
      },
      "geometry": {
        "type": "Point",
        "coordinates": [
          30.755057,
          46.4787662
        ]
      },
      "id": "node/11391982373"
    },
    {
      "type": "Feature",
      "properties": {
        "@id": "node/11391982374",
        "amenity": "cafe",
        "building": "kiosk",
        "building:levels": "1",
        "check_date": "2023-12-03",
        "indoor_seating": "no",
        "outdoor_seating": "yes",
        "takeaway": "only"
      },
      "geometry": {
        "type": "Point",
        "coordinates": [
          30.75504,
          46.4787229
        ]
      },
      "id": "node/11391982374"
    },
    {
      "type": "Feature",
      "properties": {
        "@id": "node/11391982375",
        "amenity": "cafe",
        "building": "kiosk",
        "building:levels": "1",
        "check_date": "2023-12-03",
        "indoor_seating": "no",
        "outdoor_seating": "yes",
        "takeaway": "only"
      },
      "geometry": {
        "type": "Point",
        "coordinates": [
          30.7550288,
          46.4786834
        ]
      },
      "id": "node/11391982375"
    },
    {
      "type": "Feature",
      "properties": {
        "@id": "node/11403194871",
        "historic": "monument",
        "name:ru": "нет проезда"
      },
      "geometry": {
        "type": "Point",
        "coordinates": [
          29.7502836,
          46.8611963
        ]
      },
      "id": "node/11403194871"
    },
    {
      "type": "Feature",
      "properties": {
        "@id": "node/11403632043",
        "amenity": "cafe",
        "name": "Center cafe"
      },
      "geometry": {
        "type": "Point",
        "coordinates": [
          30.6068654,
          46.2305843
        ]
      },
      "id": "node/11403632043"
    },
    {
      "type": "Feature",
      "properties": {
        "@id": "node/11417109470",
        "amenity": "restaurant",
        "name": "Сади Бабеля",
        "name:en": "Babel gardens",
        "name:uk": "Сади Бабеля"
      },
      "geometry": {
        "type": "Point",
        "coordinates": [
          30.7406473,
          46.479654
        ]
      },
      "id": "node/11417109470"
    },
    {
      "type": "Feature",
      "properties": {
        "@id": "node/11434595969",
        "amenity": "cafe",
        "name": "Пан мурко",
        "name:uk": "Пан мурко"
      },
      "geometry": {
        "type": "Point",
        "coordinates": [
          30.7412976,
          46.4737625
        ]
      },
      "id": "node/11434595969"
    },
    {
      "type": "Feature",
      "properties": {
        "@id": "node/11449666101",
        "amenity": "cafe"
      },
      "geometry": {
        "type": "Point",
        "coordinates": [
          30.7216727,
          46.3749406
        ]
      },
      "id": "node/11449666101"
    },
    {
      "type": "Feature",
      "properties": {
        "@id": "node/11464676253",
        "amenity": "cafe",
        "check_date": "2023-12-28",
        "cuisine": "coffee_shop",
        "name": "Кофе с собой",
        "name:uk": "Кофе с собой"
      },
      "geometry": {
        "type": "Point",
        "coordinates": [
          30.7303418,
          46.4320016
        ]
      },
      "id": "node/11464676253"
    },
    {
      "type": "Feature",
      "properties": {
        "@id": "node/11464676266",
        "amenity": "restaurant",
        "check_date": "2023-12-28",
        "cuisine": "sushi"
      },
      "geometry": {
        "type": "Point",
        "coordinates": [
          30.7269762,
          46.4361744
        ]
      },
      "id": "node/11464676266"
    },
    {
      "type": "Feature",
      "properties": {
        "@id": "node/11478265896",
        "amenity": "cafe",
        "check_date": "2024-01-01",
        "name": "Vesna"
      },
      "geometry": {
        "type": "Point",
        "coordinates": [
          30.7264001,
          46.4216049
        ]
      },
      "id": "node/11478265896"
    },
    {
      "type": "Feature",
      "properties": {
        "@id": "node/11496223274",
        "amenity": "cafe"
      },
      "geometry": {
        "type": "Point",
        "coordinates": [
          30.7315298,
          46.4058305
        ]
      },
      "id": "node/11496223274"
    },
    {
      "type": "Feature",
      "properties": {
        "@id": "node/11499112275",
        "amenity": "cafe",
        "check_date": "2024-01-07",
        "name": "Introvert Coffee",
        "wheelchair": "yes"
      },
      "geometry": {
        "type": "Point",
        "coordinates": [
          30.7479396,
          46.4324139
        ]
      },
      "id": "node/11499112275"
    },
    {
      "type": "Feature",
      "properties": {
        "@id": "node/11499112278",
        "amenity": "restaurant",
        "check_date": "2024-01-07",
        "cuisine": "pizza"
      },
      "geometry": {
        "type": "Point",
        "coordinates": [
          30.747507,
          46.4332038
        ]
      },
      "id": "node/11499112278"
    },
    {
      "type": "Feature",
      "properties": {
        "@id": "node/11514295329",
        "amenity": "cafe",
        "name": "Супстанція",
        "name:uk": "Супстанція"
      },
      "geometry": {
        "type": "Point",
        "coordinates": [
          30.7481244,
          46.4835901
        ]
      },
      "id": "node/11514295329"
    },
    {
      "type": "Feature",
      "properties": {
        "@id": "node/11530057157",
        "amenity": "cafe",
        "check_date": "2026-01",
        "name": "Профитроли",
        "name:uk": "Профитроли",
        "shop": "confectionery"
      },
      "geometry": {
        "type": "Point",
        "coordinates": [
          30.7218613,
          46.4346545
        ]
      },
      "id": "node/11530057157"
    },
    {
      "type": "Feature",
      "properties": {
        "@id": "node/11530057158",
        "amenity": "restaurant",
        "check_date": "2024-01-18",
        "cuisine": "pizza",
        "name": "Італійський квартал",
        "name:uk": "Італійський квартал"
      },
      "geometry": {
        "type": "Point",
        "coordinates": [
          30.7203911,
          46.4349631
        ]
      },
      "id": "node/11530057158"
    },
    {
      "type": "Feature",
      "properties": {
        "@id": "node/11542187766",
        "amenity": "cafe",
        "check_date": "2024-01-21",
        "internet_access": "wlan",
        "internet_access:fee": "customers",
        "name": "Азбука здоровʼя",
        "name:uk": "Азбука здоровʼя"
      },
      "geometry": {
        "type": "Point",
        "coordinates": [
          30.7493809,
          46.4263952
        ]
      },
      "id": "node/11542187766"
    },
    {
      "type": "Feature",
      "properties": {
        "@id": "node/11542187767",
        "addr:floor": "1",
        "amenity": "cafe",
        "check_date": "2024-01-21",
        "level": "0",
        "name": "Профитроли",
        "name:uk": "Профитроли"
      },
      "geometry": {
        "type": "Point",
        "coordinates": [
          30.7501582,
          46.4270073
        ]
      },
      "id": "node/11542187767"
    },
    {
      "type": "Feature",
      "properties": {
        "@id": "node/11564955773",
        "amenity": "cafe",
        "name": "Пекарня",
        "name:uk": "Пекарня",
        "shop": "bakery"
      },
      "geometry": {
        "type": "Point",
        "coordinates": [
          30.7246948,
          46.476309
        ]
      },
      "id": "node/11564955773"
    },
    {
      "type": "Feature",
      "properties": {
        "@id": "node/11564955777",
        "amenity": "restaurant",
        "name": "Лабіринт",
        "name:uk": "Лабіринт"
      },
      "geometry": {
        "type": "Point",
        "coordinates": [
          30.7302617,
          46.4782727
        ]
      },
      "id": "node/11564955777"
    },
    {
      "type": "Feature",
      "properties": {
        "@id": "node/11564955782",
        "amenity": "cafe",
        "check_date": "2024-02-18",
        "name": "Macaroonna",
        "wheelchair": "no"
      },
      "geometry": {
        "type": "Point",
        "coordinates": [
          30.7263036,
          46.4814282
        ]
      },
      "id": "node/11564955782"
    },
    {
      "type": "Feature",
      "properties": {
        "@id": "node/11575807862",
        "addr:floor": "1",
        "amenity": "cafe",
        "check_date": "2024-01-31",
        "level": "0"
      },
      "geometry": {
        "type": "Point",
        "coordinates": [
          30.7255257,
          46.4222039
        ]
      },
      "id": "node/11575807862"
    },
    {
      "type": "Feature",
      "properties": {
        "@id": "node/11584274638",
        "amenity": "cafe",
        "check_date": "2024-02-03",
        "name": "Профитроли",
        "name:uk": "Профитроли"
      },
      "geometry": {
        "type": "Point",
        "coordinates": [
          30.7422322,
          46.4011906
        ]
      },
      "id": "node/11584274638"
    },
    {
      "type": "Feature",
      "properties": {
        "@id": "node/11600720704",
        "amenity": "cafe"
      },
      "geometry": {
        "type": "Point",
        "coordinates": [
          30.7958037,
          46.5836451
        ]
      },
      "id": "node/11600720704"
    },
    {
      "type": "Feature",
      "properties": {
        "@id": "node/11644738914",
        "amenity": "cafe",
        "check_date": "2024-02-18",
        "name": "Merry Berry Cafe"
      },
      "geometry": {
        "type": "Point",
        "coordinates": [
          30.750331,
          46.462263
        ]
      },
      "id": "node/11644738914"
    },
    {
      "type": "Feature",
      "properties": {
        "@id": "node/11644738919",
        "amenity": "restaurant",
        "check_date": "2024-02-18",
        "name": "Варенична",
        "name:uk": "Варенична"
      },
      "geometry": {
        "type": "Point",
        "coordinates": [
          30.7396321,
          46.4765343
        ]
      },
      "id": "node/11644738919"
    },
    {
      "type": "Feature",
      "properties": {
        "@id": "node/11644738924",
        "amenity": "cafe",
        "check_date": "2024-03-03",
        "name": "Sahar",
        "opening_hours": "08:00-20:00"
      },
      "geometry": {
        "type": "Point",
        "coordinates": [
          30.7248899,
          46.482512
        ]
      },
      "id": "node/11644738924"
    },
    {
      "type": "Feature",
      "properties": {
        "@id": "node/11665809882",
        "amenity": "cafe",
        "check_date": "2024-02-26",
        "cuisine": "coffee_shop",
        "name": "Ala Mesa",
        "name:en": "Ala Mesa",
        "outdoor_seating": "no",
        "payment:cash": "yes",
        "payment:credit_cards": "yes",
        "payment:debit_cards": "yes",
        "source": "survey",
        "wheelchair": "yes"
      },
      "geometry": {
        "type": "Point",
        "coordinates": [
          28.8190848,
          45.357375
        ]
      },
      "id": "node/11665809882"
    },
    {
      "type": "Feature",
      "properties": {
        "@id": "node/11689840749",
        "amenity": "cafe",
        "building": "kiosk",
        "building:levels": "1",
        "check_date": "2024-03-03",
        "cuisine": "coffee_shop",
        "indoor_seating": "no",
        "outdoor_seating": "yes"
      },
      "geometry": {
        "type": "Point",
        "coordinates": [
          30.7265674,
          46.4813316
        ]
      },
      "id": "node/11689840749"
    },
    {
      "type": "Feature",
      "properties": {
        "@id": "node/11707827078",
        "amenity": "cafe",
        "check_date": "2024-04-19",
        "cuisine": "coffee_shop",
        "opening_hours": "08:00-22:00",
        "wheelchair": "no"
      },
      "geometry": {
        "type": "Point",
        "coordinates": [
          30.7313516,
          46.4306174
        ]
      },
      "id": "node/11707827078"
    },
    {
      "type": "Feature",
      "properties": {
        "@id": "node/11747183164",
        "amenity": "cafe",
        "check_date": "2024-03-17",
        "cuisine": "coffee_shop",
        "name": "Кавʼярня книгарня",
        "name:uk": "Кавʼярня книгарня"
      },
      "geometry": {
        "type": "Point",
        "coordinates": [
          30.7310746,
          46.4781198
        ]
      },
      "id": "node/11747183164"
    },
    {
      "type": "Feature",
      "properties": {
        "@id": "node/11770586496",
        "addr:floor": "1",
        "amenity": "cafe",
        "check_date": "2026-01",
        "level": "0",
        "name": "Профитроли",
        "name:uk": "Профитроли",
        "shop": "bakery"
      },
      "geometry": {
        "type": "Point",
        "coordinates": [
          30.7150877,
          46.4276509
        ]
      },
      "id": "node/11770586496"
    },
    {
      "type": "Feature",
      "properties": {
        "@id": "node/11817712714",
        "addr:housenumber": "80",
        "addr:street": "вулиця Костанді",
        "amenity": "restaurant",
        "check_date": "2024-04-14",
        "internet_access": "wlan",
        "name": "Lark",
        "outdoor_seating": "yes"
      },
      "geometry": {
        "type": "Point",
        "coordinates": [
          30.7358871,
          46.4064254
        ]
      },
      "id": "node/11817712714"
    },
    {
      "type": "Feature",
      "properties": {
        "@id": "node/11865606535",
        "addr:street": "Європейська вулиця",
        "amenity": "cafe",
        "check_date": "2024-04-29",
        "cuisine": "coffee_shop",
        "internet_access": "yes",
        "internet_access:fee": "no",
        "level": "1",
        "name": "Coffee BLiss",
        "name:en": "Coffee BLiss",
        "name:uk": "Coffee BLiss",
        "outdoor_seating": "yes",
        "payment:american_express": "yes",
        "payment:cards": "yes",
        "payment:cash": "yes",
        "payment:contactless": "yes",
        "payment:credit_cards": "yes",
        "payment:debit_cards": "yes",
        "payment:maestro": "yes",
        "payment:mastercard": "yes",
        "payment:visa": "yes",
        "takeaway": "yes",
        "website": "https://www.instagram.com/coffee.bliss.od/"
      },
      "geometry": {
        "type": "Point",
        "coordinates": [
          30.7374424,
          46.4732759
        ]
      },
      "id": "node/11865606535"
    },
    {
      "type": "Feature",
      "properties": {
        "@id": "node/11888031253",
        "amenity": "restaurant",
        "check_date": "2024-05-05",
        "cuisine": "pizza",
        "name": "Італійський квартал"
      },
      "geometry": {
        "type": "Point",
        "coordinates": [
          30.7510538,
          46.4269047
        ]
      },
      "id": "node/11888031253"
    },
    {
      "type": "Feature",
      "properties": {
        "@id": "node/11897183295",
        "amenity": "restaurant",
        "check_date": "2024-05-02",
        "cuisine": "sushi",
        "name": "Tokyo Sushi",
        "name:en": "Tokyo Sushi",
        "wheelchair": "no"
      },
      "geometry": {
        "type": "Point",
        "coordinates": [
          28.8180235,
          45.3574521
        ]
      },
      "id": "node/11897183295"
    },
    {
      "type": "Feature",
      "properties": {
        "@id": "node/11976130733",
        "addr:housenumber": "68",
        "addr:street": "вулиця Семена Палія",
        "amenity": "cafe",
        "cuisine": "coffee_shop",
        "name": "Budka"
      },
      "geometry": {
        "type": "Point",
        "coordinates": [
          30.7881692,
          46.5663532
        ]
      },
      "id": "node/11976130733"
    },
    {
      "type": "Feature",
      "properties": {
        "@id": "node/11976241782",
        "amenity": "cafe",
        "cuisine": "coffee_shop",
        "name": "СанЛав"
      },
      "geometry": {
        "type": "Point",
        "coordinates": [
          30.8061918,
          46.5745774
        ]
      },
      "id": "node/11976241782"
    },
    {
      "type": "Feature",
      "properties": {
        "@id": "node/11976241789",
        "amenity": "cafe",
        "cuisine": "coffee_shop",
        "name": "kavomolka"
      },
      "geometry": {
        "type": "Point",
        "coordinates": [
          30.8072316,
          46.5749364
        ]
      },
      "id": "node/11976241789"
    },
    {
      "type": "Feature",
      "properties": {
        "@id": "node/11976241792",
        "amenity": "restaurant",
        "cuisine": "pizza"
      },
      "geometry": {
        "type": "Point",
        "coordinates": [
          30.8034657,
          46.5847824
        ]
      },
      "id": "node/11976241792"
    },
    {
      "type": "Feature",
      "properties": {
        "@id": "node/12015220310",
        "addr:housenumber": "50",
        "addr:street": "вулиця Владислава Бувалкіна",
        "contact:instagram": "https://www.instagram.com/museum.nauki.od/",
        "museum": "science",
        "name": "Музей Науки",
        "name:uk": "Музей Науки",
        "opening_hours": "We-Fr 16:00-19:00; Sa-Su 11:00-19:00",
        "tourism": "museum",
        "website": "https://mn.od.ua/"
      },
      "geometry": {
        "type": "Point",
        "coordinates": [
          30.808898,
          46.5835815
        ]
      },
      "id": "node/12015220310"
    },
    {
      "type": "Feature",
      "properties": {
        "@id": "node/12015221124",
        "amenity": "cafe",
        "cuisine": "coffee_shop",
        "name": "kavomolka"
      },
      "geometry": {
        "type": "Point",
        "coordinates": [
          30.7906734,
          46.5786387
        ]
      },
      "id": "node/12015221124"
    },
    {
      "type": "Feature",
      "properties": {
        "@id": "node/12015221126",
        "amenity": "restaurant",
        "contact:instagram": "https://www.instagram.com/staryi_tbilisi",
        "cuisine": "georgian",
        "name": "Старий Тбілісі"
      },
      "geometry": {
        "type": "Point",
        "coordinates": [
          30.7855062,
          46.5816885
        ]
      },
      "id": "node/12015221126"
    },
    {
      "type": "Feature",
      "properties": {
        "@id": "node/12034137477",
        "air_conditioning": "yes",
        "amenity": "cafe",
        "check_date": "2024-08-27",
        "contact:instagram": "https://www.instagram.com/3efir_coffee",
        "contact:phone": "+380 63 398 8007",
        "cuisine": "coffee_shop",
        "email": "zefir76767@gmail.com",
        "level": "0",
        "name": "Zefir",
        "name:en": "Zefir",
        "opening_hours": "07:30-22:00",
        "outdoor_seating": "yes",
        "payment:cash": "yes",
        "payment:mastercard": "yes",
        "payment:visa": "yes",
        "source": "survey",
        "start_date": "2024-08-26",
        "takeaway": "yes",
        "wheelchair": "yes"
      },
      "geometry": {
        "type": "Point",
        "coordinates": [
          28.8314624,
          45.3543572
        ]
      },
      "id": "node/12034137477"
    },
    {
      "type": "Feature",
      "properties": {
        "@id": "node/12038289012",
        "amenity": "cafe",
        "contact:instagram": "https://www.instagram.com/shopot_coffee_od/",
        "cuisine": "coffee_shop",
        "name": "Shopot"
      },
      "geometry": {
        "type": "Point",
        "coordinates": [
          30.7995776,
          46.5699922
        ]
      },
      "id": "node/12038289012"
    },
    {
      "type": "Feature",
      "properties": {
        "@id": "node/12061110153",
        "amenity": "restaurant",
        "cuisine": "international"
      },
      "geometry": {
        "type": "Point",
        "coordinates": [
          30.5250318,
          46.1369391
        ]
      },
      "id": "node/12061110153"
    },
    {
      "type": "Feature",
      "properties": {
        "@id": "node/12063797050",
        "amenity": "cafe",
        "check_date": "2024-07-22",
        "cuisine": "coffee_shop",
        "name": "Bessarabski Tato",
        "name:en": "Bessarabski Tato",
        "wheelchair": "no"
      },
      "geometry": {
        "type": "Point",
        "coordinates": [
          28.8342447,
          45.3431426
        ]
      },
      "id": "node/12063797050"
    },
    {
      "type": "Feature",
      "properties": {
        "@id": "node/12104755692",
        "amenity": "cafe",
        "cuisine": "coffee_shop",
        "name": "Вітер",
        "name:en": "Viter Coffee",
        "name:ru": "Ветер",
        "name:uk": "Вітер"
      },
      "geometry": {
        "type": "Point",
        "coordinates": [
          30.7343647,
          46.4870588
        ]
      },
      "id": "node/12104755692"
    },
    {
      "type": "Feature",
      "properties": {
        "@id": "node/12104793548",
        "amenity": "cafe",
        "cuisine": "coffee_shop",
        "name": "Вітер",
        "name:en": "Viter Coffee",
        "name:ru": "Ветер",
        "name:uk": "Вітер"
      },
      "geometry": {
        "type": "Point",
        "coordinates": [
          30.7475604,
          46.476251
        ]
      },
      "id": "node/12104793548"
    },
    {
      "type": "Feature",
      "properties": {
        "@id": "node/12270608501",
        "amenity": "restaurant",
        "cuisine": "vietnamese",
        "internet_access": "wlan",
        "name": "Кім Кафе",
        "name:en": "Vietnamese cafe",
        "name:ru": "Ким Кафе"
      },
      "geometry": {
        "type": "Point",
        "coordinates": [
          30.6368586,
          46.4416863
        ]
      },
      "id": "node/12270608501"
    },
    {
      "type": "Feature",
      "properties": {
        "@id": "node/12282210486",
        "amenity": "cafe",
        "building": "kiosk",
        "building:levels": "1",
        "building:material": "plaster",
        "check_date": "2025-01-12",
        "cuisine": "coffee_shop",
        "name": "Coffee Raw",
        "name:en": "Coffee Raw",
        "opening_hours": "08:00-21:00"
      },
      "geometry": {
        "type": "Point",
        "coordinates": [
          28.8351279,
          45.3438845
        ]
      },
      "id": "node/12282210486"
    },
    {
      "type": "Feature",
      "properties": {
        "@id": "node/12282367653",
        "amenity": "cafe",
        "name": "Боні і Клайд"
      },
      "geometry": {
        "type": "Point",
        "coordinates": [
          30.7232395,
          46.4366317
        ]
      },
      "id": "node/12282367653"
    },
    {
      "type": "Feature",
      "properties": {
        "@id": "node/12374247455",
        "addr:housenumber": "54",
        "addr:postcode": "67701",
        "addr:street": "Михайлівська вулиця",
        "air_conditioning": "yes",
        "amenity": "restaurant",
        "cuisine": "pizza;sushi;coffee_shop",
        "name": "VITALIANO",
        "opening_hours": "Mo-Su,PH 09:30-22:00",
        "toilets": "yes",
        "website": "https://www.instagram.com/pizza_vitaliano_bd"
      },
      "geometry": {
        "type": "Point",
        "coordinates": [
          30.3492627,
          46.1946787
        ]
      },
      "id": "node/12374247455"
    },
    {
      "type": "Feature",
      "properties": {
        "@id": "node/12434091105",
        "air_conditioning": "yes",
        "amenity": "cafe",
        "bar": "no",
        "changing_table": "no",
        "check_date": "2024-12-19",
        "cuisine": "coffee_shop",
        "drive_through": "no",
        "highchair": "no",
        "internet_access": "wlan",
        "internet_access:fee": "no",
        "name": "Merry Berry",
        "name:en": "Merry Berry",
        "opening_hours": "09:00-21:00",
        "outdoor_seating": "no",
        "payment:cash": "yes",
        "payment:mastercard": "yes",
        "payment:visa": "yes",
        "smoking": "no",
        "source": "survey",
        "start_date": "2024-12-18",
        "takeaway": "yes",
        "toilets": "yes",
        "wheelchair": "yes"
      },
      "geometry": {
        "type": "Point",
        "coordinates": [
          28.8361301,
          45.3457866
        ]
      },
      "id": "node/12434091105"
    },
    {
      "type": "Feature",
      "properties": {
        "@id": "node/12441850716",
        "amenity": "cafe",
        "check_date": "2024-12-22",
        "name": "Тетяна",
        "name:ru": "Татьяна",
        "name:uk": "Тетяна",
        "old_name": "Татьяна",
        "opening_hours": "09:00-17:00"
      },
      "geometry": {
        "type": "Point",
        "coordinates": [
          28.8332678,
          45.3381082
        ]
      },
      "id": "node/12441850716"
    },
    {
      "type": "Feature",
      "properties": {
        "@id": "node/12451541948",
        "amenity": "cafe",
        "cuisine": "juice;tea",
        "name": "Колосок"
      },
      "geometry": {
        "type": "Point",
        "coordinates": [
          31.0939023,
          47.2321245
        ]
      },
      "id": "node/12451541948"
    },
    {
      "type": "Feature",
      "properties": {
        "@id": "node/12451541949",
        "amenity": "cafe",
        "name": "Уют"
      },
      "geometry": {
        "type": "Point",
        "coordinates": [
          31.0946026,
          47.2279379
        ]
      },
      "id": "node/12451541949"
    },
    {
      "type": "Feature",
      "properties": {
        "@id": "node/12451541950",
        "amenity": "cafe",
        "name": "Школярик"
      },
      "geometry": {
        "type": "Point",
        "coordinates": [
          31.0980762,
          47.2259111
        ]
      },
      "id": "node/12451541950"
    },
    {
      "type": "Feature",
      "properties": {
        "@id": "node/12451541952",
        "amenity": "cafe",
        "name": "Віраж"
      },
      "geometry": {
        "type": "Point",
        "coordinates": [
          31.0918063,
          47.2314733
        ]
      },
      "id": "node/12451541952"
    },
    {
      "type": "Feature",
      "properties": {
        "@id": "node/12464896268",
        "addr:floor": "1",
        "amenity": "restaurant",
        "backup_generator": "yes",
        "check_date": "2025-06-04",
        "contact:instagram": "https://www.instagram.com/woof_sushi_od",
        "cuisine": "sushi",
        "delivery": "yes",
        "level": "0",
        "name": "Woof sushi",
        "opening_hours": "11:00-22:00",
        "outdoor_seating": "no",
        "phone": "+380 93 000 3006",
        "takeaway": "yes",
        "website": "https://woof-sushi.com",
        "wheelchair": "limited"
      },
      "geometry": {
        "type": "Point",
        "coordinates": [
          30.7295401,
          46.4260811
        ]
      },
      "id": "node/12464896268"
    },
    {
      "type": "Feature",
      "properties": {
        "@id": "node/12483608159",
        "amenity": "cafe",
        "name": "You cake"
      },
      "geometry": {
        "type": "Point",
        "coordinates": [
          30.7498017,
          46.4428603
        ]
      },
      "id": "node/12483608159"
    },
    {
      "type": "Feature",
      "properties": {
        "@id": "node/12483608164",
        "amenity": "cafe",
        "indoor_seating": "no"
      },
      "geometry": {
        "type": "Point",
        "coordinates": [
          30.7500699,
          46.4450634
        ]
      },
      "id": "node/12483608164"
    },
    {
      "type": "Feature",
      "properties": {
        "@id": "node/12483608169",
        "amenity": "cafe",
        "indoor_seating": "no"
      },
      "geometry": {
        "type": "Point",
        "coordinates": [
          30.7500357,
          46.4449941
        ]
      },
      "id": "node/12483608169"
    },
    {
      "type": "Feature",
      "properties": {
        "@id": "node/12483608170",
        "amenity": "cafe",
        "indoor_seating": "no"
      },
      "geometry": {
        "type": "Point",
        "coordinates": [
          30.7500102,
          46.4450237
        ]
      },
      "id": "node/12483608170"
    },
    {
      "type": "Feature",
      "properties": {
        "@id": "node/12495607956",
        "amenity": "cafe"
      },
      "geometry": {
        "type": "Point",
        "coordinates": [
          30.748134,
          46.433885
        ]
      },
      "id": "node/12495607956"
    },
    {
      "type": "Feature",
      "properties": {
        "@id": "node/12495607960",
        "amenity": "cafe"
      },
      "geometry": {
        "type": "Point",
        "coordinates": [
          30.74784,
          46.4344843
        ]
      },
      "id": "node/12495607960"
    },
    {
      "type": "Feature",
      "properties": {
        "@id": "node/12495607966",
        "amenity": "cafe",
        "name": "Еко-маркет",
        "shop": "health_food"
      },
      "geometry": {
        "type": "Point",
        "coordinates": [
          30.7480495,
          46.4346854
        ]
      },
      "id": "node/12495607966"
    },
    {
      "type": "Feature",
      "properties": {
        "@id": "node/12512426000",
        "historic": "monument",
        "name": "Загиблим односельцям"
      },
      "geometry": {
        "type": "Point",
        "coordinates": [
          29.8625731,
          47.1977432
        ]
      },
      "id": "node/12512426000"
    },
    {
      "type": "Feature",
      "properties": {
        "@id": "node/12513809252",
        "addr:floor": "1",
        "amenity": "cafe",
        "level": "0",
        "outdoor_seating": "yes"
      },
      "geometry": {
        "type": "Point",
        "coordinates": [
          30.7454847,
          46.4327375
        ]
      },
      "id": "node/12513809252"
    },
    {
      "type": "Feature",
      "properties": {
        "@id": "node/12532774902",
        "addr:housenumber": "98",
        "addr:street": "вулиця Богдана Хмельницького",
        "amenity": "cafe",
        "cuisine": "american;arab;burger;coffee_shop;grill;hotdog;oriental",
        "email": "vlads0303@gmail.com",
        "internet_access": "wlan",
        "opening_hours": "Mo-Su 08:00-23:00",
        "phone": "+380673181997",
        "website": "https://shaurma-na-bogdana-hmelnickogo.choiceqr.com/"
      },
      "geometry": {
        "type": "Point",
        "coordinates": [
          30.7141132,
          46.4633085
        ]
      },
      "id": "node/12532774902"
    },
    {
      "type": "Feature",
      "properties": {
        "@id": "node/12567443131",
        "amenity": "cafe",
        "level": "0",
        "name": "Штрудель",
        "shop": "pastry"
      },
      "geometry": {
        "type": "Point",
        "coordinates": [
          30.7584237,
          46.4208585
        ]
      },
      "id": "node/12567443131"
    },
    {
      "type": "Feature",
      "properties": {
        "@id": "node/12579120122",
        "amenity": "cafe",
        "cuisine": "coffee_shop"
      },
      "geometry": {
        "type": "Point",
        "coordinates": [
          30.6621381,
          46.2958411
        ]
      },
      "id": "node/12579120122"
    },
    {
      "type": "Feature",
      "properties": {
        "@id": "node/12612963682",
        "historic": "monument"
      },
      "geometry": {
        "type": "Point",
        "coordinates": [
          29.9652193,
          47.3591116
        ]
      },
      "id": "node/12612963682"
    },
    {
      "type": "Feature",
      "properties": {
        "@id": "node/12628681015",
        "amenity": "cafe",
        "name": "Івушка"
      },
      "geometry": {
        "type": "Point",
        "coordinates": [
          29.4573594,
          47.5431364
        ]
      },
      "id": "node/12628681015"
    },
    {
      "type": "Feature",
      "properties": {
        "@id": "node/12657833667",
        "addr:housenumber": "68",
        "addr:street": "вулиця Новосельського",
        "contact:facebook": "https://www.facebook.com/groups/910239014139439",
        "museum": "living_history",
        "name": "Музей історії Причорноморських німців",
        "name:de": "Museum der Geschichte der Schwarzmeerdeutschen",
        "phone": "+380 97 339 0487",
        "reservation": "required",
        "tourism": "museum"
      },
      "geometry": {
        "type": "Point",
        "coordinates": [
          30.7239063,
          46.4828335
        ]
      },
      "id": "node/12657833667"
    },
    {
      "type": "Feature",
      "properties": {
        "@id": "node/12676758392",
        "amenity": "cafe",
        "bar": "no",
        "contact:instagram": "https://www.instagram.com/magic_ofcoffee/",
        "cuisine": "coffee_shop",
        "name": "Magic of Coffee",
        "name:en": "Magic of Coffee",
        "source": "survey",
        "takeaway": "yes"
      },
      "geometry": {
        "type": "Point",
        "coordinates": [
          28.8364416,
          45.3435744
        ]
      },
      "id": "node/12676758392"
    },
    {
      "type": "Feature",
      "properties": {
        "@id": "node/12749365753",
        "historic": "monument"
      },
      "geometry": {
        "type": "Point",
        "coordinates": [
          29.9390162,
          47.181674
        ]
      },
      "id": "node/12749365753"
    },
    {
      "type": "Feature",
      "properties": {
        "@id": "node/12811230951",
        "historic": "monument"
      },
      "geometry": {
        "type": "Point",
        "coordinates": [
          29.902515,
          47.4468709
        ]
      },
      "id": "node/12811230951"
    },
    {
      "type": "Feature",
      "properties": {
        "@id": "node/12841387900",
        "name": "Potemkinn Hotel",
        "tourism": "hotel"
      },
      "geometry": {
        "type": "Point",
        "coordinates": [
          30.7346183,
          46.4866832
        ]
      },
      "id": "node/12841387900"
    },
    {
      "type": "Feature",
      "properties": {
        "@id": "node/12880289522",
        "addr:floor": "1",
        "amenity": "cafe",
        "cuisine": "coffee_shop",
        "level": "1",
        "name": "Turkish Coffee"
      },
      "geometry": {
        "type": "Point",
        "coordinates": [
          30.7252702,
          46.4134638
        ]
      },
      "id": "node/12880289522"
    },
    {
      "type": "Feature",
      "properties": {
        "@id": "node/12894098943",
        "amenity": "cafe"
      },
      "geometry": {
        "type": "Point",
        "coordinates": [
          30.7252072,
          46.4128291
        ]
      },
      "id": "node/12894098943"
    },
    {
      "type": "Feature",
      "properties": {
        "@id": "node/12952258955",
        "amenity": "cafe",
        "building": "kiosk",
        "building:levels": "1",
        "indoor_seating": "no",
        "toilets": "no"
      },
      "geometry": {
        "type": "Point",
        "coordinates": [
          30.7323539,
          46.4362959
        ]
      },
      "id": "node/12952258955"
    },
    {
      "type": "Feature",
      "properties": {
        "@id": "node/13024485629",
        "amenity": "cafe",
        "building": "kiosk",
        "building:levels": "1",
        "indoor_seating": "no"
      },
      "geometry": {
        "type": "Point",
        "coordinates": [
          30.7368755,
          46.4698746
        ]
      },
      "id": "node/13024485629"
    },
    {
      "type": "Feature",
      "properties": {
        "@id": "node/13056334686",
        "amenity": "restaurant",
        "cuisine": "georgian",
        "name": "Хінкальна"
      },
      "geometry": {
        "type": "Point",
        "coordinates": [
          30.7604281,
          46.4336865
        ]
      },
      "id": "node/13056334686"
    },
    {
      "type": "Feature",
      "properties": {
        "@id": "node/13061889722",
        "addr:floor": "1",
        "amenity": "restaurant",
        "check_date": "2025-12-04",
        "level": "0",
        "name": "La Trattoria"
      },
      "geometry": {
        "type": "Point",
        "coordinates": [
          30.7313977,
          46.3871594
        ]
      },
      "id": "node/13061889722"
    },
    {
      "type": "Feature",
      "properties": {
        "@id": "node/13061889736",
        "amenity": "cafe",
        "brand": "Aroma Kava",
        "brand:wikidata": "Q102175745",
        "cuisine": "coffee_shop",
        "name": "Aroma Kava",
        "takeaway": "yes"
      },
      "geometry": {
        "type": "Point",
        "coordinates": [
          30.7315063,
          46.3869249
        ]
      },
      "id": "node/13061889736"
    },
    {
      "type": "Feature",
      "properties": {
        "@id": "node/13063661701",
        "addr:housenumber": "82/3",
        "addr:street": "Французький бульвар",
        "amenity": "restaurant",
        "cuisine": "fish;greek;mediterranean",
        "internet_access": "wlan",
        "name": "Ла Камбала",
        "name:en": "La Cambala",
        "opening_hours": "Su-We 10:00-21:00; Th-Sa 09:00-22:00",
        "phone": "+380670061550"
      },
      "geometry": {
        "type": "Point",
        "coordinates": [
          30.7717265,
          46.440273
        ]
      },
      "id": "node/13063661701"
    },
    {
      "type": "Feature",
      "properties": {
        "@id": "node/13064317201",
        "addr:street": "Траса здоров’я",
        "amenity": "cafe",
        "name": "Буфет на Малому фонтані",
        "opening_hours": "Mo-Su 09:00-21:00",
        "website": "https://bufet-fontan.com.ua/"
      },
      "geometry": {
        "type": "Point",
        "coordinates": [
          30.7715334,
          46.4407026
        ]
      },
      "id": "node/13064317201"
    },
    {
      "type": "Feature",
      "properties": {
        "@id": "node/13078067701",
        "amenity": "restaurant",
        "cuisine": "local;regional",
        "name": "Мамалига",
        "name:en": "Mamalyga",
        "opening_hours": "Mo-Su 11:00-22:00",
        "website": "https://takefive.com.ua/"
      },
      "geometry": {
        "type": "Point",
        "coordinates": [
          30.7390477,
          46.4834191
        ]
      },
      "id": "node/13078067701"
    },
    {
      "type": "Feature",
      "properties": {
        "@id": "node/13078072002",
        "addr:street": "Французький бульвар",
        "amenity": "restaurant",
        "cuisine": "fish;mediterranean;regional",
        "name": "Ла Камбала",
        "name:en": "La Cambala",
        "opening_hours": "Su-We 09:00-21:00; Th-Sa 09:00-22:00"
      },
      "geometry": {
        "type": "Point",
        "coordinates": [
          30.7715824,
          46.440365
        ]
      },
      "id": "node/13078072002"
    },
    {
      "type": "Feature",
      "properties": {
        "@id": "node/13078088701",
        "addr:street": "Траса здоров’я",
        "amenity": "cafe",
        "name": "Буфет на Малому Фонтані",
        "opening_hours": "Mo-Su 08:00-21:00",
        "phone": "068 620 8085",
        "website": "https://bufet-fontan.com.ua/"
      },
      "geometry": {
        "type": "Point",
        "coordinates": [
          30.7715126,
          46.4407016
        ]
      },
      "id": "node/13078088701"
    },
    {
      "type": "Feature",
      "properties": {
        "@id": "node/13082900301",
        "addr:housenumber": "7",
        "addr:street": "Варненская улица",
        "air_conditioning": "yes",
        "amenity": "cafe",
        "name": "Freedom вільна кав'ярня",
        "opening_hours": "Mo-Su 08:00-21:00",
        "outdoor_seating": "yes"
      },
      "geometry": {
        "type": "Point",
        "coordinates": [
          30.7191916,
          46.4270561
        ]
      },
      "id": "node/13082900301"
    },
    {
      "type": "Feature",
      "properties": {
        "@id": "node/13098826601",
        "amenity": "restaurant",
        "cuisine": "pizza",
        "name": "Pizza Italiana Papa",
        "opening_hours": "Mo-Su 10:00-21:30",
        "self_service": "no",
        "website": "https://itpapa.com.ua/"
      },
      "geometry": {
        "type": "Point",
        "coordinates": [
          30.7070329,
          46.4412886
        ]
      },
      "id": "node/13098826601"
    },
    {
      "type": "Feature",
      "properties": {
        "@id": "node/13156024135",
        "addr:housenumber": "8/55",
        "addr:postcode": "65085",
        "addr:street": "Моторна вулиця",
        "amenity": "cafe",
        "name": "Одеська приватна пивоварня"
      },
      "geometry": {
        "type": "Point",
        "coordinates": [
          30.6445685,
          46.4792889
        ]
      },
      "id": "node/13156024135"
    },
    {
      "type": "Feature",
      "properties": {
        "@id": "node/13175190539",
        "addr:housenumber": "14",
        "addr:street": "вулиця Садова",
        "amenity": "restaurant",
        "name": "Lili",
        "opening_hours": "Mo-Su 10:00-22:00",
        "phone": "+38 (067) 728 14 14",
        "website": "https://www.instagram.com/lili.bistrot/"
      },
      "geometry": {
        "type": "Point",
        "coordinates": [
          30.7295688,
          46.4856134
        ]
      },
      "id": "node/13175190539"
    },
    {
      "type": "Feature",
      "properties": {
        "@id": "node/13176943014",
        "addr:housenumber": "3",
        "addr:street": "Європейська площа",
        "amenity": "restaurant",
        "name": "Чорноморка",
        "phone": "+380970440505"
      },
      "geometry": {
        "type": "Point",
        "coordinates": [
          30.7400867,
          46.4873465
        ]
      },
      "id": "node/13176943014"
    },
    {
      "type": "Feature",
      "properties": {
        "@id": "node/13192552484",
        "amenity": "restaurant",
        "name": "Сканді"
      },
      "geometry": {
        "type": "Point",
        "coordinates": [
          30.7327554,
          46.4914689
        ]
      },
      "id": "node/13192552484"
    },
    {
      "type": "Feature",
      "properties": {
        "@id": "node/13227233485",
        "amenity": "cafe",
        "cuisine": "coffee_shop",
        "name": "Coffee Launge",
        "opening_hours": "Mo-Su 09:00-22:00"
      },
      "geometry": {
        "type": "Point",
        "coordinates": [
          30.739994,
          46.4516798
        ]
      },
      "id": "node/13227233485"
    },
    {
      "type": "Feature",
      "properties": {
        "@id": "node/13269533039",
        "air_conditioning": "yes",
        "amenity": "cafe",
        "outdoor_seating": "yes"
      },
      "geometry": {
        "type": "Point",
        "coordinates": [
          30.7317491,
          46.3864688
        ]
      },
      "id": "node/13269533039"
    },
    {
      "type": "Feature",
      "properties": {
        "@id": "node/13328295801",
        "amenity": "cafe",
        "cuisine": "cake;coffee_shop",
        "name": "SURF",
        "outdoor_seating": "no"
      },
      "geometry": {
        "type": "Point",
        "coordinates": [
          30.7892452,
          46.5660913
        ]
      },
      "id": "node/13328295801"
    },
    {
      "type": "Feature",
      "properties": {
        "@id": "node/13328748506",
        "amenity": "cafe",
        "name": "Merry Berry Cafe"
      },
      "geometry": {
        "type": "Point",
        "coordinates": [
          30.7276949,
          46.4148734
        ]
      },
      "id": "node/13328748506"
    },
    {
      "type": "Feature",
      "properties": {
        "@id": "node/13389309331",
        "addr:floor": "1",
        "amenity": "cafe",
        "check_date": "2025-12-19",
        "level": "0",
        "name": "Make my cake",
        "opening_hours": "09:00-20:00"
      },
      "geometry": {
        "type": "Point",
        "coordinates": [
          30.7262084,
          46.4318113
        ]
      },
      "id": "node/13389309331"
    },
    {
      "type": "Feature",
      "properties": {
        "@id": "node/13410910084",
        "amenity": "internet_cafe",
        "check_date": "2025-12-26",
        "email": "yarwoodlounge@gmail.com",
        "level": "-1"
      },
      "geometry": {
        "type": "Point",
        "coordinates": [
          30.733971,
          46.4085039
        ]
      },
      "id": "node/13410910084"
    },
    {
      "type": "Feature",
      "properties": {
        "@id": "node/13410910087",
        "addr:floor": "1",
        "addr:housenumber": "48/1",
        "addr:street": "вулиця Наукова",
        "amenity": "restaurant",
        "bar": "yes",
        "check_date": "2025-12-27",
        "contact:instagram": "https://www.instagram.com/yarwoodlounge",
        "cuisine": "ukrainian",
        "level": "0",
        "name": "Yar Wood Lounge",
        "opening_hours": "11:00-23:00",
        "payment:cash": "yes",
        "payment:contactless": "yes",
        "payment:mastercard": "yes",
        "payment:visa": "yes",
        "phone": "+380 93 757 7577",
        "surveillance": "indoor",
        "surveillance:type": "camera",
        "toilets:access": "customers",
        "website": "https://yar.choiceqr.com/"
      },
      "geometry": {
        "type": "Point",
        "coordinates": [
          30.7340798,
          46.4084989
        ]
      },
      "id": "node/13410910087"
    },
    {
      "type": "Feature",
      "properties": {
        "@id": "node/13410910090",
        "addr:floor": "1",
        "addr:housenumber": "3",
        "addr:street": "Варненська вулиця",
        "air_conditioning": "yes",
        "amenity": "cafe",
        "backup_generator": "yes",
        "check_date": "2025-12-27",
        "contact:instagram": "https://www.instagram.com/hope.coffee.spot",
        "level": "0",
        "name": "hope",
        "opening_hours": "08:00-21:00",
        "outdoor_seating": "yes",
        "phone": "+380 68 096 2837",
        "wheelchair": "no"
      },
      "geometry": {
        "type": "Point",
        "coordinates": [
          30.7240503,
          46.4307208
        ]
      },
      "id": "node/13410910090"
    },
    {
      "type": "Feature",
      "properties": {
        "@id": "node/13410910096",
        "addr:floor": "1",
        "amenity": "cafe",
        "check_date": "2025-12-27",
        "level": "0",
        "outdoor_seating": "no"
      },
      "geometry": {
        "type": "Point",
        "coordinates": [
          30.7085906,
          46.4343551
        ]
      },
      "id": "node/13410910096"
    },
    {
      "type": "Feature",
      "properties": {
        "@id": "node/13429326369",
        "amenity": "cafe",
        "backup_generator": "yes",
        "brand": "Lavazza",
        "brand:wikidata": "Q543750",
        "building": "yes",
        "building:levels": "1",
        "check_date": "2025-12-30",
        "cuisine": "coffee_shop",
        "name": "Lavazza",
        "takeaway": "yes"
      },
      "geometry": {
        "type": "Point",
        "coordinates": [
          30.7172337,
          46.4321466
        ]
      },
      "id": "node/13429326369"
    },
    {
      "type": "Feature",
      "properties": {
        "@id": "node/13429333951",
        "addr:floor": "1",
        "amenity": "restaurant",
        "check_date": "2025-12-31",
        "level": "0",
        "name": "Хінкальня"
      },
      "geometry": {
        "type": "Point",
        "coordinates": [
          30.7384752,
          46.4839241
        ]
      },
      "id": "node/13429333951"
    },
    {
      "type": "Feature",
      "properties": {
        "@id": "node/13429333953",
        "addr:floor": "1",
        "air_conditioning": "yes",
        "amenity": "cafe",
        "check_date": "2026-01-02",
        "email": "cocoabarpassage@gmail.com",
        "internet_access": "wlan",
        "internet_access:fee": "customers",
        "level": "0",
        "name": "Pray Bar",
        "opening_hours": "Mo-Th 11:00-21:00; Fr 11:00-22:00; Sa-Su 10:00-22:00",
        "outdoor_seating": "yes",
        "payment:cash": "yes",
        "phone": "+380 95 510 3792",
        "website": "https://pray.choiceqr.com",
        "wheelchair": "no"
      },
      "geometry": {
        "type": "Point",
        "coordinates": [
          30.7331594,
          46.4839472
        ]
      },
      "id": "node/13429333953"
    },
    {
      "type": "Feature",
      "properties": {
        "@id": "node/13433163718",
        "addr:floor": "1",
        "addr:housenumber": "10",
        "addr:street": "вулиця Леха Качинського",
        "amenity": "restaurant",
        "bar": "yes",
        "check_date": "2026-01-05",
        "contact:instagram": "https://www.instagram.com/elissarestaurant",
        "cuisine": "italian",
        "level": "0",
        "name": "Elissa restaurant",
        "opening_hours": "12:00-22:00",
        "payment:cash": "yes",
        "payment:mastercard": "yes",
        "payment:visa": "yes",
        "phone": "+380 99 111 5331",
        "reservation": "yes",
        "website": "https://decameron.choiceqr.com/section:elissa-restaurant-menu",
        "wheelchair": "no"
      },
      "geometry": {
        "type": "Point",
        "coordinates": [
          30.7445307,
          46.4813991
        ]
      },
      "id": "node/13433163718"
    },
    {
      "type": "Feature",
      "properties": {
        "@id": "node/13463687901",
        "addr:housenumber": "221б",
        "addr:postcode": "67820",
        "addr:street": "Центральна вулиця",
        "internet_access": "wlan",
        "name": "Silveroks Hotel & Apartments",
        "opening_hours": "24/7",
        "phone": "097 590 9989",
        "tourism": "hotel"
      },
      "geometry": {
        "type": "Point",
        "coordinates": [
          30.6121437,
          46.4321821
        ]
      },
      "id": "node/13463687901"
    },
    {
      "type": "Feature",
      "properties": {
        "@id": "node/13464677147",
        "addr:floor": "1",
        "amenity": "restaurant",
        "check_date": "2026-01-18",
        "cuisine": "sushi",
        "level": "0"
      },
      "geometry": {
        "type": "Point",
        "coordinates": [
          30.7298671,
          46.4270895
        ]
      },
      "id": "node/13464677147"
    },
    {
      "type": "Feature",
      "properties": {
        "@id": "node/13469557856",
        "name": "Музейний комплекс",
        "tourism": "museum"
      },
      "geometry": {
        "type": "Point",
        "coordinates": [
          28.5772223,
          45.5075086
        ]
      },
      "id": "node/13469557856"
    },
    {
      "type": "Feature",
      "properties": {
        "@id": "node/13471336361",
        "addr:floor": "1",
        "amenity": "cafe",
        "check_date": "2026-01",
        "level": "0"
      },
      "geometry": {
        "type": "Point",
        "coordinates": [
          30.7151449,
          46.4275251
        ]
      },
      "id": "node/13471336361"
    },
    {
      "type": "Feature",
      "properties": {
        "@id": "node/13524834136",
        "amenity": "cafe",
        "name": "Brutal black"
      },
      "geometry": {
        "type": "Point",
        "coordinates": [
          30.7224338,
          46.4336266
        ]
      },
      "id": "node/13524834136"
    },
    {
      "type": "Feature",
      "properties": {
        "@id": "node/13526144058",
        "amenity": "cafe",
        "name": "BAGETTA"
      },
      "geometry": {
        "type": "Point",
        "coordinates": [
          28.8376906,
          45.3413994
        ]
      },
      "id": "node/13526144058"
    },
    {
      "type": "Feature",
      "properties": {
        "@id": "node/13556526350",
        "amenity": "cafe",
        "name": "Kraft kava",
        "opening_hours": "08:00-20:00"
      },
      "geometry": {
        "type": "Point",
        "coordinates": [
          30.7235013,
          46.4362755
        ]
      },
      "id": "node/13556526350"
    },
    {
      "type": "Feature",
      "properties": {
        "@id": "node/13570545354",
        "air_conditioning": "yes",
        "amenity": "cafe",
        "name": "Madam pie",
        "outdoor_seating": "yes"
      },
      "geometry": {
        "type": "Point",
        "coordinates": [
          30.7175756,
          46.4322369
        ]
      },
      "id": "node/13570545354"
    },
    {
      "type": "Feature",
      "properties": {
        "@id": "node/13609832962",
        "amenity": "cafe",
        "name": "Molti",
        "outdoor_seating": "yes",
        "smoking": "no"
      },
      "geometry": {
        "type": "Point",
        "coordinates": [
          30.7371169,
          46.4369285
        ]
      },
      "id": "node/13609832962"
    },
    {
      "type": "Feature",
      "properties": {
        "@id": "node/13630546767",
        "air_conditioning": "yes",
        "amenity": "cafe",
        "backup_generator": "yes",
        "name": "Кава & Круасани",
        "outdoor_seating": "yes"
      },
      "geometry": {
        "type": "Point",
        "coordinates": [
          30.7350187,
          46.4371258
        ]
      },
      "id": "node/13630546767"
    },
    {
      "type": "Feature",
      "properties": {
        "@id": "node/13692078831",
        "amenity": "cafe",
        "name": "Їжачок"
      },
      "geometry": {
        "type": "Point",
        "coordinates": [
          30.5162966,
          46.1300696
        ]
      },
      "id": "node/13692078831"
    },
    {
      "type": "Feature",
      "properties": {
        "@id": "node/13742278850",
        "amenity": "cafe",
        "name": "Trend Food"
      },
      "geometry": {
        "type": "Point",
        "coordinates": [
          30.6594435,
          46.2965608
        ]
      },
      "id": "node/13742278850"
    },
    {
      "type": "Feature",
      "properties": {
        "@id": "node/13796093960",
        "amenity": "cafe",
        "building": "yes",
        "building:levels": "1",
        "check_date": "2026-05-04",
        "name": "Штрудель"
      },
      "geometry": {
        "type": "Point",
        "coordinates": [
          30.7459083,
          46.4367657
        ]
      },
      "id": "node/13796093960"
    },
    {
      "type": "Feature",
      "properties": {
        "@id": "node/13806695975",
        "amenity": "cafe",
        "name": "Штрудель"
      },
      "geometry": {
        "type": "Point",
        "coordinates": [
          30.7536493,
          46.4143501
        ]
      },
      "id": "node/13806695975"
    },
    {
      "type": "Feature",
      "properties": {
        "@id": "node/13809335670",
        "amenity": "cafe"
      },
      "geometry": {
        "type": "Point",
        "coordinates": [
          30.7033116,
          46.433323
        ]
      },
      "id": "node/13809335670"
    },
    {
      "type": "Feature",
      "properties": {
        "@id": "node/13844419566",
        "amenity": "cafe",
        "name": "Кафе",
        "name:uk": "Кафе"
      },
      "geometry": {
        "type": "Point",
        "coordinates": [
          29.4859549,
          45.8383667
        ]
      },
      "id": "node/13844419566"
    },
    {
      "type": "Feature",
      "properties": {
        "@id": "node/13858455585",
        "amenity": "cafe",
        "start_date": "2017"
      },
      "geometry": {
        "type": "Point",
        "coordinates": [
          30.7341027,
          46.4326164
        ]
      },
      "id": "node/13858455585"
    },
    {
      "type": "Feature",
      "properties": {
        "@id": "node/13888869683",
        "amenity": "restaurant",
        "cuisine": "local",
        "name": "Хмільна качка",
        "outdoor_seating": "yes"
      },
      "geometry": {
        "type": "Point",
        "coordinates": [
          30.7400773,
          46.4764724
        ]
      },
      "id": "node/13888869683"
    },
    {
      "type": "Feature",
      "properties": {
        "@id": "node/13897235728",
        "amenity": "cafe",
        "level": "-1",
        "name": "Umi kitchen"
      },
      "geometry": {
        "type": "Point",
        "coordinates": [
          30.7390383,
          46.4769141
        ]
      },
      "id": "node/13897235728"
    },
    {
      "type": "Feature",
      "properties": {
        "@id": "node/13897235733",
        "amenity": "cafe",
        "internet_access": "wlan",
        "name": "Pet friendly cafe",
        "opening_hours": "10:00-20:00"
      },
      "geometry": {
        "type": "Point",
        "coordinates": [
          30.7393049,
          46.4768908
        ]
      },
      "id": "node/13897235733"
    },
    {
      "type": "Feature",
      "properties": {
        "@id": "node/13932442986",
        "amenity": "restaurant"
      },
      "geometry": {
        "type": "Point",
        "coordinates": [
          30.6577899,
          46.2934585
        ]
      },
      "id": "node/13932442986"
    },
    {
      "type": "Feature",
      "properties": {
        "@id": "node/13945926943",
        "amenity": "cafe",
        "level": "-1",
        "name": "Muzone",
        "wheelchair": "no"
      },
      "geometry": {
        "type": "Point",
        "coordinates": [
          30.7310075,
          46.4865165
        ]
      },
      "id": "node/13945926943"
    },
    {
      "type": "Feature",
      "properties": {
        "@id": "node/13965513453",
        "air_conditioning": "yes",
        "amenity": "cafe",
        "name": "Чорна",
        "outdoor_seating": "yes",
        "wheelchair": "no"
      },
      "geometry": {
        "type": "Point",
        "coordinates": [
          30.7200815,
          46.4094642
        ]
      },
      "id": "node/13965513453"
    }
  ]
}